example_id,tag,seed,fraction_on_identity,true_label,pred_label,pred_prob
1188204586290561026,cciv2,42,0.08583991265297809,1,1,0.7943745255470276
1393758809622032390,cciv2,42,0.0005442397939563889,0,0,0.1850651055574417
1229832103891595264,cciv2,42,0.055534786339578056,0,0,0.18632690608501434
1125194075316064256,cciv2,42,0.048756785357822734,0,1,0.6111451983451843
1523450483053973504,cciv2,42,0.04370220350538165,0,0,0.27451765537261963
1345256046571495424,cciv2,42,0.12461315656230018,0,0,0.19341816008090973
1236714045341929481,cciv2,42,0.1774373165346376,0,0,0.23382212221622467
1394295651266187265,cciv2,42,0.07338842108460945,0,0,0.33520743250846863
1154438465280516096,cciv2,42,0.036054340320561665,0,0,0.17956912517547607
1619516286312263681,cciv2,42,0.09365486109726845,0,0,0.32297125458717346
1396537342085718017,cciv2,42,0.051074455500194973,0,0,0.19464127719402313
1443682627614093314,cciv2,42,0.037465470215677456,0,0,0.2930961549282074
1465147721724178432,cciv2,42,0.008806115076894942,1,1,0.7879945039749146
1255492458164752387,cciv2,42,0.03570681987084266,0,0,0.22148114442825317
1290986576667869185,cciv2,42,0.16500627822177258,0,0,0.2643875181674957
1514288582332145670,cciv2,42,0.032729477980742765,0,0,0.23224300146102905
1272357521324474368,cciv2,42,0.01743518748322091,0,0,0.16834613680839539
1487252560700481537,cciv2,42,0.13949813919133214,0,0,0.30086156725883484
1273740261621809154,cciv2,42,0.014044673695427879,0,0,0.18365734815597534
1317661755363921920,cciv2,42,0.09547867819738001,0,0,0.20709101855754852
1468405253758406661,cciv2,42,0.0009734236896063833,0,0,0.2263156771659851
1514920455643279365,cciv2,42,0.014155943036018357,0,0,0.18257220089435577
1291784215021805569,cciv2,42,0.1625510798217762,0,0,0.2024257332086563
1357469393727365122,cciv2,42,0.057520845668783294,0,0,0.2380666583776474
1248174910977040385,cciv2,42,0.2709575934043668,0,0,0.20940370857715607
1287073267526897666,cciv2,42,0.10419214175334171,0,0,0.24374373257160187
1116066316874670081,cciv2,42,0.11643569620595089,1,1,0.792227566242218
1296511371367124992,cciv2,42,0.024971346565138147,0,0,0.1692451536655426
1345166234330017792,cciv2,42,0.064853074193547,0,0,0.1719447672367096
1245501628112867328,cciv2,42,0.01403729864806802,0,0,0.1787365823984146
1578931526238343168,cciv2,42,0.027528574419050655,0,0,0.29996246099472046
1286957308447260673,cciv2,42,0.1090997942234169,1,1,0.7759137153625488
1393552840891719685,cciv2,42,0.01222950950824733,0,0,0.18146423995494843
1262815859732611075,cciv2,42,0.11157253755332248,1,1,0.681445837020874
1599404086688092160,cciv2,42,0.12914770696079098,0,0,0.3117940127849579
1648029372983439367,cciv2,42,0.01995210790906989,0,0,0.16854320466518402
1265957010501230593,cciv2,42,0.10078755279509223,0,0,0.2316102385520935
1246464469087256576,cciv2,42,0.03292298964512281,1,0,0.24348647892475128
1211183459105796098,cciv2,42,0.023067987314992332,0,0,0.18095238506793976
1118338313876844544,cciv2,42,0.14775561931237569,0,0,0.17585709691047668
1135216071525511173,cciv2,42,0.11233729021441494,0,0,0.23265457153320312
1527387745693224986,cciv2,42,0.16186908893828691,0,0,0.20228737592697144
1232990916899561473,cciv2,42,0.2623777760687548,1,1,0.7979269027709961
1345987250904068096,cciv2,42,0.09484636904999609,0,0,0.18696387112140656
1546816084149501953,cciv2,42,0.0029883163347138152,0,0,0.18200717866420746
1457806433853005827,cciv2,42,0.014688588214850742,0,0,0.2129182368516922
1402937907342544899,cciv2,42,0.02329645087970002,0,0,0.21891313791275024
1603080434526859264,cciv2,42,0.10921607371223935,0,0,0.2341482937335968
1109748138515054592,cciv2,42,0.08163919809626544,1,1,0.7960790395736694
1488409288750284801,cciv2,42,0.014109465060204827,0,0,0.18682372570037842
1532553712199245827,cciv2,42,0.1438770936086802,0,0,0.3722551167011261
1491463980329570304,cciv2,42,0.02315970381012396,0,0,0.19513194262981415
1611222836924010498,cciv2,42,0.07492121408188039,0,0,0.1964910328388214
1537808851155795975,cciv2,42,0.009656624790813507,0,0,0.21295703947544098
1630179384375263232,cciv2,42,0.03788932636957515,0,0,0.1872885525226593
1393745779857272832,cciv2,42,0.07468044039613882,1,1,0.7762405276298523
1509126359607660551,cciv2,42,0.06505682144093776,0,0,0.186573326587677
1126878156294586368,cciv2,42,0.0020439032945430077,0,0,0.1948816329240799
1225297729506594818,cciv2,42,0.05744143846473351,0,0,0.39074084162712097
1394107831834476547,cciv2,42,0.024636360551613123,0,0,0.30549269914627075
1260269776150159360,cciv2,42,0.20685691999982653,0,0,0.22683392465114594
1488747638602153986,cciv2,42,0.016214513118692632,0,0,0.20056010782718658
1270348242543423488,cciv2,42,0.03131424601994199,0,0,0.22121639549732208
1244176666802479104,cciv2,42,0.04603215816019937,0,0,0.18055176734924316
1539951759405109249,cciv2,42,0.020856577578806282,0,0,0.2408217042684555
1395747592307417092,cciv2,42,0.01784503945327131,0,0,0.3113188147544861
1508152963587579909,cciv2,42,0.07054261352978583,0,0,0.16316677629947662
1224025761092448257,cciv2,42,0.06955253240912991,0,0,0.3459254205226898
1263867135194996737,cciv2,42,0.0031885800886017864,0,0,0.18367405235767365
1577071902572818434,cciv2,42,0.09427795691920436,0,0,0.20981855690479279
1508857749089787912,cciv2,42,0.07047780334763082,0,0,0.17092636227607727
1224373966363512833,cciv2,42,0.015879318297419426,0,0,0.1741245687007904
1103282085832343555,cciv2,42,0.04291543497930324,0,0,0.228051096200943
1109170436078817282,cciv2,42,0.06300730791143071,0,0,0.18852630257606506
1098057857482641408,cciv2,42,0.297757331401749,1,1,0.772312581539154
1261011012100198404,cciv2,42,0.0,1,1,0.7955861687660217
1237111189722640385,cciv2,42,0.013290948282841601,0,0,0.1788853406906128
1115609269838024704,cciv2,42,0.1392573257778144,0,0,0.22280973196029663
1293886666080260097,cciv2,42,0.014761628410498969,0,0,0.18015500903129578
1395833782863814657,cciv2,42,0.0,0,0,0.19650110602378845
1247909286568701958,cciv2,42,0.07691919232104028,0,0,0.1845107078552246
1352044283587489792,cciv2,42,0.028149562707738822,0,0,0.18950439989566803
1258110002906136578,cciv2,42,0.046278191738064994,0,0,0.2170064002275467
1461202741666140161,cciv2,42,0.1493373283704552,0,0,0.21270692348480225
1258017440362979332,cciv2,42,0.04989799788443849,0,0,0.18838314712047577
1393327980387131398,cciv2,42,0.01165483229420133,0,0,0.19987879693508148
1648322447089840140,cciv2,42,0.12913402350011258,0,0,0.275216281414032
1356256969359822851,cciv2,42,0.02456992423691397,0,0,0.19531641900539398
1199437211772575744,cciv2,42,0.05008888826313059,0,0,0.19356520473957062
1345112406326915074,cciv2,42,0.012260627609957348,0,0,0.18108119070529938
1345737420101324806,cciv2,42,0.023962169394127982,0,0,0.1946530044078827
1392990438546710533,cciv2,42,0.08936758052500333,0,0,0.32384970784187317
1451592600918663172,cciv2,42,0.03240211030945248,0,0,0.18076691031455994
1547841356113948674,cciv2,42,0.0,0,0,0.17709465324878693
1313636764506968064,cciv2,42,0.05781393475231487,0,0,0.1838437020778656
1354461395862040576,cciv2,42,0.003352528655068635,0,0,0.17555838823318481
1255336798319972356,cciv2,42,0.021325146520996003,0,0,0.18494847416877747
1346224388128051200,cciv2,42,0.05163828635211956,0,0,0.25050458312034607
1193142802965782528,cciv2,42,0.09820812379843713,1,1,0.7891882658004761
1392146737423290368,cciv2,42,0.1370514867986424,0,0,0.24428442120552063
1226462657177210880,cciv2,42,0.2423525946552008,1,0,0.29904207587242126
1345755511002689545,cciv2,42,0.07057318957539202,1,1,0.7563632130622864
1593588138030804992,cciv2,42,0.13876868950065563,0,0,0.19814911484718323
1641175481511714816,cciv2,42,0.0053794221945403465,0,0,0.4344775676727295
1565180170016735233,cciv2,42,0.0,0,0,0.30222252011299133
1577125319710248960,cciv2,42,0.027982435263586427,0,0,0.16687439382076263
1548349221429866498,cciv2,42,0.10580382841190024,0,0,0.2386450469493866
1298217767297003521,cciv2,42,0.1328320012110377,0,0,0.18798334896564484
1124008705845026823,cciv2,42,0.025553108572298033,0,0,0.16636568307876587
1246121373472378880,cciv2,42,0.1970860942660266,1,1,0.6389532685279846
1345778047421562880,cciv2,42,0.020109209007920518,1,1,0.7939123511314392
1444988795108139008,cciv2,42,0.01912826677295336,1,0,0.262271910905838
1275278623860305922,cciv2,42,0.032431765543277175,0,0,0.20899158716201782
1223263760950775808,cciv2,42,0.06645603778667801,0,0,0.25342851877212524
1466446193337196552,cciv2,42,0.023428172883246452,0,0,0.18577812612056732
1512367141198213123,cciv2,42,0.014663771739308188,0,0,0.16553832590579987
1451346708579897345,cciv2,42,0.06369316691256652,0,0,0.18704058229923248
1359732117211668481,cciv2,42,0.028810499732420922,0,0,0.2608761787414551
1204634292044697600,cciv2,42,0.040290957609109626,0,0,0.19811707735061646
1242197959413989377,cciv2,42,0.2073589778747625,0,0,0.22992205619812012
1345415514424750083,cciv2,42,0.010573198638942701,0,0,0.2287093698978424
1628172722969751552,cciv2,42,0.12104364197609163,0,0,0.480568528175354
1123014488888893440,cciv2,42,0.035407044882935015,0,0,0.21041807532310486
1345690021563654144,cciv2,42,0.035921770072103835,0,0,0.21924962103366852
1504459560207147011,cciv2,42,0.0857162087081532,0,0,0.18707074224948883
1507052730803802122,cciv2,42,0.21343484536986157,0,0,0.31315842270851135
1270803144147075075,cciv2,42,0.08355508506566245,1,1,0.7711917757987976
1274310552161079297,cciv2,42,0.05246633303001856,0,0,0.17884615063667297
1564334956100423680,cciv2,42,0.028322656625424956,0,0,0.20544712245464325
1388425054665510912,cciv2,42,0.10833201956461404,0,0,0.22743527591228485
1585359766754586624,cciv2,42,0.019704208527404617,1,1,0.7891774773597717
1463617131946205187,cciv2,42,0.1561588884026339,1,0,0.43215489387512207
1222296463822049281,cciv2,42,0.08657797732742208,0,0,0.20226655900478363
1218986472197566464,cciv2,42,0.0901215628266189,0,0,0.267800897359848
1594755480441733131,cciv2,42,0.516349916336543,1,1,0.5073940753936768
1508215661482463238,cciv2,42,0.009223544069899755,0,0,0.28009697794914246
1216725210507902979,cciv2,42,0.007973682453619183,0,0,0.197562575340271
1192249138957582338,cciv2,42,0.0820730996189326,0,0,0.17290373146533966
1452130397932998657,cciv2,42,0.011400019360098554,0,0,0.20737993717193604
1117368474597318661,cciv2,42,0.028890837116552555,0,0,0.19059576094150543
1491416161812361216,cciv2,42,0.011193918460882989,0,0,0.33943280577659607
1307141355915927553,cciv2,42,0.1091262930963536,1,1,0.6014529466629028
1519509018271789056,cciv2,42,0.0,0,0,0.30072861909866333
1482268883465777157,cciv2,42,0.03177696932334699,0,0,0.22236916422843933
1291416524264222721,cciv2,42,0.005824552210772997,0,0,0.20724734663963318
1530459713028390913,cciv2,42,0.0798662749398291,0,0,0.19735071063041687
1606670420719067139,cciv2,42,0.015426304350165475,1,0,0.1830940693616867
1514890228493963265,cciv2,42,0.0,0,0,0.19608323276042938
1499672184414998536,cciv2,42,0.011651098363274002,0,0,0.19288747012615204
1347316666028478466,cciv2,42,0.11825078711616409,0,0,0.2249942421913147
1648058784890372097,cciv2,42,0.004366499938209351,0,0,0.1799376904964447
1227781168109506560,cciv2,42,0.06582658872146031,0,0,0.2089373618364334
1379807592143290370,cciv2,42,0.009019905908656546,0,0,0.1678384393453598
1487026637099126784,cciv2,42,0.006726281613634893,0,0,0.20182979106903076
1355165540453642240,cciv2,42,0.038259316068426676,0,0,0.1883842498064041
1298413749121024004,cciv2,42,0.1888588612995519,0,0,0.286431223154068
1575263521750847491,cciv2,42,0.0,0,0,0.23113295435905457
1233438028846125058,cciv2,42,0.03090941950938281,0,0,0.20957474410533905
1628082486772215841,cciv2,42,0.018022551578657803,0,0,0.27041637897491455
1399046300872675328,cciv2,42,0.02038526321803008,0,0,0.22818849980831146
1259954791591133185,cciv2,42,0.04810649661727751,1,0,0.19335347414016724
1586732526223040512,cciv2,42,0.005206643837973227,0,0,0.22525732219219208
1445380143384514561,cciv2,42,0.02163306508368566,0,0,0.17859096825122833
1498475514394288129,cciv2,42,0.004649502600451795,0,0,0.16603626310825348
1190205141380583424,cciv2,42,0.16552992475591702,1,1,0.7902278900146484
1377716013916172292,cciv2,42,0.06431036971418827,0,0,0.1661538928747177
1355641493956874241,cciv2,42,0.02513371458447522,0,0,0.2292843908071518
1393667052968333318,cciv2,42,0.10307549148407923,0,1,0.5939033627510071
1587412786375557120,cciv2,42,0.07118003546857188,1,1,0.7605561017990112
1300489088198496258,cciv2,42,0.034053714863276845,0,0,0.19134074449539185
1637493415016296449,cciv2,42,0.024718398974329148,0,0,0.1800202578306198
1380751228171354112,cciv2,42,0.021325950552388295,0,0,0.17326267063617706
1120860417645895680,cciv2,42,0.16627698342278704,1,1,0.7664024829864502
1319668055367208961,cciv2,42,0.01755171647947008,0,0,0.17966242134571075
1392520237539549188,cciv2,42,0.08112275342397825,0,0,0.18371517956256866
1397398267806236676,cciv2,42,0.09345405614798168,0,0,0.19288477301597595
1407216852875452443,cciv2,42,0.005157897585503588,0,0,0.2177281677722931
1393616932696432640,cciv2,42,0.11677703708778918,0,0,0.18754084408283234
1445042996408246275,cciv2,42,0.040165388733110804,1,1,0.7731642723083496
1592051401177591808,cciv2,42,0.024908794710165865,1,0,0.17376300692558289
1297284021282537472,cciv2,42,0.004999890817150529,0,0,0.18930736184120178
1639011015076478977,cciv2,42,0.16747029959646728,0,0,0.24757465720176697
1405155653988098056,cciv2,42,0.054388492205443215,0,0,0.18690571188926697
1298280815273672705,cciv2,42,0.054301322799343736,0,0,0.3014048933982849
1600473720186773505,cciv2,42,0.095499709255481,1,1,0.6330026984214783
1469703539081449472,cciv2,42,0.002469820359304996,0,0,0.1657579094171524
1268558839214899201,cciv2,42,0.017401918139085214,0,0,0.227202370762825
1345451046475354112,cciv2,42,0.0014518185649778767,1,1,0.7262505888938904
1270982396121214978,cciv2,42,0.013142013851592835,1,0,0.2142907828092575
1411961344962686978,cciv2,42,0.0036283040323389047,0,0,0.18932512402534485
1276793702472716289,cciv2,42,0.006416527461069035,0,0,0.2072330117225647
1556353135844679680,cciv2,42,0.24264719121216657,0,1,0.7338123917579651
1293954705257684992,cciv2,42,0.04199691436581948,0,0,0.2266383022069931
1171163784762839042,cciv2,42,0.02609456570234646,0,0,0.1725257933139801
1122994928299036677,cciv2,42,0.29315171165139914,1,1,0.7932924032211304
1298402312868724736,cciv2,42,0.010720369744321582,0,0,0.1848773956298828
1286786961542455298,cciv2,42,0.021340557543799425,0,0,0.19255737960338593
1396689194106294278,cciv2,42,0.06986193166480333,0,0,0.23085525631904602
1563287160908042241,cciv2,42,0.12409570409366609,0,0,0.4108779728412628
1541730204648935425,cciv2,42,0.026935073511395822,1,1,0.7880284190177917
1268895623278850050,cciv2,42,0.00031193049385577873,0,0,0.21482717990875244
1451370158367264777,cciv2,42,0.1907781143089756,0,0,0.45268765091896057
1491958977667682308,cciv2,42,0.033176015927067704,0,0,0.20546165108680725
1396966089708425218,cciv2,42,0.033573084393961956,0,0,0.1805320680141449
1442978128394014722,cciv2,42,0.02602325048101606,0,0,0.173248291015625
1458514255716786182,cciv2,42,0.0581288713243726,0,0,0.2510640621185303
1321845326555176960,cciv2,42,0.021525574152572047,0,0,0.20575669407844543
1633559221227642883,cciv2,42,0.10911686681545536,0,0,0.33965665102005005
1586647573368037376,cciv2,42,0.028231592052885564,1,1,0.781336784362793
1241856213811412992,cciv2,42,0.011548397923370946,0,0,0.18260043859481812
1647374538324189184,cciv2,42,0.005067015246796267,0,1,0.7533320784568787
1345235597749854208,cciv2,42,0.02533450393233836,1,1,0.7917402982711792
1239012712673411078,cciv2,42,0.0,0,0,0.4292433261871338
1582437173277601792,cciv2,42,0.12164439664386033,0,0,0.3274908661842346
1120591069526228997,cciv2,42,0.08774580285006049,0,0,0.19130782783031464
1283422598613868546,cciv2,42,0.0020419118383086395,0,0,0.191062331199646
1196747794264051713,cciv2,42,0.060680411079406305,0,0,0.23788250982761383
1300022096064520193,cciv2,42,0.06433900887769023,1,0,0.3019886314868927
1347894076318879744,cciv2,42,0.033401988277145835,0,0,0.24794787168502808
1343348218743164928,cciv2,42,0.025330171982689016,0,0,0.1979624480009079
1288266046248562689,cciv2,42,0.0559843833156913,0,0,0.20083092153072357
1394273212100456448,cciv2,42,0.029980805237606097,1,1,0.7978196740150452
1345212454469566466,cciv2,42,0.014093252156016867,0,0,0.2867022752761841
1316806707725709314,cciv2,42,0.042495318581824766,0,0,0.18833476305007935
1274382276730802176,cciv2,42,0.006268830252927799,0,0,0.3061676025390625
1630353342328107008,cciv2,42,0.11964498716725758,0,0,0.21790774166584015
1518388184870178816,cciv2,42,0.04157147838546502,0,0,0.17354920506477356
1597318794422411265,cciv2,42,0.014137366615091388,0,0,0.21705178916454315
1297728264358813698,cciv2,42,0.02286122964917886,0,0,0.19004715979099274
1092607702524743680,cciv2,42,0.012525786141280677,0,0,0.19603431224822998
1558159706383912964,cciv2,42,0.007465134391025272,0,0,0.1734115481376648
1574261143576535040,cciv2,42,0.03429656858021339,1,1,0.797630786895752
1401102417559580678,cciv2,42,0.031796558755903995,0,0,0.18632280826568604
1308105045452390403,cciv2,42,0.1337107660693792,0,0,0.23803812265396118
1508194787001831431,cciv2,42,0.027305336101115636,0,0,0.2108510136604309
1232601234143678464,cciv2,42,0.1388332372435242,0,1,0.6874657273292542
1283393408778870785,cciv2,42,0.005838105039155749,0,0,0.1916723996400833
1515204878397849601,cciv2,42,0.06282156666443707,0,0,0.16148678958415985
1542274011576602626,cciv2,42,0.03613797746509899,0,1,0.7060356140136719
1293974461662793728,cciv2,42,0.08875114886079438,0,0,0.2990603744983673
1211490408754270210,cciv2,42,0.03851560198012565,0,0,0.18936853110790253
1097212292893196289,cciv2,42,0.428440971458064,1,1,0.7917230129241943
1581970735957872640,cciv2,42,0.2218486047812063,0,0,0.23862603306770325
1225984535046840320,cciv2,42,0.09069221271804988,1,1,0.7185726761817932
1604186809625415680,cciv2,42,0.04626064617365965,0,0,0.17587286233901978
1163972893765775365,cciv2,42,0.07672936380934747,0,0,0.1915959119796753
1341775550189350912,cciv2,42,0.0037993896859511832,0,0,0.21230316162109375
1286748877563891713,cciv2,42,0.04189130088510493,0,0,0.2256603091955185
1460712630553923584,cciv2,42,0.0693469347971684,0,0,0.1731267124414444
1477825713206177792,cciv2,42,0.024768277551108036,0,0,0.20446108281612396
1284434882140176389,cciv2,42,0.06463752363390865,1,1,0.6795128583908081
1255205589396979724,cciv2,42,0.024493573399239504,0,0,0.17308229207992554
1449353935626588163,cciv2,42,0.06932537660871275,0,0,0.19785629212856293
1287098479496634370,cciv2,42,0.021573431347381294,0,0,0.19980743527412415
1241902809592803328,cciv2,42,0.24732761010432863,1,1,0.7832139730453491
1235962772770283522,cciv2,42,0.0071718402677884525,0,0,0.16912724077701569
1448053433374740482,cciv2,42,0.0025031274300336987,0,0,0.18545721471309662
1282333713267859458,cciv2,42,0.08068612582452148,1,1,0.5434345602989197
1325795907514863622,cciv2,42,0.018412317126131405,0,0,0.16844478249549866
1417228816808820741,cciv2,42,0.03325669543856776,0,0,0.20574629306793213
1611744750368956416,cciv2,42,0.04098128482475846,0,0,0.18450184166431427
1521292300260888578,cciv2,42,0.02238326392076777,0,0,0.17664887011051178
1203555334805164033,cciv2,42,0.34746345903009224,1,1,0.797966480255127
1580245639979749377,cciv2,42,0.031186806692605467,0,0,0.2913665175437927
1463578662922604548,cciv2,42,0.322749775412688,0,0,0.20270700752735138
1449684061912510466,cciv2,42,0.02291621632902274,0,0,0.1668425351381302
1152034933176590336,cciv2,42,0.1346672004760719,1,1,0.7850406765937805
1584558203626434560,cciv2,42,0.11520982785657219,0,0,0.25940319895744324
1553717576458534912,cciv2,42,0.02122783526285747,0,0,0.2023015171289444
1255567029551144964,cciv2,42,0.035257627175294834,0,0,0.21280917525291443
1545151228413415425,cciv2,42,0.3637668694558829,1,1,0.7873644828796387
1468967696523878410,cciv2,42,0.07121574749523027,0,0,0.218191996216774
1489845616750444545,cciv2,42,0.025317270850589105,0,0,0.19731150567531586
1393522778440093700,cciv2,42,0.0067862332365710674,0,0,0.18338248133659363
1345567610780397570,cciv2,42,0.017446945729865174,0,0,0.19330112636089325
1547669888851795979,cciv2,42,0.305111825979637,0,1,0.6496843695640564
1513201920797810690,cciv2,42,0.19272698257816395,0,0,0.295942097902298
1284847378499944449,cciv2,42,0.06901645749369263,0,0,0.20289120078086853
1516924289143951360,cciv2,42,0.02095972747852305,0,0,0.20176316797733307
1449714900805242883,cciv2,42,0.0177206434676412,0,0,0.23033097386360168
1258707209304891392,cciv2,42,0.023740438670207288,0,0,0.18900328874588013
1511107589932830723,cciv2,42,0.008839164911608225,0,0,0.24150748550891876
1219921409415270400,cciv2,42,0.039031045420214835,0,0,0.1997593194246292
1542857597589528577,cciv2,42,0.0,1,1,0.7757723331451416
1620508837328588803,cciv2,42,0.010040660070253246,1,0,0.29624664783477783
1144672451592413185,cciv2,42,0.05967043556644393,1,1,0.7760112881660461
1198999631323115520,cciv2,42,0.05660806509764966,0,0,0.19720414280891418
1365488105378230278,cciv2,42,0.02171452880086578,0,0,0.16112534701824188
1637857580776312834,cciv2,42,0.011741881072945819,1,0,0.35218745470046997
1539994279455719424,cciv2,42,0.04943262400115013,0,0,0.27912768721580505
1551584334104215552,cciv2,42,0.01017169319087948,0,0,0.18000538647174835
1283750313418055681,cciv2,42,0.04512384494371715,0,0,0.1958240419626236
1392197387427274755,cciv2,42,0.017216414177708705,0,0,0.24387127161026
1233959222305607680,cciv2,42,0.11544768556195513,1,1,0.7854723930358887
1625906106156429330,cciv2,42,0.027583833953935443,1,0,0.22969426214694977
1619534124024487937,cciv2,42,0.011026104603820369,0,0,0.18744194507598877
1509027883716526080,cciv2,42,0.04141878277800993,0,0,0.44525572657585144
1293924575890345985,cciv2,42,0.011644701299728706,0,0,0.1910494714975357
1646011668751699972,cciv2,42,0.03973927742859471,0,1,0.7102915644645691
1506007293728591873,cciv2,42,0.3252633970034914,0,0,0.2869950532913208
1643707401512550400,cciv2,42,0.09428471164045384,0,0,0.20035099983215332
1210275610813054976,cciv2,42,0.0040378327058000745,0,0,0.18196311593055725
1635345125575626752,cciv2,42,0.012218224372495977,0,0,0.18652474880218506
1381927979090075651,cciv2,42,0.10814565855644007,0,0,0.22219730913639069
1345012434608795650,cciv2,42,0.008026963952310825,0,0,0.2557280957698822
1286035333755305984,cciv2,42,0.04329034480073322,0,0,0.2012494057416916
1554196257270284294,cciv2,42,0.0036932182835758783,0,0,0.17401614785194397
1090985813398061056,cciv2,42,0.5728586524947096,1,1,0.761091411113739
1212830436012908544,cciv2,42,0.08248509884497243,0,0,0.2405490130186081
1539054160896827392,cciv2,42,0.022487667555791988,0,0,0.22763444483280182
1270774783958016005,cciv2,42,0.05066975710522657,0,0,0.19427400827407837
1205464611157413888,cciv2,42,0.1597544992505454,1,1,0.7747896909713745
1470443338213957637,cciv2,42,0.003988582190546803,0,0,0.2230333685874939
1646682021396115456,cciv2,42,0.021299739620649398,0,0,0.20416827499866486
1103688981038985217,cciv2,42,0.021838776167385228,0,0,0.18651926517486572
1396961028102053893,cciv2,42,0.13078748559447925,1,0,0.2578441798686981
1103013290916175874,cciv2,42,0.01568349353880494,0,0,0.19082196056842804
1284764621560315904,cciv2,42,0.0441076343437159,0,0,0.1731012910604477
1281292234013446145,cciv2,42,0.01187450091823125,0,0,0.16953828930854797
1636400650786426883,cciv2,42,0.05528782464056087,0,0,0.22280153632164001
1219628821881802753,cciv2,42,0.01600917322890812,0,0,0.26217761635780334
1585465243727056896,cciv2,42,0.0,0,0,0.32250940799713135
1517548575332265984,cciv2,42,0.010918703497364821,0,0,0.20670393109321594
1223652621153722372,cciv2,42,0.025288482519852783,0,0,0.19219321012496948
1106562886778998785,cciv2,42,0.0,1,1,0.7630618214607239
1518553007582892032,cciv2,42,0.01711579151849966,0,0,0.17805500328540802
1397954044455391233,cciv2,42,0.050013952211541805,0,0,0.35602861642837524
1252073855046352897,cciv2,42,0.03617680926985931,0,0,0.18551090359687805
1515229140768546819,cciv2,42,0.059922141312221275,1,0,0.29701918363571167
1542539148841607169,cciv2,42,0.05555856463413236,0,1,0.5121358036994934
1427586547621236739,cciv2,42,0.025475566996512423,0,0,0.18469704687595367
1177946201179578368,cciv2,42,0.4002075499600402,0,1,0.6310005187988281
1253687689410416641,cciv2,42,0.036018402255736985,0,0,0.18440385162830353
1222396158653259777,cciv2,42,0.01778101650127262,0,0,0.18927119672298431
1217246308743962624,cciv2,42,0.05585450145153615,0,0,0.27174317836761475
1382668135690428419,cciv2,42,0.03109299836436649,0,0,0.17616862058639526
1650582626758180865,cciv2,42,0.0,0,0,0.19878993928432465
1252009084078997505,cciv2,42,0.07979564815528555,1,0,0.21488353610038757
1248241876005724161,cciv2,42,0.007445067759941496,0,0,0.18316297233104706
1543360155651391500,cciv2,42,0.03998704159123274,0,1,0.7189233899116516
1318980851808481281,cciv2,42,0.007232872305281417,0,0,0.17850369215011597
1397587532574040069,cciv2,42,0.0035537000682958554,0,0,0.18695935606956482
1466454112279662604,cciv2,42,0.008943443173131404,0,0,0.16260793805122375
1526762269064974346,cciv2,42,0.09620109289148873,1,1,0.6969536542892456
1566132180467814400,cciv2,42,0.038410986363960446,0,0,0.16215775907039642
1644717646246473736,cciv2,42,0.05594217716607958,0,0,0.1668841391801834
1573081978949505024,cciv2,42,0.03359311945884026,1,1,0.732909619808197
1544818240484155392,cciv2,42,0.006263093829891237,0,0,0.22853262722492218
1121874377631465474,cciv2,42,0.0188146629637546,0,0,0.19041474163532257
1291623819572989955,cciv2,42,0.14730490458282444,1,1,0.7545303106307983
1580600904746962945,cciv2,42,0.04191764589214375,1,1,0.7866944670677185
1428807603031789569,cciv2,42,0.024908488099441302,0,1,0.7001684308052063
1109061649242226688,cciv2,42,0.03091820876978062,0,0,0.18607422709465027
1392756158914600960,cciv2,42,0.013870677689730966,0,0,0.17600318789482117
1133067761184378885,cciv2,42,0.3130031665336486,1,1,0.7935460805892944
1468658508014911492,cciv2,42,0.04518301218032463,0,0,0.21493396162986755
1579549222038560768,cciv2,42,0.0549062266202502,0,0,0.1664658933877945
1644465858670993409,cciv2,42,0.04881795695963432,1,0,0.2539529502391815
1506076192130191360,cciv2,42,0.016134977619806277,0,0,0.1764698177576065
1159696677130948608,cciv2,42,0.028793811695745252,0,0,0.19566215574741364
1633114503305936899,cciv2,42,0.04813647448429379,0,1,0.7327693700790405
1128058851188670470,cciv2,42,0.05404013657791913,0,0,0.22603411972522736
1296858111521648640,cciv2,42,0.065490281140175,0,1,0.6042667627334595
1187403288007888898,cciv2,42,0.0,0,0,0.19865202903747559
1458036894860775426,cciv2,42,0.017751279699001744,0,0,0.22494955360889435
1356378388164976645,cciv2,42,0.012035109494526946,0,0,0.2192317694425583
1517749284304695298,cciv2,42,0.03103749043787018,0,0,0.3063957691192627
1256562515288494082,cciv2,42,0.06582027639799716,0,0,0.17894811928272247
1526056251007852544,cciv2,42,0.01998600529967548,0,0,0.20613449811935425
1352771322863116288,cciv2,42,0.1485718217176861,0,0,0.23248900473117828
1393789126772543490,cciv2,42,0.1328846938158195,0,0,0.19370755553245544
1360239202827403267,cciv2,42,0.06857600281777983,0,0,0.18781360983848572
1353190490305392640,cciv2,42,0.01869347278690252,0,0,0.25863078236579895
1357201397838618624,cciv2,42,0.08564581143186555,0,0,0.21417325735092163
1255823949532987397,cciv2,42,0.0052710793101428625,1,0,0.18349452316761017
1272891981480497152,cciv2,42,0.05929531227586503,0,0,0.18689550459384918
1354349851581034498,cciv2,42,0.00010055097791386172,0,0,0.18138939142227173
1120663055526957062,cciv2,42,0.10027477780819542,0,0,0.2070385217666626
1283401552032456705,cciv2,42,0.004388645379265598,0,0,0.2011832594871521
1524755538415861761,cciv2,42,0.03529355909365166,0,1,0.6489389538764954
1399745357555322889,cciv2,42,0.10220520117201176,0,0,0.20730765163898468
1519841120473202688,cciv2,42,0.04818957958137658,0,0,0.17531080543994904
1300150538668060674,cciv2,42,0.02751003168446051,0,0,0.24255214631557465
1209982157982248961,cciv2,42,0.13911936657996218,0,0,0.44345933198928833
1645009221635694593,cciv2,42,0.014321253378544526,1,1,0.7971391081809998
1215515751496339456,cciv2,42,0.06951178858795395,0,0,0.18897193670272827
1426471423086764033,cciv2,42,0.07307291160995147,1,1,0.7498601675033569
1232887804969078789,cciv2,42,0.03405745312009862,1,1,0.6770643591880798
1407469081494757382,cciv2,42,0.02972337183205024,0,0,0.18905894458293915
1470482593539837954,cciv2,42,0.00932426104684853,0,0,0.1696113646030426
1413068266759655427,cciv2,42,0.013083644986175785,0,0,0.18763574957847595
1229152388851929091,cciv2,42,0.02079788691232929,0,0,0.22841563820838928
1286027681230753793,cciv2,42,0.044666713717053615,0,0,0.1936991959810257
1415047667613327369,cciv2,42,0.0747778451457714,0,0,0.18713265657424927
1394017841121308673,cciv2,42,0.03613732557281018,1,1,0.7655014395713806
1085296318040473600,cciv2,42,0.18138469831904036,0,0,0.19335055351257324
1434894931143929858,cciv2,42,0.0005991338957551171,0,0,0.20094822347164154
1256536483332317184,cciv2,42,0.012983581874751543,0,0,0.20628699660301208
1600224079482454016,cciv2,42,0.03435531104276219,0,0,0.16840027272701263
1567171489509564416,cciv2,42,0.06560627612710807,0,0,0.2310871034860611
1556401396651397120,cciv2,42,0.021678288761055597,0,0,0.19067905843257904
1258474383900893189,cciv2,42,0.023772482481403633,0,0,0.21937310695648193
1207550765260132353,cciv2,42,0.07566154153107565,0,0,0.17339956760406494
1449058322360020992,cciv2,42,0.21977561765762896,0,0,0.2021114081144333
1455148755435630594,cciv2,42,0.033500532734042715,0,0,0.1651308536529541
1223994516903997444,cciv2,42,0.009311172819964804,0,0,0.19999828934669495
1284281138467319808,cciv2,42,0.0007248215960653333,0,0,0.23740336298942566
1578140790592782336,cciv2,42,0.04791139964610696,1,0,0.2001264989376068
1222708257648594944,cciv2,42,0.0071867552951034395,0,0,0.2240554392337799
1250166932768088064,cciv2,42,0.3200979368941629,1,1,0.7897167205810547
1232852903909441537,cciv2,42,0.29989821056708316,1,1,0.7920597791671753
1311402290167783424,cciv2,42,0.061331023838730896,0,0,0.1911742240190506
1245701249732734977,cciv2,42,0.04557057242019753,1,0,0.26151689887046814
1212868104658849795,cciv2,42,0.1019267444509064,0,0,0.23241792619228363
1352210396833337345,cciv2,42,0.034187391489659734,0,0,0.2141958773136139
1241946825055141889,cciv2,42,0.022233216550647805,0,0,0.17497456073760986
1260225918980816902,cciv2,42,0.031452270971701654,0,0,0.18132366240024567
1393777583414669317,cciv2,42,0.012410587762341966,0,0,0.18403582274913788
1229308060419514369,cciv2,42,0.07035795946479831,0,0,0.19235004484653473
1229222882112348166,cciv2,42,0.026478737849801495,0,0,0.16766411066055298
1588261196573986816,cciv2,42,0.0017159026295005325,1,1,0.7803372740745544
1462395459557810176,cciv2,42,0.030996018710992716,0,0,0.20438213646411896
1442869344946454529,cciv2,42,0.004673434455132218,0,0,0.16790871322155
1255605234619072519,cciv2,42,0.12094595964207597,0,0,0.23850928246974945
1499012058175655938,cciv2,42,0.1635235036201892,0,0,0.21979647874832153
1462851931945283589,cciv2,42,0.10728121506437015,0,0,0.2143915891647339
1247576003800686600,cciv2,42,0.034082957181637674,0,0,0.1770847737789154
1104601295523000323,cciv2,42,0.2828918869606612,1,1,0.6637707948684692
1263682260768681986,cciv2,42,0.028261185212346475,0,0,0.1933530867099762
1123871012746092545,cciv2,42,0.14486063573633218,0,0,0.17672677338123322
1600150773924450304,cciv2,42,0.026440674098749263,0,1,0.6005726456642151
1236854787334909953,cciv2,42,0.007315890137963764,0,0,0.3503026068210602
1397658343041339392,cciv2,42,0.07462238653772749,0,0,0.3261984884738922
1454323555420803073,cciv2,42,0.009588310701441501,0,0,0.4272935092449188
1619614295335239680,cciv2,42,0.04873293698980886,0,0,0.18877194821834564
1345745635924992000,cciv2,42,0.10131105251664252,1,0,0.19956594705581665
1219355089854439424,cciv2,42,0.06108019128701409,1,0,0.2467205673456192
1233846578366078986,cciv2,42,0.023137843205305462,1,1,0.5411030650138855
1310174329653530624,cciv2,42,0.0028938239774979253,0,0,0.2389613389968872
1421844891404062726,cciv2,42,0.056456645156766634,0,0,0.22998280823230743
1393372156482949129,cciv2,42,0.12916161769700207,0,0,0.21967251598834991
1267842168128966657,cciv2,42,0.01558408409609644,0,1,0.6972964406013489
1555651653453348865,cciv2,42,0.04392667340737604,0,0,0.18331144750118256
1389360261270806533,cciv2,42,0.0019236875585484496,0,0,0.18199646472930908
1576232372063772672,cciv2,42,0.052699697060118185,0,0,0.2116653174161911
1518769899996606464,cciv2,42,0.0010893892628519514,0,0,0.1688922941684723
1298736963000901632,cciv2,42,0.04229312412919598,0,0,0.19420315325260162
1194722327952547844,cciv2,42,0.11941853493794648,1,1,0.7551766633987427
1604141984712531968,cciv2,42,0.01868416849926431,1,0,0.4403029680252075
1266753810392854529,cciv2,42,0.02305084902638199,0,0,0.1883017122745514
1417123755390689287,cciv2,42,0.12517903428476138,0,0,0.37009701132774353
1288838940569620483,cciv2,42,0.020056142773905643,0,0,0.25284984707832336
1412564686516666369,cciv2,42,0.027391245933139366,0,0,0.1784197986125946
1376823894569443329,cciv2,42,0.04088318614757558,0,0,0.1653948277235031
1369368335532589061,cciv2,42,0.06076479971538869,0,0,0.20158487558364868
1224738215652814849,cciv2,42,0.04117726895965778,0,0,0.1808718889951706
1185557829501018114,cciv2,42,0.046599054802410673,1,0,0.17503196001052856
1274205440239374337,cciv2,42,0.12146431649211482,0,0,0.19252315163612366
1509567860095569937,cciv2,42,0.010698023151227047,0,0,0.17847852408885956
1457557396973187088,cciv2,42,0.0962709168679889,0,0,0.18104934692382812
1238978053633716226,cciv2,42,0.052184953073894993,0,0,0.21365338563919067
1137416842560118784,cciv2,42,0.013620495254504976,0,0,0.1771325320005417
1474945563271606273,cciv2,42,0.0044441910811420975,0,0,0.1871134489774704
1601901750096924674,cciv2,42,0.342279432188318,0,0,0.3398275673389435
1249002861129863170,cciv2,42,0.05700769206444307,0,0,0.18021191656589508
1289575405611921411,cciv2,42,0.012948921082734963,0,0,0.20950981974601746
1263521952364474368,cciv2,42,0.0474589054676083,0,0,0.3344121277332306
1468332039216803847,cciv2,42,0.013676161219272426,0,0,0.20498035848140717
1487758635275014149,cciv2,42,0.21281031084214566,0,0,0.18931880593299866
1609464228045365248,cciv2,42,0.0,0,0,0.24141474068164825
1355618686770569219,cciv2,42,0.02867590022531551,0,0,0.18521510064601898
1232922381544386560,cciv2,42,0.06515162403128119,1,1,0.8005044460296631
1345353737368457221,cciv2,42,0.16597085296330483,0,0,0.2814728915691376
1263926391474491392,cciv2,42,0.0074271162346015,0,1,0.7773282527923584
1262954263384334338,cciv2,42,0.04828461735834582,0,0,0.19481545686721802
1355356438714003459,cciv2,42,0.02626074375419361,0,0,0.1994638890028
1478755285934252032,cciv2,42,0.02926023598585417,0,0,0.23195597529411316
1247933746881462273,cciv2,42,0.04042662820023491,0,1,0.7252067923545837
1114201210960085002,cciv2,42,0.04105799887826975,0,0,0.17398561537265778
1567548400983228421,cciv2,42,0.03010973109901935,1,0,0.24467362463474274
1393566849275555845,cciv2,42,0.0917938812873004,0,0,0.2495289146900177
1440444267135004681,cciv2,42,0.0955685588513233,0,0,0.2141048163175583
1569022602882039812,cciv2,42,0.022261765128235772,0,0,0.1920357495546341
1268796619761291264,cciv2,42,0.014334686685470903,0,0,0.24885815382003784
1466588575697309698,cciv2,42,0.13463491304285025,0,0,0.19248060882091522
1358471344753569792,cciv2,42,0.017426333357663307,0,0,0.238676056265831
1466314626426146818,cciv2,42,0.01704346805964016,0,0,0.21283303201198578
1559265728037109765,cciv2,42,0.013181852814146865,0,0,0.22952723503112793
1285236887599419392,cciv2,42,0.033505664489664716,0,0,0.17394067347049713
1421202358105690121,cciv2,42,0.016638788915695882,0,0,0.16222499310970306
1230462416368099328,cciv2,42,0.17071767126402182,0,0,0.1979179084300995
1276280108278415360,cciv2,42,0.03138318875709877,0,0,0.19130375981330872
1251955772797399044,cciv2,42,0.04864438812457633,0,0,0.2680153548717499
1252583581685252097,cciv2,42,0.02214878866119252,0,0,0.1704321801662445
1564590802348949504,cciv2,42,0.0,0,0,0.2451864778995514
1566917637564768256,cciv2,42,0.00548931807024849,0,0,0.24054774641990662
1599649990762434560,cciv2,42,0.0012525772985715496,0,0,0.27730593085289
1575021890040537090,cciv2,42,0.008391056691523192,0,0,0.25490906834602356
1645040637119438848,cciv2,42,0.06846826185359733,0,0,0.1650073081254959
1594193136632623104,cciv2,42,0.1775722613186637,0,0,0.38678470253944397
1188204586290561026,cciv2,43,0.1371184193892176,1,1,0.7818101048469543
1393758809622032390,cciv2,43,0.047821236097018084,0,0,0.2849351763725281
1229832103891595264,cciv2,43,0.035703051643000305,0,0,0.33770933747291565
1125194075316064256,cciv2,43,0.13141115207176166,0,1,0.5901652574539185
1523450483053973504,cciv2,43,0.08144201995449847,0,0,0.4114036560058594
1345256046571495424,cciv2,43,0.16420218954574764,0,0,0.31348660588264465
1236714045341929481,cciv2,43,0.12713407948625433,0,0,0.4148983955383301
1394295651266187265,cciv2,43,0.010823519330592606,0,1,0.5813055038452148
1154438465280516096,cciv2,43,0.05904492855079435,0,0,0.2941617965698242
1619516286312263681,cciv2,43,0.11275869289816642,0,1,0.5247231721878052
1396537342085718017,cciv2,43,0.05263674447632127,0,0,0.3875696063041687
1443682627614093314,cciv2,43,0.03675786997441115,0,0,0.39286258816719055
1465147721724178432,cciv2,43,0.11007700224922456,1,1,0.723962128162384
1255492458164752387,cciv2,43,0.051658918870880234,0,0,0.46771490573883057
1290986576667869185,cciv2,43,0.008491045963974243,0,0,0.496933251619339
1514288582332145670,cciv2,43,0.04006741021019884,0,1,0.5026707649230957
1272357521324474368,cciv2,43,0.08977492810492275,0,0,0.30811449885368347
1487252560700481537,cciv2,43,0.09134734731519688,0,0,0.4954291880130768
1273740261621809154,cciv2,43,0.09318878804822463,0,0,0.3418384790420532
1317661755363921920,cciv2,43,0.08200698829836124,0,0,0.4461938142776489
1468405253758406661,cciv2,43,0.0012906799106718256,0,0,0.39741331338882446
1514920455643279365,cciv2,43,0.050800120441094915,0,0,0.3235938847064972
1291784215021805569,cciv2,43,0.10025910510021667,0,0,0.3519839942455292
1357469393727365122,cciv2,43,0.0756158836572742,0,0,0.4079350233078003
1248174910977040385,cciv2,43,0.2655223335604704,0,0,0.4015137851238251
1287073267526897666,cciv2,43,0.07903392184420677,0,0,0.3970283567905426
1116066316874670081,cciv2,43,0.4059324353038104,1,1,0.7589799165725708
1296511371367124992,cciv2,43,0.07265791333232079,0,0,0.3367413580417633
1345166234330017792,cciv2,43,0.03726157082520546,0,0,0.3698790371417999
1245501628112867328,cciv2,43,0.0019905884092352357,0,0,0.4008793532848358
1578931526238343168,cciv2,43,0.06858016320174803,0,0,0.38407185673713684
1286957308447260673,cciv2,43,0.044133650111844024,1,1,0.753181517124176
1393552840891719685,cciv2,43,0.07262354743688333,0,0,0.3445781469345093
1262815859732611075,cciv2,43,0.14844176781848095,1,1,0.5891399383544922
1599404086688092160,cciv2,43,0.03566376085607087,0,0,0.3904075026512146
1648029372983439367,cciv2,43,0.005875966347734039,0,0,0.26626524329185486
1265957010501230593,cciv2,43,0.05443744540783292,0,0,0.3901422917842865
1246464469087256576,cciv2,43,0.07623728491518672,1,0,0.42801710963249207
1211183459105796098,cciv2,43,0.02779095542783557,0,0,0.3274920582771301
1118338313876844544,cciv2,43,0.015057679545167804,0,0,0.3186216950416565
1135216071525511173,cciv2,43,0.15875071386655526,0,0,0.40751346945762634
1527387745693224986,cciv2,43,0.2614988405417772,0,0,0.3723129332065582
1232990916899561473,cciv2,43,0.3615126323707571,1,1,0.7496421337127686
1345987250904068096,cciv2,43,0.0796198248847168,0,0,0.30657774209976196
1546816084149501953,cciv2,43,0.021667262319391457,0,0,0.28666120767593384
1457806433853005827,cciv2,43,0.036695624319399545,0,0,0.43438345193862915
1402937907342544899,cciv2,43,0.09577438211185028,0,0,0.3890851140022278
1603080434526859264,cciv2,43,0.06354686125192027,0,0,0.4700920283794403
1109748138515054592,cciv2,43,0.4097869083085529,1,1,0.7653497457504272
1488409288750284801,cciv2,43,0.007711449576825722,0,0,0.34556958079338074
1532553712199245827,cciv2,43,0.12923143013524319,0,0,0.49762263894081116
1491463980329570304,cciv2,43,0.03384915164989623,0,0,0.36984217166900635
1611222836924010498,cciv2,43,0.08519780677804908,0,0,0.4358660876750946
1537808851155795975,cciv2,43,0.03226750177974471,0,0,0.3519725203514099
1630179384375263232,cciv2,43,0.0314966181919689,0,0,0.3477206528186798
1393745779857272832,cciv2,43,0.1146945303978635,1,1,0.7082875370979309
1509126359607660551,cciv2,43,0.0730370158424652,0,0,0.3284813165664673
1126878156294586368,cciv2,43,0.014924356455530722,0,0,0.375554621219635
1225297729506594818,cciv2,43,0.02247442080528102,0,0,0.49083971977233887
1394107831834476547,cciv2,43,0.06973919701460496,0,0,0.46219539642333984
1260269776150159360,cciv2,43,0.16071065913103183,0,0,0.42192408442497253
1488747638602153986,cciv2,43,0.014093967840315918,0,0,0.3731556534767151
1270348242543423488,cciv2,43,0.13007576417088898,0,0,0.3606167733669281
1244176666802479104,cciv2,43,0.1371873306364762,0,0,0.32448816299438477
1539951759405109249,cciv2,43,0.0038557133168087582,0,0,0.4224041998386383
1395747592307417092,cciv2,43,0.0010228614574901115,0,0,0.4098306894302368
1508152963587579909,cciv2,43,0.04338179737269384,0,0,0.3142584264278412
1224025761092448257,cciv2,43,0.038782432885670494,0,1,0.5784687399864197
1263867135194996737,cciv2,43,0.005674088293581789,0,0,0.28930673003196716
1577071902572818434,cciv2,43,0.10274361579881564,0,0,0.3299887478351593
1508857749089787912,cciv2,43,0.06808714824962521,0,0,0.30963414907455444
1224373966363512833,cciv2,43,0.08110848900335539,0,0,0.39627981185913086
1103282085832343555,cciv2,43,0.060285063847400164,0,0,0.3581814765930176
1109170436078817282,cciv2,43,0.2862570950475612,0,0,0.2900395095348358
1098057857482641408,cciv2,43,0.4081512461578884,1,1,0.7007166147232056
1261011012100198404,cciv2,43,0.0,1,1,0.7442351579666138
1237111189722640385,cciv2,43,0.07070731481781749,0,0,0.3080403804779053
1115609269838024704,cciv2,43,0.2724576678314828,0,0,0.31945672631263733
1293886666080260097,cciv2,43,0.005413588664086492,0,0,0.27250733971595764
1395833782863814657,cciv2,43,0.0,0,0,0.36541420221328735
1247909286568701958,cciv2,43,0.07191953775421679,0,0,0.30925658345222473
1352044283587489792,cciv2,43,0.10363090058806224,0,0,0.37549737095832825
1258110002906136578,cciv2,43,0.16508981817351132,0,0,0.3405216634273529
1461202741666140161,cciv2,43,0.13935974876971374,0,0,0.45442986488342285
1258017440362979332,cciv2,43,0.09140555509529422,0,0,0.31894341111183167
1393327980387131398,cciv2,43,0.06012049951381436,0,0,0.36803925037384033
1648322447089840140,cciv2,43,0.08623894583840358,0,1,0.5686191320419312
1356256969359822851,cciv2,43,0.020394593109448446,0,0,0.3281199038028717
1199437211772575744,cciv2,43,0.06842496358420733,0,0,0.3922125995159149
1345112406326915074,cciv2,43,0.010611599720125521,0,0,0.3301856517791748
1345737420101324806,cciv2,43,0.026955940195999645,0,0,0.35824790596961975
1392990438546710533,cciv2,43,0.05063684290987137,0,1,0.561985194683075
1451592600918663172,cciv2,43,0.08229172880873424,0,0,0.3189333379268646
1547841356113948674,cciv2,43,0.0,0,0,0.3463934361934662
1313636764506968064,cciv2,43,0.00743626041395216,0,0,0.3175622224807739
1354461395862040576,cciv2,43,0.03189918981605029,0,0,0.27674800157546997
1255336798319972356,cciv2,43,0.024730378769133025,0,0,0.295046865940094
1346224388128051200,cciv2,43,0.05099438082221327,0,0,0.39487597346305847
1193142802965782528,cciv2,43,0.3334726728313841,1,1,0.7647251486778259
1392146737423290368,cciv2,43,0.04774470029190851,0,0,0.42383044958114624
1226462657177210880,cciv2,43,0.10880308278098003,1,1,0.6005154252052307
1345755511002689545,cciv2,43,0.08929689513202158,1,1,0.7360208034515381
1593588138030804992,cciv2,43,0.02847124151194334,0,0,0.37764212489128113
1641175481511714816,cciv2,43,0.07183176003508454,0,0,0.4757729470729828
1565180170016735233,cciv2,43,0.0,0,1,0.5179771780967712
1577125319710248960,cciv2,43,0.08973450457981899,0,0,0.26053404808044434
1548349221429866498,cciv2,43,0.14586771389060382,0,0,0.36158597469329834
1298217767297003521,cciv2,43,0.08069359113062051,0,0,0.36313143372535706
1124008705845026823,cciv2,43,0.011590580430983414,0,0,0.27327460050582886
1246121373472378880,cciv2,43,0.18541049671560128,1,1,0.6306346654891968
1345778047421562880,cciv2,43,0.02926174542156839,1,1,0.7468007206916809
1444988795108139008,cciv2,43,0.010931635064142489,1,1,0.5175980925559998
1275278623860305922,cciv2,43,0.21097553914243952,0,0,0.37864619493484497
1223263760950775808,cciv2,43,0.09603780173210448,0,0,0.41410592198371887
1466446193337196552,cciv2,43,0.0861314719158286,0,0,0.3385438621044159
1512367141198213123,cciv2,43,0.03445984345972139,0,0,0.24183686077594757
1451346708579897345,cciv2,43,0.11691112311529235,0,0,0.2851812541484833
1359732117211668481,cciv2,43,0.030497345446734946,0,0,0.3983426094055176
1204634292044697600,cciv2,43,0.04704774606747722,0,0,0.3606937825679779
1242197959413989377,cciv2,43,0.15960240677949125,0,0,0.38322266936302185
1345415514424750083,cciv2,43,0.06366930765654691,0,0,0.41834521293640137
1628172722969751552,cciv2,43,0.07872884480938022,0,1,0.5955894589424133
1123014488888893440,cciv2,43,0.25167157161548676,0,0,0.37845081090927124
1345690021563654144,cciv2,43,0.016608270884507424,0,0,0.482272744178772
1504459560207147011,cciv2,43,0.029137139063436908,0,0,0.39481544494628906
1507052730803802122,cciv2,43,0.10256105883164121,0,0,0.4991338849067688
1270803144147075075,cciv2,43,0.08048252678851459,1,1,0.6282747983932495
1274310552161079297,cciv2,43,0.06868929603103403,0,0,0.33427301049232483
1564334956100423680,cciv2,43,0.0564303086144151,0,0,0.42622241377830505
1388425054665510912,cciv2,43,0.12811426688167052,0,0,0.39848634600639343
1585359766754586624,cciv2,43,0.051598413847370427,1,1,0.716654360294342
1463617131946205187,cciv2,43,0.060425262503734874,1,1,0.5905635356903076
1222296463822049281,cciv2,43,0.13226121627636309,0,0,0.37551555037498474
1218986472197566464,cciv2,43,0.01180671215032758,0,0,0.45766061544418335
1594755480441733131,cciv2,43,0.6000662931114797,1,1,0.5747895836830139
1508215661482463238,cciv2,43,0.05705303111201936,0,1,0.5013840198516846
1216725210507902979,cciv2,43,0.030769593705364057,0,0,0.3659018278121948
1192249138957582338,cciv2,43,0.08027423899566262,0,0,0.2819465100765228
1452130397932998657,cciv2,43,0.006378885626266308,0,0,0.36732980608940125
1117368474597318661,cciv2,43,0.01155610856015808,0,0,0.3464595675468445
1491416161812361216,cciv2,43,0.046665439084971554,0,0,0.4963746666908264
1307141355915927553,cciv2,43,0.12249396839286243,1,1,0.5465312600135803
1519509018271789056,cciv2,43,0.0,0,0,0.4747143089771271
1482268883465777157,cciv2,43,0.01597165000319305,0,0,0.37514418363571167
1291416524264222721,cciv2,43,0.010178066979646265,0,0,0.43073707818984985
1530459713028390913,cciv2,43,0.11129928912252852,0,0,0.3131988048553467
1606670420719067139,cciv2,43,0.1994305335730558,1,1,0.6123624444007874
1514890228493963265,cciv2,43,0.0,0,0,0.3813246190547943
1499672184414998536,cciv2,43,0.00038649596240372534,0,0,0.4269554018974304
1347316666028478466,cciv2,43,0.08753234850263868,0,0,0.38647758960723877
1648058784890372097,cciv2,43,0.026311390701324974,0,0,0.29350006580352783
1227781168109506560,cciv2,43,0.12483699286475569,0,0,0.39183568954467773
1379807592143290370,cciv2,43,0.02572927497907565,0,0,0.2742760479450226
1487026637099126784,cciv2,43,0.05557641406417952,0,0,0.33430245518684387
1355165540453642240,cciv2,43,0.03159027780731601,0,0,0.37925830483436584
1298413749121024004,cciv2,43,0.03283898705290262,0,0,0.45485278964042664
1575263521750847491,cciv2,43,0.0,0,0,0.408933162689209
1233438028846125058,cciv2,43,0.011155485224865255,0,0,0.3526504635810852
1628082486772215841,cciv2,43,0.10875384471153077,0,0,0.44257083535194397
1399046300872675328,cciv2,43,0.14130701487447275,0,0,0.39171966910362244
1259954791591133185,cciv2,43,0.01796603199641805,1,0,0.3910086750984192
1586732526223040512,cciv2,43,0.08031230665683363,0,0,0.31739017367362976
1445380143384514561,cciv2,43,0.057326823253514694,0,0,0.4078410267829895
1498475514394288129,cciv2,43,0.007246295934368033,0,0,0.2923019230365753
1190205141380583424,cciv2,43,0.5914287915626638,1,1,0.7492442727088928
1377716013916172292,cciv2,43,0.0188500147953468,0,0,0.292616069316864
1355641493956874241,cciv2,43,0.07799371634571378,0,0,0.4198606312274933
1393667052968333318,cciv2,43,0.045519694247712766,0,1,0.5696690678596497
1587412786375557120,cciv2,43,0.1540871591910781,1,1,0.6778920888900757
1300489088198496258,cciv2,43,0.007915880044588059,0,0,0.3557681143283844
1637493415016296449,cciv2,43,0.06519450118801606,0,0,0.3319190442562103
1380751228171354112,cciv2,43,0.05133633596976525,0,0,0.30540576577186584
1120860417645895680,cciv2,43,0.5399142017708233,1,1,0.6797258257865906
1319668055367208961,cciv2,43,0.04736857081138961,0,0,0.3174753785133362
1392520237539549188,cciv2,43,0.0977240755770529,0,0,0.3540753424167633
1397398267806236676,cciv2,43,0.129692246584082,0,0,0.3827880918979645
1407216852875452443,cciv2,43,0.03783428115962795,0,0,0.3023267984390259
1393616932696432640,cciv2,43,0.15918793107150422,0,0,0.3059934377670288
1445042996408246275,cciv2,43,0.04378313389701437,1,1,0.7418042421340942
1592051401177591808,cciv2,43,0.044489206509759335,1,0,0.38767099380493164
1297284021282537472,cciv2,43,0.033276737919826396,0,0,0.4098009765148163
1639011015076478977,cciv2,43,0.06962456991929611,0,0,0.43971148133277893
1405155653988098056,cciv2,43,0.12403316966623255,0,0,0.3267865478992462
1298280815273672705,cciv2,43,0.08955463321205545,0,0,0.4943661093711853
1600473720186773505,cciv2,43,0.16605544470429762,1,1,0.5615724921226501
1469703539081449472,cciv2,43,0.028771170818242684,0,0,0.3009149730205536
1268558839214899201,cciv2,43,0.02494055870985797,0,0,0.43455249071121216
1345451046475354112,cciv2,43,0.08405719895257135,1,1,0.6507475972175598
1270982396121214978,cciv2,43,0.06792871465221607,1,1,0.5222640037536621
1411961344962686978,cciv2,43,0.04588550175069785,0,0,0.38907140493392944
1276793702472716289,cciv2,43,0.018030692681559643,0,0,0.3806600868701935
1556353135844679680,cciv2,43,0.08914760502402333,0,1,0.7012318968772888
1293954705257684992,cciv2,43,0.07808121873091592,0,0,0.46714726090431213
1171163784762839042,cciv2,43,0.06997652059634842,0,0,0.2929263412952423
1122994928299036677,cciv2,43,0.3971750863155685,1,1,0.7643503546714783
1298402312868724736,cciv2,43,0.017839139374032163,0,0,0.35806038975715637
1286786961542455298,cciv2,43,0.012874079115333618,0,0,0.33822622895240784
1396689194106294278,cciv2,43,0.043892756176603286,0,0,0.45276665687561035
1563287160908042241,cciv2,43,0.17362288470479736,0,1,0.5383728742599487
1541730204648935425,cciv2,43,0.10979313569399975,1,1,0.7582333087921143
1268895623278850050,cciv2,43,0.14847230797340885,0,0,0.34962889552116394
1451370158367264777,cciv2,43,0.06991774529135455,0,1,0.5892890095710754
1491958977667682308,cciv2,43,0.24452900359222252,0,0,0.41209641098976135
1396966089708425218,cciv2,43,0.030154415150527327,0,0,0.2638133466243744
1442978128394014722,cciv2,43,0.08547391498369619,0,0,0.3660871982574463
1458514255716786182,cciv2,43,0.13693699923496738,0,0,0.42880502343177795
1321845326555176960,cciv2,43,0.034253414718397046,0,0,0.37931373715400696
1633559221227642883,cciv2,43,0.13643588117008587,0,0,0.4920394718647003
1586647573368037376,cciv2,43,0.08301120259085411,1,1,0.7496111989021301
1241856213811412992,cciv2,43,0.0848205704798754,0,0,0.28356966376304626
1647374538324189184,cciv2,43,0.021984709261373518,0,1,0.6004975438117981
1345235597749854208,cciv2,43,0.1223490044399345,1,1,0.7589815855026245
1239012712673411078,cciv2,43,0.0,0,1,0.548615038394928
1582437173277601792,cciv2,43,0.1571753187838545,0,0,0.410415381193161
1120591069526228997,cciv2,43,0.09849332937326642,0,0,0.3555442988872528
1283422598613868546,cciv2,43,0.008428013659735691,0,0,0.30927059054374695
1196747794264051713,cciv2,43,0.0468057628079456,0,0,0.3912258744239807
1300022096064520193,cciv2,43,0.04161653374609639,1,1,0.5754287242889404
1347894076318879744,cciv2,43,0.013503508849438288,0,0,0.4813936650753021
1343348218743164928,cciv2,43,0.0717213117488222,0,0,0.31401851773262024
1288266046248562689,cciv2,43,0.05162457201153102,0,0,0.3966578245162964
1394273212100456448,cciv2,43,0.05089763822268272,1,1,0.757459282875061
1345212454469566466,cciv2,43,0.23821577211061393,0,0,0.400448203086853
1316806707725709314,cciv2,43,0.05574988329326951,0,0,0.35863590240478516
1274382276730802176,cciv2,43,0.018352715223396116,0,0,0.4545884430408478
1630353342328107008,cciv2,43,0.08470537300723528,0,0,0.3319937288761139
1518388184870178816,cciv2,43,0.02015372929102143,0,0,0.3037579357624054
1597318794422411265,cciv2,43,0.06235539114360796,0,0,0.35995838046073914
1297728264358813698,cciv2,43,0.02995843297844182,0,0,0.34457454085350037
1092607702524743680,cciv2,43,0.09162323049969073,0,0,0.3318430781364441
1558159706383912964,cciv2,43,0.059965018166032884,0,0,0.27955999970436096
1574261143576535040,cciv2,43,0.05363439320443607,1,1,0.7523882985115051
1401102417559580678,cciv2,43,0.00010759446050895101,0,0,0.3318101763725281
1308105045452390403,cciv2,43,0.19387174893687584,0,0,0.41263461112976074
1508194787001831431,cciv2,43,0.02157261494284569,0,0,0.40417590737342834
1232601234143678464,cciv2,43,0.05182755560316823,0,1,0.5410609841346741
1283393408778870785,cciv2,43,0.019179670141514695,0,0,0.3097563683986664
1515204878397849601,cciv2,43,0.049824522064286725,0,0,0.27606603503227234
1542274011576602626,cciv2,43,0.06444434522287007,0,1,0.5766588449478149
1293974461662793728,cciv2,43,0.0804339931797756,0,0,0.47784775495529175
1211490408754270210,cciv2,43,0.12009904877854984,0,0,0.3532027006149292
1097212292893196289,cciv2,43,0.6856812850545825,1,1,0.7515361905097961
1581970735957872640,cciv2,43,0.2789179831555549,0,0,0.3997068703174591
1225984535046840320,cciv2,43,0.024028272455707867,1,1,0.6708261370658875
1604186809625415680,cciv2,43,0.16661480256713954,0,0,0.3233299255371094
1163972893765775365,cciv2,43,0.11268792776044506,0,0,0.3178250789642334
1341775550189350912,cciv2,43,0.035528517955607096,0,0,0.3934633135795593
1286748877563891713,cciv2,43,0.07635529112479898,0,0,0.4255569875240326
1460712630553923584,cciv2,43,0.14865609371740285,0,0,0.29698455333709717
1477825713206177792,cciv2,43,0.0022078540737257035,0,0,0.3569108247756958
1284434882140176389,cciv2,43,0.06289938575489953,1,1,0.5747224688529968
1255205589396979724,cciv2,43,0.03385998468061793,0,0,0.2720547616481781
1449353935626588163,cciv2,43,0.035608930950766504,0,0,0.38192591071128845
1287098479496634370,cciv2,43,0.018878129744179573,0,0,0.34329578280448914
1241902809592803328,cciv2,43,0.39940341373185007,1,1,0.7553010582923889
1235962772770283522,cciv2,43,0.07036765779628085,0,0,0.2958660125732422
1448053433374740482,cciv2,43,0.0019003476398355658,0,0,0.3029017746448517
1282333713267859458,cciv2,43,0.07858691534229838,1,1,0.6203998327255249
1325795907514863622,cciv2,43,0.046427380153196654,0,0,0.26260513067245483
1417228816808820741,cciv2,43,0.08338188018949663,0,0,0.3629736304283142
1611744750368956416,cciv2,43,0.05860783882575596,0,0,0.3369283378124237
1521292300260888578,cciv2,43,0.02313492182047978,0,0,0.3932366669178009
1203555334805164033,cciv2,43,0.6012987148073329,1,1,0.7078381180763245
1580245639979749377,cciv2,43,0.06163254625790281,0,0,0.38659796118736267
1463578662922604548,cciv2,43,0.21553855948454073,0,0,0.37310341000556946
1449684061912510466,cciv2,43,0.06051101493135448,0,0,0.2602572441101074
1152034933176590336,cciv2,43,0.46763876643545327,1,1,0.7660463452339172
1584558203626434560,cciv2,43,0.08968291716222358,0,0,0.320643812417984
1553717576458534912,cciv2,43,0.08631795170348247,0,0,0.33808210492134094
1255567029551144964,cciv2,43,0.06740747409613651,0,0,0.39274686574935913
1545151228413415425,cciv2,43,0.4333320364569501,1,1,0.7268038392066956
1468967696523878410,cciv2,43,0.006553581310539819,0,0,0.39254412055015564
1489845616750444545,cciv2,43,0.006789891972356115,0,0,0.37827470898628235
1393522778440093700,cciv2,43,0.035728602503041794,0,0,0.34695979952812195
1345567610780397570,cciv2,43,0.003541180225624126,0,0,0.34411758184432983
1547669888851795979,cciv2,43,0.5336695130159529,0,1,0.6128108501434326
1513201920797810690,cciv2,43,0.04043216818856844,0,1,0.5319809317588806
1284847378499944449,cciv2,43,0.059704880786692595,0,0,0.3110348880290985
1516924289143951360,cciv2,43,0.1720454435780659,0,0,0.3874455988407135
1449714900805242883,cciv2,43,0.08261591646030554,0,0,0.395927369594574
1258707209304891392,cciv2,43,0.017755312927752315,0,0,0.29935353994369507
1511107589932830723,cciv2,43,0.11207471620575572,0,0,0.3836119472980499
1219921409415270400,cciv2,43,0.004282230026990309,0,0,0.33767738938331604
1542857597589528577,cciv2,43,0.0,1,1,0.7330854535102844
1620508837328588803,cciv2,43,0.09597304593077044,1,1,0.5568446516990662
1144672451592413185,cciv2,43,0.3046891728881273,1,1,0.7493606805801392
1198999631323115520,cciv2,43,0.08800401089421604,0,0,0.4423680603504181
1365488105378230278,cciv2,43,0.11267556828498047,0,0,0.3406625986099243
1637857580776312834,cciv2,43,0.115078400210807,1,1,0.5077528357505798
1539994279455719424,cciv2,43,0.06691324222367007,0,0,0.4198940396308899
1551584334104215552,cciv2,43,0.1118460954673047,0,0,0.293223112821579
1283750313418055681,cciv2,43,0.04150132216591858,0,0,0.395010769367218
1392197387427274755,cciv2,43,0.04795915087335864,0,0,0.4287475645542145
1233959222305607680,cciv2,43,0.30442318496141973,1,1,0.7494716644287109
1625906106156429330,cciv2,43,0.10929157135193243,1,0,0.3590465784072876
1619534124024487937,cciv2,43,0.012483104763206672,0,0,0.3004854917526245
1509027883716526080,cciv2,43,0.012790490759969981,0,1,0.511259138584137
1293924575890345985,cciv2,43,0.03861766015581588,0,0,0.35763096809387207
1646011668751699972,cciv2,43,0.0009215063878296645,0,1,0.5868553519248962
1506007293728591873,cciv2,43,0.11409897010149597,0,0,0.3817497193813324
1643707401512550400,cciv2,43,0.08081493436854309,0,1,0.5891625285148621
1210275610813054976,cciv2,43,0.12290372209216142,0,0,0.32297712564468384
1635345125575626752,cciv2,43,0.006620037934024914,0,0,0.31542661786079407
1381927979090075651,cciv2,43,0.22586780257443384,0,0,0.3875027000904083
1345012434608795650,cciv2,43,0.046631496465899154,0,1,0.5903747081756592
1286035333755305984,cciv2,43,0.013209011972715482,0,0,0.33383122086524963
1554196257270284294,cciv2,43,0.040578354627247445,0,0,0.3020492494106293
1090985813398061056,cciv2,43,0.5072173983715244,1,1,0.7399317622184753
1212830436012908544,cciv2,43,0.1762223886554256,0,0,0.42112424969673157
1539054160896827392,cciv2,43,0.005418143504211484,0,0,0.4344210922718048
1270774783958016005,cciv2,43,0.00024552513717378195,0,0,0.3490474224090576
1205464611157413888,cciv2,43,0.11129376656053587,1,1,0.6316654682159424
1470443338213957637,cciv2,43,0.009236798501091771,0,0,0.4023526906967163
1646682021396115456,cciv2,43,0.03355882046996715,0,0,0.3580695688724518
1103688981038985217,cciv2,43,0.0803106637613479,0,0,0.34737518429756165
1396961028102053893,cciv2,43,0.10338914914339356,1,0,0.4171615540981293
1103013290916175874,cciv2,43,0.015843861433729962,0,0,0.3370411694049835
1284764621560315904,cciv2,43,0.02944842218851789,0,0,0.33609557151794434
1281292234013446145,cciv2,43,0.0019944340366999853,0,0,0.30617886781692505
1636400650786426883,cciv2,43,0.05455936249529373,0,0,0.4815150201320648
1219628821881802753,cciv2,43,0.11837635566014462,0,0,0.4610453248023987
1585465243727056896,cciv2,43,0.0,0,0,0.4581224024295807
1517548575332265984,cciv2,43,0.00824746012210079,0,0,0.3554956912994385
1223652621153722372,cciv2,43,0.06748927899570167,0,0,0.34004464745521545
1106562886778998785,cciv2,43,0.0,1,1,0.6538119912147522
1518553007582892032,cciv2,43,0.058508742197900705,0,0,0.30072495341300964
1397954044455391233,cciv2,43,0.10259234228803159,0,1,0.5893834233283997
1252073855046352897,cciv2,43,0.11688747360546577,0,0,0.48043641448020935
1515229140768546819,cciv2,43,0.019923224042460767,1,0,0.44668659567832947
1542539148841607169,cciv2,43,0.0443659087190897,0,1,0.5950203537940979
1427586547621236739,cciv2,43,0.14184516419247306,0,0,0.2975100874900818
1177946201179578368,cciv2,43,0.32057291551628725,0,0,0.44926610589027405
1253687689410416641,cciv2,43,0.041262156122370504,0,0,0.30679136514663696
1222396158653259777,cciv2,43,0.034363523960523085,0,0,0.3425275981426239
1217246308743962624,cciv2,43,0.11952885161520191,0,0,0.4113844633102417
1382668135690428419,cciv2,43,0.0035297265103289193,0,0,0.33514609932899475
1650582626758180865,cciv2,43,0.0,0,0,0.4201251268386841
1252009084078997505,cciv2,43,0.1433054851526396,1,0,0.4122958779335022
1248241876005724161,cciv2,43,0.027297553942958807,0,0,0.3615368902683258
1543360155651391500,cciv2,43,0.03349552385274698,0,1,0.7341794371604919
1318980851808481281,cciv2,43,0.09497357919524821,0,0,0.3424101173877716
1397587532574040069,cciv2,43,0.02846520786132858,0,0,0.3439446687698364
1466454112279662604,cciv2,43,0.06081710391134443,0,0,0.23391230404376984
1526762269064974346,cciv2,43,0.16502370335603123,1,1,0.596426784992218
1566132180467814400,cciv2,43,0.03556854368423701,0,0,0.2391456663608551
1644717646246473736,cciv2,43,0.04886375877974624,0,0,0.2367977648973465
1573081978949505024,cciv2,43,0.06719636577990466,1,1,0.5537986159324646
1544818240484155392,cciv2,43,0.03144139429142201,0,0,0.37502384185791016
1121874377631465474,cciv2,43,0.10774893135217968,0,0,0.3144334554672241
1291623819572989955,cciv2,43,0.22285266087377048,1,1,0.6027633547782898
1580600904746962945,cciv2,43,0.05597126113677263,1,1,0.748655378818512
1428807603031789569,cciv2,43,0.04589393884985961,0,0,0.4712621569633484
1109061649242226688,cciv2,43,0.07728365137086331,0,0,0.38435718417167664
1392756158914600960,cciv2,43,0.05475163974621031,0,0,0.3620133399963379
1133067761184378885,cciv2,43,0.5654974376767593,1,1,0.772454559803009
1468658508014911492,cciv2,43,0.13675226792022627,0,0,0.4125231206417084
1579549222038560768,cciv2,43,0.053849256285258114,0,0,0.2798740267753601
1644465858670993409,cciv2,43,0.005090575713635503,1,0,0.45175617933273315
1506076192130191360,cciv2,43,0.11418876801517602,0,0,0.2817689776420593
1159696677130948608,cciv2,43,0.037399578734670855,0,0,0.37229180335998535
1633114503305936899,cciv2,43,0.06337567513780511,0,1,0.6629483699798584
1128058851188670470,cciv2,43,0.040855168107471716,0,0,0.3745860159397125
1296858111521648640,cciv2,43,0.20385919682167428,0,1,0.6225603222846985
1187403288007888898,cciv2,43,0.0,0,0,0.3559926152229309
1458036894860775426,cciv2,43,0.033392953940856264,0,0,0.4123893976211548
1356378388164976645,cciv2,43,0.061905345316991676,0,0,0.3735322654247284
1517749284304695298,cciv2,43,0.047778806951689755,0,0,0.48488929867744446
1256562515288494082,cciv2,43,0.059112213502734934,0,0,0.3128005862236023
1526056251007852544,cciv2,43,0.018177854962033634,0,0,0.36772820353507996
1352771322863116288,cciv2,43,0.07552414156721936,0,1,0.5999417901039124
1393789126772543490,cciv2,43,0.2805319527157127,0,0,0.32074931263923645
1360239202827403267,cciv2,43,0.06604702328872662,0,0,0.3602151870727539
1353190490305392640,cciv2,43,0.009774928104128944,0,0,0.47653335332870483
1357201397838618624,cciv2,43,0.10351266058053663,0,0,0.387239933013916
1255823949532987397,cciv2,43,0.18239739336873914,1,0,0.4512363374233246
1272891981480497152,cciv2,43,0.05042218929827253,0,0,0.3302668631076813
1354349851581034498,cciv2,43,0.0715106657433969,0,0,0.30197587609291077
1120663055526957062,cciv2,43,0.13801618127386542,0,0,0.37323522567749023
1283401552032456705,cciv2,43,0.07373464344214606,0,0,0.37778496742248535
1524755538415861761,cciv2,43,0.04480466814411523,0,1,0.6087523698806763
1399745357555322889,cciv2,43,0.18673412757844302,0,0,0.37279725074768066
1519841120473202688,cciv2,43,0.0071543646020096,0,0,0.3029518127441406
1300150538668060674,cciv2,43,0.043399186239373666,0,0,0.4507513642311096
1209982157982248961,cciv2,43,0.11984760976939948,0,1,0.6289302110671997
1645009221635694593,cciv2,43,0.006417820995810582,1,1,0.736079752445221
1215515751496339456,cciv2,43,0.06944805279549698,0,0,0.3122003376483917
1426471423086764033,cciv2,43,0.022139668548165542,1,1,0.5528202652931213
1232887804969078789,cciv2,43,0.05596531888360755,1,1,0.7187666893005371
1407469081494757382,cciv2,43,0.042535629155651865,0,0,0.3159451186656952
1470482593539837954,cciv2,43,0.013215707088874347,0,0,0.31061169505119324
1413068266759655427,cciv2,43,0.004031720100715984,0,0,0.3604820966720581
1229152388851929091,cciv2,43,0.06611647603479212,0,0,0.34005025029182434
1286027681230753793,cciv2,43,0.12100163417086789,0,0,0.33987563848495483
1415047667613327369,cciv2,43,0.09373736108401894,0,0,0.34586140513420105
1394017841121308673,cciv2,43,0.002025160968860428,1,1,0.7596022486686707
1085296318040473600,cciv2,43,0.08367110781444004,0,0,0.39974740147590637
1434894931143929858,cciv2,43,0.09247178581661175,0,0,0.3628024458885193
1256536483332317184,cciv2,43,0.06499657227548333,0,0,0.35232266783714294
1600224079482454016,cciv2,43,0.04806591149492351,0,0,0.2850126326084137
1567171489509564416,cciv2,43,0.14558993624629613,0,0,0.35172760486602783
1556401396651397120,cciv2,43,0.03925871511418835,0,0,0.279710978269577
1258474383900893189,cciv2,43,0.005993411884665056,0,0,0.3617842197418213
1207550765260132353,cciv2,43,0.27661019311898366,0,0,0.2926681935787201
1449058322360020992,cciv2,43,0.12448162284497793,0,0,0.35624387860298157
1455148755435630594,cciv2,43,0.0435051608363818,0,0,0.23512069880962372
1223994516903997444,cciv2,43,0.0419279605542322,0,0,0.3361363410949707
1284281138467319808,cciv2,43,0.01058712181747578,0,0,0.49813562631607056
1578140790592782336,cciv2,43,0.007151972151537906,1,0,0.3693671226501465
1222708257648594944,cciv2,43,0.22552776464135046,0,0,0.4132333993911743
1250166932768088064,cciv2,43,0.6042510916079713,1,1,0.7516782879829407
1232852903909441537,cciv2,43,0.5212203096432945,1,1,0.7555311322212219
1311402290167783424,cciv2,43,0.01315606284183071,0,0,0.45997628569602966
1245701249732734977,cciv2,43,0.05490989652862723,1,0,0.36707332730293274
1212868104658849795,cciv2,43,0.16441094660622854,0,0,0.40770095586776733
1352210396833337345,cciv2,43,0.024200205827152474,0,0,0.3801051080226898
1241946825055141889,cciv2,43,0.05206344705801802,0,0,0.2920169234275818
1260225918980816902,cciv2,43,0.061723699376638096,0,0,0.31520798802375793
1393777583414669317,cciv2,43,0.08617700041562401,0,0,0.27783486247062683
1229308060419514369,cciv2,43,0.09598511878577566,0,0,0.3089946508407593
1229222882112348166,cciv2,43,0.005034478327714543,0,0,0.2857281267642975
1588261196573986816,cciv2,43,0.004984320344517761,1,1,0.7529518008232117
1462395459557810176,cciv2,43,0.007994417458845944,0,0,0.3939637243747711
1442869344946454529,cciv2,43,0.0004341295491634384,0,0,0.28743740916252136
1255605234619072519,cciv2,43,0.23159868620517063,0,0,0.4548690617084503
1499012058175655938,cciv2,43,0.25212896041258215,0,0,0.3814263641834259
1462851931945283589,cciv2,43,0.17385609898668744,0,0,0.42896851897239685
1247576003800686600,cciv2,43,0.02103955945027636,0,0,0.30654478073120117
1104601295523000323,cciv2,43,0.12569745789050887,1,0,0.4661405682563782
1263682260768681986,cciv2,43,0.09032878866230465,0,0,0.3814958930015564
1123871012746092545,cciv2,43,0.18509013154816265,0,0,0.2683275043964386
1600150773924450304,cciv2,43,0.03240363791912989,0,1,0.6631260514259338
1236854787334909953,cciv2,43,0.2178177812922063,0,0,0.4731855094432831
1397658343041339392,cciv2,43,0.14433687137465728,0,1,0.5506577491760254
1454323555420803073,cciv2,43,0.0077231819328888165,0,0,0.481751412153244
1619614295335239680,cciv2,43,0.028628049388100048,0,0,0.3153606057167053
1345745635924992000,cciv2,43,0.16009714285676183,1,1,0.6071385145187378
1219355089854439424,cciv2,43,0.025229921477972775,1,0,0.43017664551734924
1233846578366078986,cciv2,43,0.032895833079931255,1,1,0.5594059228897095
1310174329653530624,cciv2,43,0.010295100780164514,0,0,0.41410648822784424
1421844891404062726,cciv2,43,0.11926839638014163,0,0,0.3392431437969208
1393372156482949129,cciv2,43,0.2872140383049545,0,1,0.5486602783203125
1267842168128966657,cciv2,43,0.012257239566311045,0,1,0.5742813348770142
1555651653453348865,cciv2,43,0.02147177918012227,0,0,0.399476021528244
1389360261270806533,cciv2,43,0.1749777602809867,0,0,0.3361307382583618
1576232372063772672,cciv2,43,0.02991829156571639,0,0,0.4538911283016205
1518769899996606464,cciv2,43,0.027300405384142058,0,0,0.38720253109931946
1298736963000901632,cciv2,43,0.10036436638210874,0,0,0.4171997308731079
1194722327952547844,cciv2,43,0.10925220112807477,1,1,0.6225666999816895
1604141984712531968,cciv2,43,0.06088021355295523,1,1,0.5325086116790771
1266753810392854529,cciv2,43,0.02690861055733821,0,0,0.35858607292175293
1417123755390689287,cciv2,43,0.16417714847484585,0,0,0.48390817642211914
1288838940569620483,cciv2,43,0.02096360048835671,0,0,0.36604365706443787
1412564686516666369,cciv2,43,0.017639819218969743,0,0,0.32334768772125244
1376823894569443329,cciv2,43,0.032015710402100335,0,0,0.24041087925434113
1369368335532589061,cciv2,43,0.26664484407288624,0,0,0.354317307472229
1224738215652814849,cciv2,43,0.14046433789961948,0,0,0.30959904193878174
1185557829501018114,cciv2,43,0.05911213954797198,1,0,0.3006303906440735
1274205440239374337,cciv2,43,0.16169958730294587,0,0,0.3574623763561249
1509567860095569937,cciv2,43,0.03890672944626358,0,0,0.3091185390949249
1457557396973187088,cciv2,43,0.1683704299392794,0,0,0.2821024954319
1238978053633716226,cciv2,43,0.10589359217911132,0,0,0.34274157881736755
1137416842560118784,cciv2,43,0.01068617033925703,0,0,0.2918153405189514
1474945563271606273,cciv2,43,0.025565929509086174,0,0,0.31342506408691406
1601901750096924674,cciv2,43,0.2384671527968996,0,1,0.5216249823570251
1249002861129863170,cciv2,43,0.08610938056824219,0,0,0.3395569622516632
1289575405611921411,cciv2,43,0.0032574802955389055,0,0,0.4387732446193695
1263521952364474368,cciv2,43,0.0468593586943623,0,1,0.5621627569198608
1468332039216803847,cciv2,43,0.17719574468823338,0,0,0.36853018403053284
1487758635275014149,cciv2,43,0.11039345092420116,0,0,0.4444604516029358
1609464228045365248,cciv2,43,0.0,0,0,0.4399515986442566
1355618686770569219,cciv2,43,0.04800241319607685,0,0,0.33154070377349854
1232922381544386560,cciv2,43,0.4036267960867924,1,1,0.7644633650779724
1345353737368457221,cciv2,43,0.2732489455706767,0,0,0.41119739413261414
1263926391474491392,cciv2,43,0.011359394402151864,0,1,0.7114154100418091
1262954263384334338,cciv2,43,0.04558751442217021,0,0,0.3649532198905945
1355356438714003459,cciv2,43,0.0497860887388552,0,0,0.35360652208328247
1478755285934252032,cciv2,43,0.005705572667403699,0,0,0.3853748142719269
1247933746881462273,cciv2,43,0.01753406180474067,0,1,0.5041705369949341
1114201210960085002,cciv2,43,0.021326920263879248,0,0,0.30805346369743347
1567548400983228421,cciv2,43,0.07051936287458799,1,0,0.4257694184780121
1393566849275555845,cciv2,43,0.09072090900351318,0,0,0.43298402428627014
1440444267135004681,cciv2,43,0.17433604001610772,0,0,0.402654767036438
1569022602882039812,cciv2,43,0.0626051074014234,0,0,0.39261937141418457
1268796619761291264,cciv2,43,0.015170444348524811,0,0,0.37546414136886597
1466588575697309698,cciv2,43,0.16181547068338642,0,0,0.34894058108329773
1358471344753569792,cciv2,43,0.011847279671245596,0,0,0.4256182610988617
1466314626426146818,cciv2,43,0.002719378240903874,0,0,0.3746563196182251
1559265728037109765,cciv2,43,0.050909740086896686,0,0,0.41046205163002014
1285236887599419392,cciv2,43,0.023633884677793652,0,0,0.29516226053237915
1421202358105690121,cciv2,43,0.06659173596672384,0,0,0.30117708444595337
1230462416368099328,cciv2,43,0.12089430157437729,0,0,0.3717358708381653
1276280108278415360,cciv2,43,0.03781725568175009,0,0,0.3586699962615967
1251955772797399044,cciv2,43,0.26197143938932865,0,0,0.36953699588775635
1252583581685252097,cciv2,43,0.05737450219721433,0,0,0.28642529249191284
1564590802348949504,cciv2,43,0.0,0,0,0.4380130171775818
1566917637564768256,cciv2,43,0.009192756322732212,0,0,0.36688169836997986
1599649990762434560,cciv2,43,0.002426828052578546,0,0,0.4317496716976166
1575021890040537090,cciv2,43,0.11845302035032415,0,1,0.5251399874687195
1645040637119438848,cciv2,43,0.08221106736742902,0,0,0.24290399253368378
1594193136632623104,cciv2,43,0.10147505326185062,0,1,0.5532532334327698
1188204586290561026,cciv2,44,0.1551226212711181,1,1,0.8290080428123474
1393758809622032390,cciv2,44,0.003554567938154286,0,0,0.20363645255565643
1229832103891595264,cciv2,44,0.034537079900214845,0,0,0.20092208683490753
1125194075316064256,cciv2,44,0.09969557757759544,0,1,0.5798401832580566
1523450483053973504,cciv2,44,0.1427846263323888,0,0,0.24695171415805817
1345256046571495424,cciv2,44,0.017542631369423863,0,0,0.20996591448783875
1236714045341929481,cciv2,44,0.040613167612231625,0,0,0.24153819680213928
1394295651266187265,cciv2,44,0.08380957179196619,0,1,0.5271002054214478
1154438465280516096,cciv2,44,0.08428346771373062,0,0,0.2072029411792755
1619516286312263681,cciv2,44,0.030089612745027566,0,0,0.438312828540802
1396537342085718017,cciv2,44,0.05838344368933585,0,0,0.2868284285068512
1443682627614093314,cciv2,44,0.014834817643228118,0,0,0.23699736595153809
1465147721724178432,cciv2,44,0.029718861370565838,1,1,0.8041791915893555
1255492458164752387,cciv2,44,0.005655092687399086,0,0,0.28544238209724426
1290986576667869185,cciv2,44,0.4116560630066933,0,0,0.37909746170043945
1514288582332145670,cciv2,44,0.0211721081818025,0,0,0.3381883203983307
1272357521324474368,cciv2,44,0.08459774291096976,0,0,0.20297649502754211
1487252560700481537,cciv2,44,0.07683993123111596,0,1,0.5720959305763245
1273740261621809154,cciv2,44,0.05471831359834576,0,0,0.22178950905799866
1317661755363921920,cciv2,44,0.14058634295574454,0,0,0.2843385934829712
1468405253758406661,cciv2,44,0.014640953783107098,0,0,0.2151896208524704
1514920455643279365,cciv2,44,0.009079055979465941,0,0,0.20735612511634827
1291784215021805569,cciv2,44,0.33600056292597136,0,0,0.2416614145040512
1357469393727365122,cciv2,44,0.034106475297732516,0,0,0.24695107340812683
1248174910977040385,cciv2,44,0.03635185002795593,0,0,0.2334781438112259
1287073267526897666,cciv2,44,0.06617174694022636,0,0,0.2588508129119873
1116066316874670081,cciv2,44,0.16914643325491022,1,1,0.823750913143158
1296511371367124992,cciv2,44,0.06477011207549165,0,0,0.20763427019119263
1345166234330017792,cciv2,44,0.11628643878411392,0,0,0.21196448802947998
1245501628112867328,cciv2,44,0.03269374515530428,0,0,0.23570136725902557
1578931526238343168,cciv2,44,0.001719809131879253,0,0,0.31794893741607666
1286957308447260673,cciv2,44,0.06371835816894549,1,1,0.8198872208595276
1393552840891719685,cciv2,44,0.08975220783642128,0,0,0.2132326066493988
1262815859732611075,cciv2,44,0.37589773493838163,1,1,0.6055183410644531
1599404086688092160,cciv2,44,0.03701446233391174,0,0,0.2780599296092987
1648029372983439367,cciv2,44,0.03094763849182458,0,0,0.19006980955600739
1265957010501230593,cciv2,44,0.007492876469612661,0,0,0.22122402489185333
1246464469087256576,cciv2,44,0.11483185829484709,1,0,0.31431275606155396
1211183459105796098,cciv2,44,0.04216019007227935,0,0,0.2022908627986908
1118338313876844544,cciv2,44,0.05848941920601285,0,0,0.2033749520778656
1135216071525511173,cciv2,44,0.014386272019537382,0,0,0.4051898717880249
1527387745693224986,cciv2,44,0.21953817988832808,0,0,0.2178286612033844
1232990916899561473,cciv2,44,0.3571112209551734,1,1,0.8137444853782654
1345987250904068096,cciv2,44,0.00032061443082526564,0,0,0.18911130726337433
1546816084149501953,cciv2,44,0.08216338258624972,0,0,0.20240774750709534
1457806433853005827,cciv2,44,0.010188153067002065,0,0,0.27957749366760254
1402937907342544899,cciv2,44,0.05621346602714752,0,0,0.2203708291053772
1603080434526859264,cciv2,44,0.009288991119415592,0,0,0.34856104850769043
1109748138515054592,cciv2,44,0.09817716036077712,1,1,0.8255740404129028
1488409288750284801,cciv2,44,0.014849659819988556,0,0,0.212403804063797
1532553712199245827,cciv2,44,0.12529650504124526,0,0,0.3069858253002167
1491463980329570304,cciv2,44,0.015638520904924888,0,0,0.2358689159154892
1611222836924010498,cciv2,44,0.04802932928944446,0,0,0.32197460532188416
1537808851155795975,cciv2,44,0.00289724560944481,0,0,0.2243424654006958
1630179384375263232,cciv2,44,0.05431837292349862,0,0,0.22238442301750183
1393745779857272832,cciv2,44,0.07340618912152913,1,1,0.7449084520339966
1509126359607660551,cciv2,44,0.06942621856731922,0,0,0.2024030238389969
1126878156294586368,cciv2,44,0.02276241747328458,0,0,0.2215728461742401
1225297729506594818,cciv2,44,0.07393301448316064,0,0,0.34657955169677734
1394107831834476547,cciv2,44,0.04118322333141357,0,0,0.33476701378822327
1260269776150159360,cciv2,44,0.01418058368393161,0,0,0.3203480839729309
1488747638602153986,cciv2,44,0.0691774755171579,0,0,0.2307399958372116
1270348242543423488,cciv2,44,0.09575258812349127,0,0,0.24595984816551208
1244176666802479104,cciv2,44,0.09434028290342752,0,0,0.2068704217672348
1539951759405109249,cciv2,44,0.024088129541442384,0,0,0.24965524673461914
1395747592307417092,cciv2,44,0.0010097313358833008,0,0,0.2687051296234131
1508152963587579909,cciv2,44,0.02396870997288865,0,0,0.20671983063220978
1224025761092448257,cciv2,44,0.05167621721900172,0,1,0.582883894443512
1263867135194996737,cciv2,44,0.0521407970312985,0,0,0.20467883348464966
1577071902572818434,cciv2,44,0.038900054235321134,0,0,0.24421393871307373
1508857749089787912,cciv2,44,0.00967950833545161,0,0,0.19813396036624908
1224373966363512833,cciv2,44,0.025034217113395478,0,0,0.2223491668701172
1103282085832343555,cciv2,44,0.12808660257569895,0,0,0.23513706028461456
1109170436078817282,cciv2,44,0.03851206994444493,0,0,0.21496649086475372
1098057857482641408,cciv2,44,0.4183559313882922,1,1,0.8022698163986206
1261011012100198404,cciv2,44,0.0,1,0,0.24708881974220276
1237111189722640385,cciv2,44,0.0962982390923624,0,0,0.19920632243156433
1115609269838024704,cciv2,44,0.1738877804281985,0,0,0.23787109553813934
1293886666080260097,cciv2,44,0.0375039186587006,0,0,0.2030019909143448
1395833782863814657,cciv2,44,0.0,0,0,0.2269367277622223
1247909286568701958,cciv2,44,0.15255363657037452,0,0,0.20678016543388367
1352044283587489792,cciv2,44,0.04643042020240919,0,0,0.22792793810367584
1258110002906136578,cciv2,44,0.04381330426797086,0,0,0.21190769970417023
1461202741666140161,cciv2,44,0.009056144261665115,0,0,0.3301970660686493
1258017440362979332,cciv2,44,0.010645599809424628,0,0,0.2141401469707489
1393327980387131398,cciv2,44,0.00553333518396573,0,0,0.23646843433380127
1648322447089840140,cciv2,44,0.05418004690897734,0,1,0.5593751072883606
1356256969359822851,cciv2,44,0.021999167833645757,0,0,0.20277772843837738
1199437211772575744,cciv2,44,0.028705264960626427,0,0,0.2251032143831253
1345112406326915074,cciv2,44,0.01758498678409524,0,0,0.22272571921348572
1345737420101324806,cciv2,44,0.03381995684005055,0,0,0.2110605388879776
1392990438546710533,cciv2,44,0.0023722577953064904,0,1,0.5979804396629333
1451592600918663172,cciv2,44,0.029518335540282607,0,0,0.21655574440956116
1547841356113948674,cciv2,44,0.0,0,0,0.22745074331760406
1313636764506968064,cciv2,44,0.0066147248895705585,0,0,0.198159322142601
1354461395862040576,cciv2,44,0.10591901776489256,0,0,0.183543398976326
1255336798319972356,cciv2,44,0.030661493013268534,0,0,0.22207039594650269
1346224388128051200,cciv2,44,0.001726832704702936,0,0,0.22776444256305695
1193142802965782528,cciv2,44,0.19726519041968066,1,1,0.8332611918449402
1392146737423290368,cciv2,44,0.053052694788917006,0,0,0.2702798843383789
1226462657177210880,cciv2,44,0.1509513560392791,1,0,0.47823721170425415
1345755511002689545,cciv2,44,0.05143200186434881,1,1,0.7877641916275024
1593588138030804992,cciv2,44,0.02848095010051474,0,0,0.23181280493736267
1641175481511714816,cciv2,44,0.12362753808684007,0,0,0.38797667622566223
1565180170016735233,cciv2,44,0.0,0,0,0.3691176176071167
1577125319710248960,cciv2,44,0.03129395976902331,0,0,0.19047223031520844
1548349221429866498,cciv2,44,0.0038858497610144522,0,0,0.242074117064476
1298217767297003521,cciv2,44,0.021906012118162586,0,0,0.23277433216571808
1124008705845026823,cciv2,44,0.03900569128729755,0,0,0.19376489520072937
1246121373472378880,cciv2,44,0.14561480571905833,1,1,0.544462263584137
1345778047421562880,cciv2,44,0.03245697430019091,1,1,0.8123795986175537
1444988795108139008,cciv2,44,0.007333789788021441,1,0,0.24544499814510345
1275278623860305922,cciv2,44,0.22452710165788295,0,0,0.24162833392620087
1223263760950775808,cciv2,44,0.09024357844542036,0,0,0.2352544665336609
1466446193337196552,cciv2,44,0.10643561258939507,0,0,0.20191338658332825
1512367141198213123,cciv2,44,0.009474106988939203,0,0,0.1814894676208496
1451346708579897345,cciv2,44,0.14827205568731155,0,0,0.20440705120563507
1359732117211668481,cciv2,44,0.03409327952084274,0,0,0.23370283842086792
1204634292044697600,cciv2,44,0.025955739422970508,0,0,0.21011041104793549
1242197959413989377,cciv2,44,0.019151277604598744,0,0,0.23979616165161133
1345415514424750083,cciv2,44,0.010669420697995983,0,0,0.24520602822303772
1628172722969751552,cciv2,44,0.42659163271615064,0,0,0.30591073632240295
1123014488888893440,cciv2,44,0.06629305704244703,0,0,0.24687549471855164
1345690021563654144,cciv2,44,0.004715076394234396,0,0,0.2887977659702301
1504459560207147011,cciv2,44,0.0776684553287582,0,0,0.3456662595272064
1507052730803802122,cciv2,44,0.08759593130440324,0,0,0.30445897579193115
1270803144147075075,cciv2,44,0.0062478369961823125,1,1,0.6491389274597168
1274310552161079297,cciv2,44,0.013715224434176538,0,0,0.21575485169887543
1564334956100423680,cciv2,44,0.04743511501783412,0,0,0.2866297662258148
1388425054665510912,cciv2,44,0.08695108091430916,0,0,0.27241164445877075
1585359766754586624,cciv2,44,0.033113175412548254,1,1,0.8120179772377014
1463617131946205187,cciv2,44,0.028640048796014173,1,1,0.5634605288505554
1222296463822049281,cciv2,44,0.08630965040973489,0,0,0.21808971464633942
1218986472197566464,cciv2,44,0.053415763283313926,0,0,0.35443317890167236
1594755480441733131,cciv2,44,0.6679557520202716,1,1,0.6797893047332764
1508215661482463238,cciv2,44,0.10686629517655331,0,0,0.2600884437561035
1216725210507902979,cciv2,44,0.03575515676007437,0,0,0.20379163324832916
1192249138957582338,cciv2,44,0.0863571537398691,0,0,0.20254471898078918
1452130397932998657,cciv2,44,0.024772233826261435,0,0,0.23224513232707977
1117368474597318661,cciv2,44,0.07756961834899294,0,0,0.1978209763765335
1491416161812361216,cciv2,44,0.11928250587330357,0,1,0.64143306016922
1307141355915927553,cciv2,44,0.19552538499311234,1,0,0.4337393641471863
1519509018271789056,cciv2,44,0.0,0,0,0.2752821743488312
1482268883465777157,cciv2,44,0.06597798564689006,0,0,0.3509930670261383
1291416524264222721,cciv2,44,0.0527428135360567,0,0,0.19784517586231232
1530459713028390913,cciv2,44,0.0129881295710951,0,0,0.2047116756439209
1606670420719067139,cciv2,44,0.2284219456185454,1,0,0.48986390233039856
1514890228493963265,cciv2,44,0.0,0,0,0.21305349469184875
1499672184414998536,cciv2,44,0.008106980179822964,0,0,0.2771720886230469
1347316666028478466,cciv2,44,0.17591012738226025,0,0,0.23317617177963257
1648058784890372097,cciv2,44,0.035282199863065515,0,0,0.18905720114707947
1227781168109506560,cciv2,44,0.03801674925186784,0,0,0.22762320935726166
1379807592143290370,cciv2,44,0.02453607966938556,0,0,0.18539828062057495
1487026637099126784,cciv2,44,0.04407559880775142,0,0,0.2046552449464798
1355165540453642240,cciv2,44,0.043845549211502355,0,0,0.22683703899383545
1298413749121024004,cciv2,44,0.10364992944926385,0,0,0.29275378584861755
1575263521750847491,cciv2,44,0.0,0,0,0.22838863730430603
1233438028846125058,cciv2,44,0.05347038154879454,0,0,0.20693883299827576
1628082486772215841,cciv2,44,0.06019299593865937,0,0,0.2548803687095642
1399046300872675328,cciv2,44,0.05683332227024306,0,0,0.2203645408153534
1259954791591133185,cciv2,44,0.002784747157024785,1,0,0.23152019083499908
1586732526223040512,cciv2,44,0.07731270732074126,0,0,0.22905360162258148
1445380143384514561,cciv2,44,0.017721992008059483,0,0,0.2352118343114853
1498475514394288129,cciv2,44,0.04091587919949977,0,0,0.21524257957935333
1190205141380583424,cciv2,44,0.3024996963959011,1,1,0.8181734681129456
1377716013916172292,cciv2,44,0.03459205112616451,0,0,0.18318109214305878
1355641493956874241,cciv2,44,0.08060665562374901,0,0,0.2437005639076233
1393667052968333318,cciv2,44,0.09837490907503983,0,0,0.2980080246925354
1587412786375557120,cciv2,44,0.10072700505955635,1,1,0.5138223171234131
1300489088198496258,cciv2,44,0.011730883857551427,0,0,0.22193442285060883
1637493415016296449,cciv2,44,0.08594668433438131,0,0,0.24176044762134552
1380751228171354112,cciv2,44,0.03453012219586265,0,0,0.2039189636707306
1120860417645895680,cciv2,44,0.33813495505303487,1,1,0.7524248361587524
1319668055367208961,cciv2,44,0.03968436211792904,0,0,0.18870171904563904
1392520237539549188,cciv2,44,0.007858337272185573,0,0,0.20992328226566315
1397398267806236676,cciv2,44,0.03937906817959665,0,0,0.23965764045715332
1407216852875452443,cciv2,44,0.005089570746458045,0,0,0.24249319732189178
1393616932696432640,cciv2,44,0.12678155406759772,0,0,0.20972946286201477
1445042996408246275,cciv2,44,0.04446215380170444,1,1,0.8054980635643005
1592051401177591808,cciv2,44,0.1112864197689164,1,0,0.26829227805137634
1297284021282537472,cciv2,44,0.009045736694591154,0,0,0.25662076473236084
1639011015076478977,cciv2,44,0.04252409515622405,0,0,0.34108901023864746
1405155653988098056,cciv2,44,0.04296669935775419,0,0,0.21223905682563782
1298280815273672705,cciv2,44,0.10381269718465692,0,0,0.2747143507003784
1600473720186773505,cciv2,44,0.09852951540232127,1,1,0.6217042803764343
1469703539081449472,cciv2,44,0.016538119314970755,0,0,0.19474831223487854
1268558839214899201,cciv2,44,0.02608601075074936,0,0,0.2509869933128357
1345451046475354112,cciv2,44,0.05810160749882329,1,1,0.7748219966888428
1270982396121214978,cciv2,44,0.023161756317876793,1,0,0.22413939237594604
1411961344962686978,cciv2,44,0.01656300972713025,0,0,0.21126240491867065
1276793702472716289,cciv2,44,0.08033782117137526,0,0,0.22859704494476318
1556353135844679680,cciv2,44,0.060511426579431975,0,1,0.7689805626869202
1293954705257684992,cciv2,44,0.2063184126768303,0,0,0.27752557396888733
1171163784762839042,cciv2,44,0.05331670739570376,0,0,0.19796335697174072
1122994928299036677,cciv2,44,0.12097127844863963,1,1,0.8203485012054443
1298402312868724736,cciv2,44,0.015239567636772273,0,0,0.21353651583194733
1286786961542455298,cciv2,44,0.04046279672199158,0,0,0.21288622915744781
1396689194106294278,cciv2,44,0.16734921469166833,0,0,0.2612455487251282
1563287160908042241,cciv2,44,0.020015620770057387,0,0,0.4516794979572296
1541730204648935425,cciv2,44,0.16985356194074475,1,1,0.8158190250396729
1268895623278850050,cciv2,44,0.018735683685104323,0,0,0.2211698293685913
1451370158367264777,cciv2,44,0.027199693153853795,0,1,0.7615498304367065
1491958977667682308,cciv2,44,0.045532894363950555,0,0,0.26373761892318726
1396966089708425218,cciv2,44,0.08109409630206871,0,0,0.19903361797332764
1442978128394014722,cciv2,44,0.023399088840121828,0,0,0.24176636338233948
1458514255716786182,cciv2,44,0.07757474817469615,0,0,0.30907443165779114
1321845326555176960,cciv2,44,0.004297720315563085,0,0,0.2099495828151703
1633559221227642883,cciv2,44,0.08345700413004792,0,0,0.2769477665424347
1586647573368037376,cciv2,44,0.06294323970323078,1,1,0.8188192248344421
1241856213811412992,cciv2,44,0.015704662011048566,0,0,0.21221737563610077
1647374538324189184,cciv2,44,0.00013014477789555665,0,0,0.3570985496044159
1345235597749854208,cciv2,44,0.0961078156754735,1,1,0.8153102993965149
1239012712673411078,cciv2,44,0.0,0,0,0.4882785677909851
1582437173277601792,cciv2,44,0.21191295337114088,0,0,0.24588339030742645
1120591069526228997,cciv2,44,0.12603478053567502,0,0,0.2315867394208908
1283422598613868546,cciv2,44,0.010916130638402346,0,0,0.21562008559703827
1196747794264051713,cciv2,44,0.03600593134745453,0,0,0.2719249129295349
1300022096064520193,cciv2,44,0.02333391724993097,1,1,0.538442075252533
1347894076318879744,cciv2,44,0.08777968857200903,0,0,0.27727699279785156
1343348218743164928,cciv2,44,0.021655326996106734,0,0,0.20161934196949005
1288266046248562689,cciv2,44,0.023718424287537416,0,0,0.22437885403633118
1394273212100456448,cciv2,44,0.0699331508969939,1,1,0.8227493762969971
1345212454469566466,cciv2,44,0.01823417670636074,0,0,0.2183285653591156
1316806707725709314,cciv2,44,0.011077377345996441,0,0,0.34214892983436584
1274382276730802176,cciv2,44,0.08931046392239915,0,0,0.33818018436431885
1630353342328107008,cciv2,44,0.12940024079624024,0,0,0.2203550934791565
1518388184870178816,cciv2,44,0.04193109702687224,0,0,0.22881755232810974
1597318794422411265,cciv2,44,0.08864461084686015,0,0,0.23899756371974945
1297728264358813698,cciv2,44,0.007630639712392364,0,0,0.22616343200206757
1092607702524743680,cciv2,44,0.02765659707205746,0,0,0.22212642431259155
1558159706383912964,cciv2,44,0.049708932402332255,0,0,0.21348349750041962
1574261143576535040,cciv2,44,0.04244781509841935,1,1,0.8248169422149658
1401102417559580678,cciv2,44,0.005665223030799325,0,0,0.2698120176792145
1308105045452390403,cciv2,44,0.18849751594488845,0,0,0.24603460729122162
1508194787001831431,cciv2,44,0.05134236922914322,0,0,0.2215200513601303
1232601234143678464,cciv2,44,0.12732030315587065,0,1,0.6799535155296326
1283393408778870785,cciv2,44,0.042170029000392927,0,0,0.2531139552593231
1515204878397849601,cciv2,44,0.119204680630227,0,0,0.20179978013038635
1542274011576602626,cciv2,44,0.022755441626442233,0,1,0.5429049134254456
1293974461662793728,cciv2,44,0.12434285194894386,0,0,0.3805096447467804
1211490408754270210,cciv2,44,0.0014889174166604741,0,0,0.2113286554813385
1097212292893196289,cciv2,44,0.5762937297820612,1,1,0.8296272158622742
1581970735957872640,cciv2,44,0.1779057591353289,0,0,0.23014387488365173
1225984535046840320,cciv2,44,0.08982197313326581,1,1,0.7415910363197327
1604186809625415680,cciv2,44,0.012361825572482141,0,0,0.20718446373939514
1163972893765775365,cciv2,44,0.24240218485290807,0,0,0.21288199722766876
1341775550189350912,cciv2,44,0.034292786595157,0,0,0.2282015085220337
1286748877563891713,cciv2,44,0.07281889031293795,0,0,0.23487070202827454
1460712630553923584,cciv2,44,0.14985772090372004,0,0,0.22244426608085632
1477825713206177792,cciv2,44,0.019191311209055303,0,0,0.2195514589548111
1284434882140176389,cciv2,44,0.09503762992289237,1,1,0.5413386821746826
1255205589396979724,cciv2,44,0.03144828706059173,0,0,0.1800437569618225
1449353935626588163,cciv2,44,0.016655000140351036,0,0,0.23295824229717255
1287098479496634370,cciv2,44,0.01677113194873494,0,0,0.22550272941589355
1241902809592803328,cciv2,44,0.3686004625997927,1,1,0.8267545700073242
1235962772770283522,cciv2,44,0.099015212446704,0,0,0.20694425702095032
1448053433374740482,cciv2,44,0.024113529772966286,0,0,0.21462540328502655
1282333713267859458,cciv2,44,0.09397242603437193,1,1,0.66606605052948
1325795907514863622,cciv2,44,0.03190092551517693,0,0,0.19381706416606903
1417228816808820741,cciv2,44,0.03894060967599741,0,0,0.22390392422676086
1611744750368956416,cciv2,44,0.0689022048715751,0,0,0.21426013112068176
1521292300260888578,cciv2,44,0.02447632378738172,0,0,0.1943131387233734
1203555334805164033,cciv2,44,0.2550780639120478,1,1,0.8043661117553711
1580245639979749377,cciv2,44,0.14125408703672346,0,0,0.2626047432422638
1463578662922604548,cciv2,44,0.4260452094947071,0,0,0.22774282097816467
1449684061912510466,cciv2,44,0.011733061018406227,0,0,0.1927003562450409
1152034933176590336,cciv2,44,0.21366924395592277,1,1,0.8332854509353638
1584558203626434560,cciv2,44,0.02484284096176986,0,0,0.2906660735607147
1553717576458534912,cciv2,44,0.06248851089993885,0,0,0.2244548797607422
1255567029551144964,cciv2,44,0.033613209791407285,0,0,0.22643761336803436
1545151228413415425,cciv2,44,0.42662798959921855,1,1,0.8135793209075928
1468967696523878410,cciv2,44,0.04776485329629779,0,0,0.23286332190036774
1489845616750444545,cciv2,44,0.008557895687356215,0,0,0.22485555708408356
1393522778440093700,cciv2,44,0.032024917461453764,0,0,0.22119519114494324
1345567610780397570,cciv2,44,0.02950230501390295,0,0,0.22137370705604553
1547669888851795979,cciv2,44,0.3716407448459895,0,1,0.5706661939620972
1513201920797810690,cciv2,44,0.05538373298525119,0,1,0.5284054279327393
1284847378499944449,cciv2,44,0.08603007959628599,0,0,0.20193979144096375
1516924289143951360,cciv2,44,0.29461582153252547,0,0,0.23682813346385956
1449714900805242883,cciv2,44,0.03497801262014263,0,0,0.22425542771816254
1258707209304891392,cciv2,44,0.04661144735177628,0,0,0.23060958087444305
1511107589932830723,cciv2,44,0.04460228489857606,0,0,0.3143618106842041
1219921409415270400,cciv2,44,0.015394929047979483,0,0,0.21361562609672546
1542857597589528577,cciv2,44,0.0,1,1,0.8117638826370239
1620508837328588803,cciv2,44,0.16165512364458737,1,0,0.36576858162879944
1144672451592413185,cciv2,44,0.358777391007327,1,1,0.8242994546890259
1198999631323115520,cciv2,44,0.12245140319439342,0,0,0.25752905011177063
1365488105378230278,cciv2,44,0.04429516968176141,0,0,0.19231253862380981
1637857580776312834,cciv2,44,0.03962179045229176,1,0,0.27290934324264526
1539994279455719424,cciv2,44,0.1318275542281219,0,0,0.37528252601623535
1551584334104215552,cciv2,44,0.10211733660711754,0,0,0.20441660284996033
1283750313418055681,cciv2,44,0.03283089254332426,0,0,0.2172168642282486
1392197387427274755,cciv2,44,0.042045462368037224,0,0,0.27718618512153625
1233959222305607680,cciv2,44,0.1691631827587088,1,1,0.807115912437439
1625906106156429330,cciv2,44,0.058592610504472654,1,0,0.2149573713541031
1619534124024487937,cciv2,44,0.09347320273008412,0,0,0.2076619565486908
1509027883716526080,cciv2,44,0.02357942844100014,0,0,0.33546000719070435
1293924575890345985,cciv2,44,0.08229039453453468,0,0,0.20596955716609955
1646011668751699972,cciv2,44,0.11518634716862024,0,0,0.3755187690258026
1506007293728591873,cciv2,44,0.07542671603249006,0,0,0.2545837461948395
1643707401512550400,cciv2,44,0.10059123200427943,0,0,0.38060322403907776
1210275610813054976,cciv2,44,0.09007450925321517,0,0,0.2034788727760315
1635345125575626752,cciv2,44,0.09227654178320877,0,0,0.21807250380516052
1381927979090075651,cciv2,44,0.11963592352569603,0,0,0.20939144492149353
1345012434608795650,cciv2,44,0.003164424879580533,0,0,0.341970294713974
1286035333755305984,cciv2,44,0.01458279295945437,0,0,0.24227681756019592
1554196257270284294,cciv2,44,0.03792702355075032,0,0,0.19630329310894012
1090985813398061056,cciv2,44,0.5314549834666326,1,1,0.791548490524292
1212830436012908544,cciv2,44,0.13688344311601336,0,0,0.2728632390499115
1539054160896827392,cciv2,44,0.0414429898877118,0,0,0.2112320512533188
1270774783958016005,cciv2,44,0.04481565326578868,0,0,0.19460298120975494
1205464611157413888,cciv2,44,0.08676004419317142,1,1,0.727285623550415
1470443338213957637,cciv2,44,0.016295089931096095,0,0,0.2638235092163086
1646682021396115456,cciv2,44,0.016491266905966962,0,0,0.20099017024040222
1103688981038985217,cciv2,44,0.0403002087639742,0,0,0.22124932706356049
1396961028102053893,cciv2,44,0.10317487922671334,1,0,0.27271559834480286
1103013290916175874,cciv2,44,0.0940767668706296,0,0,0.22754444181919098
1284764621560315904,cciv2,44,0.0024315658060160964,0,0,0.20639947056770325
1281292234013446145,cciv2,44,0.0005068481561975067,0,0,0.21074701845645905
1636400650786426883,cciv2,44,0.04207347130299948,0,0,0.22493232786655426
1219628821881802753,cciv2,44,0.06182024540403937,0,0,0.2918412685394287
1585465243727056896,cciv2,44,0.0,0,0,0.3006935715675354
1517548575332265984,cciv2,44,0.03932076411786193,0,0,0.367778480052948
1223652621153722372,cciv2,44,0.04130534671612006,0,0,0.21368318796157837
1106562886778998785,cciv2,44,0.0,1,1,0.715000569820404
1518553007582892032,cciv2,44,0.03594190552456678,0,0,0.21213103830814362
1397954044455391233,cciv2,44,0.10324681943614049,0,0,0.34520959854125977
1252073855046352897,cciv2,44,0.03604525412706748,0,0,0.2313992977142334
1515229140768546819,cciv2,44,0.028727112610500476,1,0,0.30083417892456055
1542539148841607169,cciv2,44,0.04529499366973513,0,1,0.6531125903129578
1427586547621236739,cciv2,44,0.03416535398301627,0,0,0.20612733066082
1177946201179578368,cciv2,44,0.6274973097684156,0,1,0.7048118114471436
1253687689410416641,cciv2,44,0.014764118618441935,0,0,0.18935583531856537
1222396158653259777,cciv2,44,0.004642129180784525,0,0,0.22593654692173004
1217246308743962624,cciv2,44,0.05049383674448687,0,0,0.38735508918762207
1382668135690428419,cciv2,44,0.028161187059737528,0,0,0.20061694085597992
1650582626758180865,cciv2,44,0.0,0,0,0.24286045134067535
1252009084078997505,cciv2,44,0.12530855524009638,1,0,0.2352190911769867
1248241876005724161,cciv2,44,0.003453070633000939,0,0,0.19850905239582062
1543360155651391500,cciv2,44,0.07734730496966172,0,1,0.8058087825775146
1318980851808481281,cciv2,44,0.09836543508195035,0,0,0.2200244963169098
1397587532574040069,cciv2,44,0.00923611677740527,0,0,0.20081591606140137
1466454112279662604,cciv2,44,0.026729740493337057,0,0,0.18052348494529724
1526762269064974346,cciv2,44,0.2910207019215076,1,1,0.6241142153739929
1566132180467814400,cciv2,44,0.012727464598530592,0,0,0.18397624790668488
1644717646246473736,cciv2,44,0.0479532714685326,0,0,0.18977206945419312
1573081978949505024,cciv2,44,0.03563193387658112,1,1,0.5361188054084778
1544818240484155392,cciv2,44,0.006506139161706996,0,0,0.2171696573495865
1121874377631465474,cciv2,44,0.03275866839322591,0,0,0.21081525087356567
1291623819572989955,cciv2,44,0.3323672198177023,1,1,0.5459211468696594
1580600904746962945,cciv2,44,0.024946114088279313,1,1,0.8065150380134583
1428807603031789569,cciv2,44,0.02232576759482492,0,0,0.29918837547302246
1109061649242226688,cciv2,44,0.000897696095358839,0,0,0.2271042764186859
1392756158914600960,cciv2,44,0.0015130856391910347,0,0,0.23754560947418213
1133067761184378885,cciv2,44,0.47112192365345046,1,1,0.8345111608505249
1468658508014911492,cciv2,44,0.08265732083808433,0,0,0.22390927374362946
1579549222038560768,cciv2,44,0.025616685797339077,0,0,0.19180111587047577
1644465858670993409,cciv2,44,0.11081934815322377,1,0,0.49033626914024353
1506076192130191360,cciv2,44,0.10116004248987022,0,0,0.19791030883789062
1159696677130948608,cciv2,44,0.11635180983488706,0,0,0.2008673995733261
1633114503305936899,cciv2,44,0.09214376630751056,0,1,0.6994575262069702
1128058851188670470,cciv2,44,0.10088133816841305,0,0,0.26118215918540955
1296858111521648640,cciv2,44,0.2383559006608411,0,1,0.5115064978599548
1187403288007888898,cciv2,44,0.0,0,0,0.22986871004104614
1458036894860775426,cciv2,44,0.007659762615984234,0,0,0.2255285382270813
1356378388164976645,cciv2,44,0.06856849510266437,0,0,0.2251499742269516
1517749284304695298,cciv2,44,0.05182528379166076,0,0,0.28146034479141235
1256562515288494082,cciv2,44,0.08844200631380054,0,0,0.20533370971679688
1526056251007852544,cciv2,44,0.007790308039275216,0,0,0.24165314435958862
1352771322863116288,cciv2,44,0.10371008180670652,0,1,0.5112815499305725
1393789126772543490,cciv2,44,0.07455128745359735,0,0,0.22112615406513214
1360239202827403267,cciv2,44,0.10612800903595865,0,0,0.22957715392112732
1353190490305392640,cciv2,44,0.051314410101852954,0,0,0.25368157029151917
1357201397838618624,cciv2,44,0.16774738684941234,0,0,0.22859908640384674
1255823949532987397,cciv2,44,0.26681308327623926,1,0,0.38258180022239685
1272891981480497152,cciv2,44,0.10818301811744467,0,0,0.2111562192440033
1354349851581034498,cciv2,44,0.02214993949010716,0,0,0.1965954452753067
1120663055526957062,cciv2,44,0.07304894025310679,0,0,0.2247440069913864
1283401552032456705,cciv2,44,0.04622688070754539,0,0,0.22865496575832367
1524755538415861761,cciv2,44,0.008043515376907772,0,1,0.6249832510948181
1399745357555322889,cciv2,44,0.028808653700175026,0,0,0.2829827666282654
1519841120473202688,cciv2,44,0.06997031682346352,0,0,0.20118089020252228
1300150538668060674,cciv2,44,0.10332224002783368,0,0,0.2948545217514038
1209982157982248961,cciv2,44,0.03738610105394593,0,1,0.6099081635475159
1645009221635694593,cciv2,44,0.00836169688814102,1,1,0.8003515005111694
1215515751496339456,cciv2,44,0.015533871767739528,0,0,0.19716636836528778
1426471423086764033,cciv2,44,0.08771456586715018,1,1,0.6617754697799683
1232887804969078789,cciv2,44,0.012774499446011025,1,1,0.7686944007873535
1407469081494757382,cciv2,44,0.022749178068559334,0,0,0.22176779806613922
1470482593539837954,cciv2,44,0.02405349289227098,0,0,0.18503014743328094
1413068266759655427,cciv2,44,0.04917199608471277,0,0,0.21839722990989685
1229152388851929091,cciv2,44,0.013090631614925586,0,0,0.22247689962387085
1286027681230753793,cciv2,44,0.09347041680813743,0,0,0.21361121535301208
1415047667613327369,cciv2,44,0.1968095068129566,0,0,0.2491045594215393
1394017841121308673,cciv2,44,0.006237495242723588,1,1,0.7957497835159302
1085296318040473600,cciv2,44,0.23540909802632498,0,0,0.21960115432739258
1434894931143929858,cciv2,44,0.10595755585799904,0,0,0.23460467159748077
1256536483332317184,cciv2,44,0.008793125736681917,0,0,0.20996569097042084
1600224079482454016,cciv2,44,0.007734396334538595,0,0,0.20435544848442078
1567171489509564416,cciv2,44,0.02317113002928708,0,0,0.2043018937110901
1556401396651397120,cciv2,44,0.022761360299493955,0,0,0.1987389475107193
1258474383900893189,cciv2,44,0.15308113180711383,0,0,0.23090368509292603
1207550765260132353,cciv2,44,0.03241602901379389,0,0,0.1858985871076584
1449058322360020992,cciv2,44,0.09975861323189651,0,0,0.21692527830600739
1455148755435630594,cciv2,44,0.009160564184171166,0,0,0.18268892168998718
1223994516903997444,cciv2,44,0.02188022984886097,0,0,0.20690178871154785
1284281138467319808,cciv2,44,0.0329926154402164,0,0,0.28520482778549194
1578140790592782336,cciv2,44,0.014875717902318971,1,0,0.2202787548303604
1222708257648594944,cciv2,44,0.05026157864972076,0,0,0.25926461815834045
1250166932768088064,cciv2,44,0.5466439050147982,1,1,0.8357781171798706
1232852903909441537,cciv2,44,0.5376475259509959,1,1,0.8372122645378113
1311402290167783424,cciv2,44,0.22503911697799167,0,0,0.3523043394088745
1245701249732734977,cciv2,44,0.04665167408743157,1,0,0.27062246203422546
1212868104658849795,cciv2,44,0.1280699367688195,0,0,0.2779347002506256
1352210396833337345,cciv2,44,0.030769189355424557,0,0,0.24219320714473724
1241946825055141889,cciv2,44,8.758034196820338e-06,0,0,0.21697264909744263
1260225918980816902,cciv2,44,0.013164675285893594,0,0,0.2054823487997055
1393777583414669317,cciv2,44,0.07854761728346432,0,0,0.19568514823913574
1229308060419514369,cciv2,44,0.08988629651735675,0,0,0.20614869892597198
1229222882112348166,cciv2,44,0.14728112250667352,0,0,0.18148569762706757
1588261196573986816,cciv2,44,0.0039015351988186567,1,1,0.7914631366729736
1462395459557810176,cciv2,44,0.08082747100810264,0,0,0.20509618520736694
1442869344946454529,cciv2,44,0.01738583003275061,0,0,0.19312803447246552
1255605234619072519,cciv2,44,0.16648334304581802,0,0,0.2822606861591339
1499012058175655938,cciv2,44,0.11249796334540113,0,0,0.3116157352924347
1462851931945283589,cciv2,44,0.13497420268594898,0,0,0.2530187666416168
1247576003800686600,cciv2,44,0.006755226761590371,0,0,0.18869203329086304
1104601295523000323,cciv2,44,0.31761252969191955,1,1,0.6650092601776123
1263682260768681986,cciv2,44,0.07234333086678386,0,0,0.2185894101858139
1123871012746092545,cciv2,44,0.20185249245245626,0,0,0.19248637557029724
1600150773924450304,cciv2,44,0.0359827005131999,0,1,0.5301570296287537
1236854787334909953,cciv2,44,0.17199212678588685,0,0,0.26406732201576233
1397658343041339392,cciv2,44,0.11120197620688473,0,0,0.3371962010860443
1454323555420803073,cciv2,44,0.02412990033133908,0,0,0.30194714665412903
1619614295335239680,cciv2,44,0.02381749136535423,0,0,0.24451293051242828
1345745635924992000,cciv2,44,0.02206628444048103,1,0,0.3300701081752777
1219355089854439424,cciv2,44,0.011791999747577527,1,0,0.27902600169181824
1233846578366078986,cciv2,44,0.06785571338947642,1,1,0.6110764145851135
1310174329653530624,cciv2,44,0.044401045360524694,0,0,0.2937396764755249
1421844891404062726,cciv2,44,0.11825635333306496,0,0,0.2192108929157257
1393372156482949129,cciv2,44,0.1527859450835814,0,0,0.3982773423194885
1267842168128966657,cciv2,44,0.006104747741258067,0,0,0.34403684735298157
1555651653453348865,cciv2,44,0.191324414312748,0,0,0.23781293630599976
1389360261270806533,cciv2,44,0.004701461159456467,0,0,0.19961820542812347
1576232372063772672,cciv2,44,0.06231820413207766,0,0,0.26538199186325073
1518769899996606464,cciv2,44,0.23110004448691523,0,0,0.2420535832643509
1298736963000901632,cciv2,44,0.049256708444448245,0,0,0.4830339848995209
1194722327952547844,cciv2,44,0.10028185518196654,1,1,0.789240300655365
1604141984712531968,cciv2,44,0.05147361397606955,1,0,0.4450022280216217
1266753810392854529,cciv2,44,0.05616257526032983,0,0,0.21532723307609558
1417123755390689287,cciv2,44,0.1702309321340909,0,0,0.29180431365966797
1288838940569620483,cciv2,44,0.03951859902202131,0,0,0.25323182344436646
1412564686516666369,cciv2,44,0.018845249265879438,0,0,0.20005647838115692
1376823894569443329,cciv2,44,0.012564924204406887,0,0,0.18772301077842712
1369368335532589061,cciv2,44,0.2212128465508176,0,0,0.23218944668769836
1224738215652814849,cciv2,44,0.015775614780936732,0,0,0.19545592367649078
1185557829501018114,cciv2,44,0.16943899272940793,1,0,0.207917258143425
1274205440239374337,cciv2,44,0.09391031485857804,0,0,0.20951063930988312
1509567860095569937,cciv2,44,0.033543762030741324,0,0,0.19826622307300568
1457557396973187088,cciv2,44,0.13868039110943217,0,0,0.19050341844558716
1238978053633716226,cciv2,44,0.05127702975863931,0,0,0.23680150508880615
1137416842560118784,cciv2,44,0.028974373695326298,0,0,0.2013477087020874
1474945563271606273,cciv2,44,0.03049346535593503,0,0,0.20894044637680054
1601901750096924674,cciv2,44,0.3595707410646032,0,0,0.3977147042751312
1249002861129863170,cciv2,44,0.06383773336305038,0,0,0.2185075730085373
1289575405611921411,cciv2,44,0.0038928335042929248,0,0,0.2369685173034668
1263521952364474368,cciv2,44,0.09918765980079837,0,1,0.5785423517227173
1468332039216803847,cciv2,44,0.2429664955402544,0,0,0.23371627926826477
1487758635275014149,cciv2,44,0.2512144340072289,0,0,0.2617310881614685
1609464228045365248,cciv2,44,0.0,0,0,0.3247000575065613
1355618686770569219,cciv2,44,0.01937961563933523,0,0,0.21398955583572388
1232922381544386560,cciv2,44,0.23154211997188437,1,1,0.8373605608940125
1345353737368457221,cciv2,44,0.2669360762666577,0,0,0.23759575188159943
1263926391474491392,cciv2,44,0.005381950080679526,0,0,0.3845650851726532
1262954263384334338,cciv2,44,0.02515349463598185,0,0,0.21808962523937225
1355356438714003459,cciv2,44,0.029605760931311387,0,0,0.22921735048294067
1478755285934252032,cciv2,44,0.10690013761100904,0,0,0.25113919377326965
1247933746881462273,cciv2,44,0.022693693690163927,0,1,0.6634511947631836
1114201210960085002,cciv2,44,0.06804235138451842,0,0,0.2160169929265976
1567548400983228421,cciv2,44,0.025817159936003108,1,0,0.2928277552127838
1393566849275555845,cciv2,44,0.04571985508095605,0,0,0.2963818907737732
1440444267135004681,cciv2,44,0.038197011750448026,0,0,0.23180536925792694
1569022602882039812,cciv2,44,0.015342290537576577,0,0,0.24528878927230835
1268796619761291264,cciv2,44,0.04942240434904457,0,0,0.2308964878320694
1466588575697309698,cciv2,44,0.37795011751752816,0,0,0.23326590657234192
1358471344753569792,cciv2,44,0.2013072783552571,0,0,0.4289938807487488
1466314626426146818,cciv2,44,0.0027419027312400326,0,0,0.2329665720462799
1559265728037109765,cciv2,44,0.10892762574417944,0,0,0.23904354870319366
1285236887599419392,cciv2,44,0.053642744739391485,0,0,0.2183857411146164
1421202358105690121,cciv2,44,0.004204516278676803,0,0,0.20439794659614563
1230462416368099328,cciv2,44,0.12539493291859752,0,0,0.2131967395544052
1276280108278415360,cciv2,44,0.038160875236032656,0,0,0.21418754756450653
1251955772797399044,cciv2,44,0.11899024928098932,0,0,0.24346444010734558
1252583581685252097,cciv2,44,0.01693757432552775,0,0,0.1933428794145584
1564590802348949504,cciv2,44,0.0,0,0,0.30824562907218933
1566917637564768256,cciv2,44,0.032163897572624466,0,0,0.26847824454307556
1599649990762434560,cciv2,44,0.07914349598737283,0,0,0.3063613772392273
1575021890040537090,cciv2,44,0.05078814939419888,0,0,0.29525497555732727
1645040637119438848,cciv2,44,0.044156800722757225,0,0,0.18360894918441772
1594193136632623104,cciv2,44,0.13712757294890018,0,1,0.5492377281188965
1188204586290561026,cciv2,45,0.231848762390291,1,1,0.9387398958206177
1393758809622032390,cciv2,45,0.01386186166453137,0,0,0.1968810111284256
1229832103891595264,cciv2,45,0.04631968867975981,0,0,0.19962917268276215
1125194075316064256,cciv2,45,0.049407623425001955,0,1,0.5938506126403809
1523450483053973504,cciv2,45,0.025399095727990102,0,0,0.2153482735157013
1345256046571495424,cciv2,45,0.1645032857127591,0,0,0.19725832343101501
1236714045341929481,cciv2,45,0.24539079902323324,0,0,0.2579730749130249
1394295651266187265,cciv2,45,0.07043388019393812,0,0,0.27185505628585815
1154438465280516096,cciv2,45,0.021445204755673776,0,0,0.19405078887939453
1619516286312263681,cciv2,45,0.2727337123496065,0,0,0.3274403512477875
1396537342085718017,cciv2,45,0.02015692568461804,0,0,0.24535119533538818
1443682627614093314,cciv2,45,0.009217194316608567,0,0,0.26712894439697266
1465147721724178432,cciv2,45,0.13702356515134345,1,1,0.9052079319953918
1255492458164752387,cciv2,45,0.005114313359521742,0,0,0.21156615018844604
1290986576667869185,cciv2,45,0.10951369551127062,0,0,0.2788814902305603
1514288582332145670,cciv2,45,0.024142972485364025,0,0,0.28795674443244934
1272357521324474368,cciv2,45,0.08786511153286802,0,0,0.1885441243648529
1487252560700481537,cciv2,45,0.11643152487893016,0,0,0.4745258688926697
1273740261621809154,cciv2,45,0.008659854121655238,0,0,0.2220410406589508
1317661755363921920,cciv2,45,0.04375971354290691,0,0,0.3284074664115906
1468405253758406661,cciv2,45,0.01145972122731171,0,0,0.21897414326667786
1514920455643279365,cciv2,45,0.030998319531007835,0,0,0.19874891638755798
1291784215021805569,cciv2,45,0.2036038210723891,0,0,0.29008176922798157
1357469393727365122,cciv2,45,0.023334330214074488,0,0,0.2270365059375763
1248174910977040385,cciv2,45,0.1493195549848344,0,0,0.20887111127376556
1287073267526897666,cciv2,45,0.08451841365209987,0,0,0.24952280521392822
1116066316874670081,cciv2,45,0.32189865602442014,1,1,0.9324012398719788
1296511371367124992,cciv2,45,0.007982187132446621,0,0,0.2223350554704666
1345166234330017792,cciv2,45,0.027797998157758113,0,0,0.1999538689851761
1245501628112867328,cciv2,45,0.004099777938111459,0,0,0.19235701858997345
1578931526238343168,cciv2,45,0.025919176088553375,0,0,0.20670750737190247
1286957308447260673,cciv2,45,0.08581555626375928,1,1,0.784182071685791
1393552840891719685,cciv2,45,0.012337139821029026,0,0,0.2031865417957306
1262815859732611075,cciv2,45,0.034852724840834765,1,1,0.6674244403839111
1599404086688092160,cciv2,45,0.1252196603794873,0,0,0.2552024722099304
1648029372983439367,cciv2,45,0.005701992365984282,0,0,0.18022280931472778
1265957010501230593,cciv2,45,0.22004019635934666,0,0,0.22436854243278503
1246464469087256576,cciv2,45,0.031822751069628126,1,0,0.259819358587265
1211183459105796098,cciv2,45,0.026091830425177126,0,0,0.2112128734588623
1118338313876844544,cciv2,45,0.07131112985044934,0,0,0.2635495960712433
1135216071525511173,cciv2,45,0.13527194853290322,0,0,0.28565576672554016
1527387745693224986,cciv2,45,0.13967859943989544,0,0,0.21764931082725525
1232990916899561473,cciv2,45,0.19955531019061637,1,1,0.942687451839447
1345987250904068096,cciv2,45,0.03971725784810661,0,0,0.1872493177652359
1546816084149501953,cciv2,45,0.02622193510041913,0,0,0.1959552764892578
1457806433853005827,cciv2,45,0.0299656929552756,0,0,0.4605272114276886
1402937907342544899,cciv2,45,0.05885358799489398,0,0,0.20982246100902557
1603080434526859264,cciv2,45,0.0807583074842396,0,0,0.32376065850257874
1109748138515054592,cciv2,45,0.26582371849932956,1,1,0.9358692765235901
1488409288750284801,cciv2,45,0.045512519779136416,0,0,0.18542663753032684
1532553712199245827,cciv2,45,0.13407158343951203,0,0,0.2901151478290558
1491463980329570304,cciv2,45,0.0171669997608534,0,0,0.20812109112739563
1611222836924010498,cciv2,45,0.04873867500482864,0,0,0.2215820550918579
1537808851155795975,cciv2,45,0.0015742922432140027,0,0,0.21781912446022034
1630179384375263232,cciv2,45,0.022246563145113876,0,0,0.2194167673587799
1393745779857272832,cciv2,45,0.05807437952323964,1,1,0.7800650596618652
1509126359607660551,cciv2,45,0.10696287268307371,0,0,0.19223091006278992
1126878156294586368,cciv2,45,0.05930973577979123,0,0,0.2134947031736374
1225297729506594818,cciv2,45,0.09967450728072744,0,0,0.37327179312705994
1394107831834476547,cciv2,45,0.06695528434884886,0,0,0.35282281041145325
1260269776150159360,cciv2,45,0.0010200441516315854,0,0,0.19124171137809753
1488747638602153986,cciv2,45,0.04321219936281999,0,0,0.23827004432678223
1270348242543423488,cciv2,45,0.03343062256422364,0,0,0.2094845473766327
1244176666802479104,cciv2,45,0.019886694146736293,0,0,0.18308518826961517
1539951759405109249,cciv2,45,0.01972941865124067,0,0,0.24921315908432007
1395747592307417092,cciv2,45,0.04757682801515049,0,0,0.2941417694091797
1508152963587579909,cciv2,45,0.11846482247925685,0,0,0.19118063151836395
1224025761092448257,cciv2,45,0.08605772639847993,0,0,0.43376675248146057
1263867135194996737,cciv2,45,0.05130135944648953,0,0,0.19133342802524567
1577071902572818434,cciv2,45,0.0457088245146815,0,0,0.23406223952770233
1508857749089787912,cciv2,45,0.03825894693449711,0,0,0.18882577121257782
1224373966363512833,cciv2,45,0.06542959340115463,0,0,0.20600321888923645
1103282085832343555,cciv2,45,0.11312384588400755,0,0,0.22406195104122162
1109170436078817282,cciv2,45,0.2735180986860723,0,0,0.20985029637813568
1098057857482641408,cciv2,45,0.3580419158422903,1,1,0.9079244136810303
1261011012100198404,cciv2,45,0.0,1,1,0.6680904626846313
1237111189722640385,cciv2,45,0.02949813357680819,0,0,0.1920700967311859
1115609269838024704,cciv2,45,0.11163713558326203,0,0,0.24303317070007324
1293886666080260097,cciv2,45,0.001153309067258152,0,0,0.18511493504047394
1395833782863814657,cciv2,45,0.0,0,0,0.23702551424503326
1247909286568701958,cciv2,45,0.02983728492922349,0,0,0.2303438037633896
1352044283587489792,cciv2,45,0.06117024787858236,0,0,0.19957853853702545
1258110002906136578,cciv2,45,0.08466128666007265,0,0,0.18988187611103058
1461202741666140161,cciv2,45,0.12328880126643343,0,0,0.24603067338466644
1258017440362979332,cciv2,45,0.04287110481568817,0,0,0.18448011577129364
1393327980387131398,cciv2,45,0.05833584199412418,0,0,0.23708270490169525
1648322447089840140,cciv2,45,0.09644179763915053,0,0,0.46766364574432373
1356256969359822851,cciv2,45,0.015205064971566613,0,0,0.21115612983703613
1199437211772575744,cciv2,45,0.010183471311258479,0,0,0.24673758447170258
1345112406326915074,cciv2,45,0.018257708965720033,0,0,0.18831965327262878
1345737420101324806,cciv2,45,0.006434872994335547,0,0,0.20277954638004303
1392990438546710533,cciv2,45,0.05941657037051001,0,0,0.27546370029449463
1451592600918663172,cciv2,45,0.01956146580434062,0,0,0.19642087817192078
1547841356113948674,cciv2,45,0.0,0,0,0.21241815388202667
1313636764506968064,cciv2,45,0.012483680931773827,0,0,0.1898028403520584
1354461395862040576,cciv2,45,0.010416086450170042,0,0,0.18426001071929932
1255336798319972356,cciv2,45,0.041815405880815525,0,0,0.18457137048244476
1346224388128051200,cciv2,45,0.00426785356169601,0,0,0.23851652443408966
1193142802965782528,cciv2,45,0.27714557559281205,1,1,0.9381412863731384
1392146737423290368,cciv2,45,0.018014835048328137,0,0,0.24205584824085236
1226462657177210880,cciv2,45,0.4265503872130038,1,1,0.9130955338478088
1345755511002689545,cciv2,45,0.059238152074443134,1,1,0.8166331648826599
1593588138030804992,cciv2,45,0.006774889421736208,0,0,0.23225972056388855
1641175481511714816,cciv2,45,0.051172027952561545,0,0,0.2512474060058594
1565180170016735233,cciv2,45,0.0,0,0,0.2502053678035736
1577125319710248960,cciv2,45,0.0014009894187481486,0,0,0.1883002072572708
1548349221429866498,cciv2,45,0.0027916024228328107,0,0,0.18872107565402985
1298217767297003521,cciv2,45,0.06826634645641738,0,0,0.21184341609477997
1124008705845026823,cciv2,45,0.03094085250959388,0,0,0.19479501247406006
1246121373472378880,cciv2,45,0.14366525139952377,1,1,0.5596702694892883
1345778047421562880,cciv2,45,0.1292532222216575,1,1,0.9136258959770203
1444988795108139008,cciv2,45,0.007532739175239869,1,0,0.21170175075531006
1275278623860305922,cciv2,45,0.18861157600826292,0,0,0.38615986704826355
1223263760950775808,cciv2,45,0.032901609054193495,0,0,0.2666812539100647
1466446193337196552,cciv2,45,0.14011383551014842,0,0,0.19267867505550385
1512367141198213123,cciv2,45,0.03388888729076947,0,0,0.178074911236763
1451346708579897345,cciv2,45,0.10282028529599134,0,0,0.19228971004486084
1359732117211668481,cciv2,45,0.027368755165666742,0,0,0.2456793189048767
1204634292044697600,cciv2,45,0.06143645243825282,0,0,0.20156274735927582
1242197959413989377,cciv2,45,0.04263659290014478,0,0,0.2786090075969696
1345415514424750083,cciv2,45,0.017262972514307882,0,0,0.22368624806404114
1628172722969751552,cciv2,45,0.3466792829312983,0,0,0.4646332263946533
1123014488888893440,cciv2,45,0.09741978153130856,0,0,0.29303058981895447
1345690021563654144,cciv2,45,0.03699907426563381,0,0,0.2493433803319931
1504459560207147011,cciv2,45,0.04076356294417815,0,0,0.29439976811408997
1507052730803802122,cciv2,45,0.4222682083368812,0,0,0.49827149510383606
1270803144147075075,cciv2,45,0.007671199583121859,1,1,0.7390888929367065
1274310552161079297,cciv2,45,0.08476361655390445,0,0,0.1904650330543518
1564334956100423680,cciv2,45,0.010358979442908475,0,0,0.2568816840648651
1388425054665510912,cciv2,45,0.09427856992013005,0,0,0.3221409022808075
1585359766754586624,cciv2,45,0.05168144171547726,1,1,0.9271455407142639
1463617131946205187,cciv2,45,0.16461861634369185,1,0,0.3254203498363495
1222296463822049281,cciv2,45,0.13759714946416535,0,0,0.20581306517124176
1218986472197566464,cciv2,45,0.0016563965200241703,0,0,0.2569195330142975
1594755480441733131,cciv2,45,0.6147178499739211,1,1,0.5100080370903015
1508215661482463238,cciv2,45,0.07777556544781712,0,0,0.31839314103126526
1216725210507902979,cciv2,45,0.05469850414453547,0,0,0.19953002035617828
1192249138957582338,cciv2,45,0.04646740415917123,0,0,0.17973138391971588
1452130397932998657,cciv2,45,0.06582074045835899,0,0,0.20489604771137238
1117368474597318661,cciv2,45,0.06950178006923105,0,0,0.2065882533788681
1491416161812361216,cciv2,45,0.03258927876090904,0,0,0.4699915945529938
1307141355915927553,cciv2,45,0.12911496748928844,1,0,0.43607616424560547
1519509018271789056,cciv2,45,0.0,0,0,0.34816598892211914
1482268883465777157,cciv2,45,0.06582318536754532,0,0,0.2509342432022095
1291416524264222721,cciv2,45,0.003945577111024316,0,0,0.18907494843006134
1530459713028390913,cciv2,45,0.01627611046828736,0,0,0.20032571256160736
1606670420719067139,cciv2,45,0.06337922273483372,1,0,0.23588335514068604
1514890228493963265,cciv2,45,0.0,0,0,0.2775883972644806
1499672184414998536,cciv2,45,0.040015569043891586,0,0,0.2401341050863266
1347316666028478466,cciv2,45,0.048964096239152585,0,0,0.3049545884132385
1648058784890372097,cciv2,45,0.010781149478594095,0,0,0.1885158121585846
1227781168109506560,cciv2,45,0.10485091549196181,0,0,0.22986918687820435
1379807592143290370,cciv2,45,0.012294210039195601,0,0,0.1914062201976776
1487026637099126784,cciv2,45,0.04137174928523689,0,0,0.203126460313797
1355165540453642240,cciv2,45,0.05711108118597063,0,0,0.21194826066493988
1298413749121024004,cciv2,45,0.09109557335216392,0,0,0.27627694606781006
1575263521750847491,cciv2,45,0.0,0,0,0.2161599099636078
1233438028846125058,cciv2,45,0.037808578935244815,0,0,0.1970333606004715
1628082486772215841,cciv2,45,0.07098471342070602,0,0,0.27522921562194824
1399046300872675328,cciv2,45,0.07073528155784731,0,0,0.24899636209011078
1259954791591133185,cciv2,45,0.01780794554682248,1,0,0.23697690665721893
1586732526223040512,cciv2,45,0.050485658316081955,0,0,0.20630285143852234
1445380143384514561,cciv2,45,0.008904169980819839,0,0,0.2788127064704895
1498475514394288129,cciv2,45,0.022504413641003414,0,0,0.17867732048034668
1190205141380583424,cciv2,45,0.22364385942818904,1,1,0.9443326592445374
1377716013916172292,cciv2,45,0.07439953561069569,0,0,0.1842966228723526
1355641493956874241,cciv2,45,0.04802823164330239,0,0,0.22372165322303772
1393667052968333318,cciv2,45,0.04848716168277508,0,0,0.31809741258621216
1587412786375557120,cciv2,45,0.20707933660140673,1,1,0.8052108287811279
1300489088198496258,cciv2,45,0.03322229242801389,0,0,0.21650975942611694
1637493415016296449,cciv2,45,0.036896495317107814,0,0,0.1995098739862442
1380751228171354112,cciv2,45,0.00284731248472285,0,0,0.19137248396873474
1120860417645895680,cciv2,45,0.36345785714329565,1,1,0.8719420433044434
1319668055367208961,cciv2,45,0.003491818898388743,0,0,0.17975284159183502
1392520237539549188,cciv2,45,0.018362618607499707,0,0,0.19512838125228882
1397398267806236676,cciv2,45,0.007390973493002558,0,0,0.20300573110580444
1407216852875452443,cciv2,45,0.059794839688396426,0,0,0.18929055333137512
1393616932696432640,cciv2,45,0.19093128672149387,0,0,0.20362843573093414
1445042996408246275,cciv2,45,0.08582712749450724,1,1,0.918975830078125
1592051401177591808,cciv2,45,0.016904820963434427,1,0,0.20371612906455994
1297284021282537472,cciv2,45,0.050663421685693676,0,0,0.20612163841724396
1639011015076478977,cciv2,45,0.14353821898670507,0,0,0.25338199734687805
1405155653988098056,cciv2,45,0.027204224720858892,0,0,0.2082391083240509
1298280815273672705,cciv2,45,0.04317386859624886,0,0,0.25718408823013306
1600473720186773505,cciv2,45,0.18500232489964774,1,1,0.5132773518562317
1469703539081449472,cciv2,45,0.011134128095330197,0,0,0.17933809757232666
1268558839214899201,cciv2,45,0.015475661409255324,0,0,0.2669885754585266
1345451046475354112,cciv2,45,0.03457671621313736,1,1,0.7411268949508667
1270982396121214978,cciv2,45,0.032317951299145366,1,0,0.3266463577747345
1411961344962686978,cciv2,45,0.202867314588291,0,0,0.20838148891925812
1276793702472716289,cciv2,45,0.007867110124309486,0,0,0.18465079367160797
1556353135844679680,cciv2,45,0.017705306563294613,0,1,0.5797574520111084
1293954705257684992,cciv2,45,0.14569890537024827,0,0,0.28079599142074585
1171163784762839042,cciv2,45,0.04475936513460791,0,0,0.19255346059799194
1122994928299036677,cciv2,45,0.190751763758485,1,1,0.9362273216247559
1298402312868724736,cciv2,45,0.009451553523656089,0,0,0.22343230247497559
1286786961542455298,cciv2,45,0.02228794285317609,0,0,0.20870235562324524
1396689194106294278,cciv2,45,0.010612612046354547,0,0,0.2838258147239685
1563287160908042241,cciv2,45,0.07784969517279028,0,0,0.4996665120124817
1541730204648935425,cciv2,45,0.12299569474592817,1,1,0.9367743134498596
1268895623278850050,cciv2,45,0.07259979970491218,0,0,0.22929345071315765
1451370158367264777,cciv2,45,0.19005507285903073,0,1,0.5615143179893494
1491958977667682308,cciv2,45,0.14323000070555544,0,0,0.2633916735649109
1396966089708425218,cciv2,45,0.035089727328203056,0,0,0.1835780143737793
1442978128394014722,cciv2,45,0.028732863407034095,0,0,0.2320316582918167
1458514255716786182,cciv2,45,0.012796731908494046,0,0,0.25560227036476135
1321845326555176960,cciv2,45,0.015769431516433494,0,0,0.2284022569656372
1633559221227642883,cciv2,45,0.0497104746693091,0,0,0.30169379711151123
1586647573368037376,cciv2,45,0.06818484336014335,1,1,0.9290904402732849
1241856213811412992,cciv2,45,0.1270300514996165,0,0,0.18653781712055206
1647374538324189184,cciv2,45,0.03312637159410773,0,1,0.7066248655319214
1345235597749854208,cciv2,45,0.08213997345416954,1,1,0.9338130354881287
1239012712673411078,cciv2,45,0.0,0,0,0.3682989478111267
1582437173277601792,cciv2,45,0.020887009007992292,0,0,0.2854498326778412
1120591069526228997,cciv2,45,0.05967048064192748,0,0,0.18719784915447235
1283422598613868546,cciv2,45,0.01310690684104375,0,0,0.1918192356824875
1196747794264051713,cciv2,45,0.03217841379776088,0,0,0.23086056113243103
1300022096064520193,cciv2,45,0.07965933062845036,1,0,0.49873483180999756
1347894076318879744,cciv2,45,0.05275530312340884,0,0,0.46390506625175476
1343348218743164928,cciv2,45,0.019627892340655734,0,0,0.2011972814798355
1288266046248562689,cciv2,45,0.09204697522231085,0,0,0.22190076112747192
1394273212100456448,cciv2,45,0.06994374878893156,1,1,0.9360344409942627
1345212454469566466,cciv2,45,0.13468778832250172,0,0,0.23538658022880554
1316806707725709314,cciv2,45,0.07183242892683521,0,0,0.22059665620326996
1274382276730802176,cciv2,45,0.013930141336296258,0,0,0.3001600503921509
1630353342328107008,cciv2,45,0.035807978177561046,0,0,0.197953000664711
1518388184870178816,cciv2,45,0.019945830236872332,0,0,0.19263705611228943
1597318794422411265,cciv2,45,0.0023740029689999997,0,0,0.23457159101963043
1297728264358813698,cciv2,45,0.0008890832116303448,0,0,0.20798608660697937
1092607702524743680,cciv2,45,0.06256280398356162,0,0,0.2778322100639343
1558159706383912964,cciv2,45,0.02189257731049941,0,0,0.1890399158000946
1574261143576535040,cciv2,45,0.026047707425930638,1,1,0.9282130002975464
1401102417559580678,cciv2,45,0.021460857775600653,0,0,0.19079060852527618
1308105045452390403,cciv2,45,0.07833724066664914,0,0,0.2552676498889923
1508194787001831431,cciv2,45,0.041799989915096994,0,0,0.23125869035720825
1232601234143678464,cciv2,45,0.047127621407319596,0,0,0.40308403968811035
1283393408778870785,cciv2,45,0.017261104313596263,0,0,0.19029980897903442
1515204878397849601,cciv2,45,0.06042003295302079,0,0,0.1955609917640686
1542274011576602626,cciv2,45,0.11186937714603876,0,0,0.35922107100486755
1293974461662793728,cciv2,45,0.11947226424307947,0,0,0.20035409927368164
1211490408754270210,cciv2,45,0.03965512395992573,0,0,0.22906330227851868
1097212292893196289,cciv2,45,0.5646669627283457,1,1,0.9419596195220947
1581970735957872640,cciv2,45,0.25987356626638347,0,0,0.2515435516834259
1225984535046840320,cciv2,45,0.026508089087379196,1,1,0.8954718112945557
1604186809625415680,cciv2,45,0.10377560822909487,0,0,0.20023328065872192
1163972893765775365,cciv2,45,0.15584574400406426,0,0,0.20532962679862976
1341775550189350912,cciv2,45,0.03186004234103949,0,0,0.2314273715019226
1286748877563891713,cciv2,45,0.05116044526435393,0,0,0.2590312063694
1460712630553923584,cciv2,45,0.06445882313241569,0,0,0.18813885748386383
1477825713206177792,cciv2,45,0.006893352557576416,0,0,0.21867668628692627
1284434882140176389,cciv2,45,0.22692778089557217,1,1,0.6548066139221191
1255205589396979724,cciv2,45,0.07393525116585414,0,0,0.1810355931520462
1449353935626588163,cciv2,45,0.01718643122098339,0,0,0.2109948843717575
1287098479496634370,cciv2,45,0.025825078863167292,0,0,0.1992863118648529
1241902809592803328,cciv2,45,0.3552935201934469,1,1,0.9311360120773315
1235962772770283522,cciv2,45,0.021554422752638698,0,0,0.180958092212677
1448053433374740482,cciv2,45,0.020258945296437156,0,0,0.1940295696258545
1282333713267859458,cciv2,45,0.014901427314144297,1,1,0.7677455544471741
1325795907514863622,cciv2,45,0.05352882611725327,0,0,0.18600723147392273
1417228816808820741,cciv2,45,0.0179441886279312,0,0,0.18389807641506195
1611744750368956416,cciv2,45,0.0394739564589335,0,0,0.18633045256137848
1521292300260888578,cciv2,45,0.0075151323872163734,0,0,0.2300117313861847
1203555334805164033,cciv2,45,0.6561011598106679,1,1,0.9319317936897278
1580245639979749377,cciv2,45,0.08290187468587674,0,0,0.20330558717250824
1463578662922604548,cciv2,45,0.07383515774676593,0,0,0.22449567914009094
1449684061912510466,cciv2,45,0.01763375473089393,0,0,0.17888770997524261
1152034933176590336,cciv2,45,0.46571403978707354,1,1,0.9351090788841248
1584558203626434560,cciv2,45,0.07908584873508037,0,0,0.22103212773799896
1553717576458534912,cciv2,45,0.010487353951393665,0,0,0.19898012280464172
1255567029551144964,cciv2,45,0.005632206837883135,0,0,0.21129220724105835
1545151228413415425,cciv2,45,0.5621412800678481,1,1,0.9178106784820557
1468967696523878410,cciv2,45,0.02591898404983432,0,0,0.2282683253288269
1489845616750444545,cciv2,45,0.023528472322155207,0,0,0.22360624372959137
1393522778440093700,cciv2,45,0.04309208027731237,0,0,0.21056637167930603
1345567610780397570,cciv2,45,0.004704919753665712,0,0,0.19897930324077606
1547669888851795979,cciv2,45,0.2674606477831175,0,1,0.6761276125907898
1513201920797810690,cciv2,45,0.14670716344750728,0,0,0.33514535427093506
1284847378499944449,cciv2,45,0.09889416817697144,0,0,0.21057866513729095
1516924289143951360,cciv2,45,0.021312128139760574,0,0,0.2722553610801697
1449714900805242883,cciv2,45,0.04715889761339714,0,0,0.25297829508781433
1258707209304891392,cciv2,45,0.008338851881245493,0,0,0.21709023416042328
1511107589932830723,cciv2,45,0.035639549600378295,0,0,0.2734558880329132
1219921409415270400,cciv2,45,0.005536952945734875,0,0,0.2092328667640686
1542857597589528577,cciv2,45,0.0,1,1,0.8616331815719604
1620508837328588803,cciv2,45,0.07117728814823496,1,0,0.21589414775371552
1144672451592413185,cciv2,45,0.39665730949369515,1,1,0.9314196109771729
1198999631323115520,cciv2,45,0.12231289227421964,0,0,0.26699718832969666
1365488105378230278,cciv2,45,0.10026802767589038,0,0,0.19005811214447021
1637857580776312834,cciv2,45,0.01353180640370944,1,0,0.3521736264228821
1539994279455719424,cciv2,45,0.003013552224019575,0,0,0.2485620379447937
1551584334104215552,cciv2,45,0.07324664959155311,0,0,0.19270357489585876
1283750313418055681,cciv2,45,0.020871106869095685,0,0,0.2093481421470642
1392197387427274755,cciv2,45,0.0970136420450009,0,0,0.223430335521698
1233959222305607680,cciv2,45,0.34343415887010836,1,1,0.9105466604232788
1625906106156429330,cciv2,45,0.04751931802112221,1,0,0.2846008837223053
1619534124024487937,cciv2,45,0.0022936107769805474,0,0,0.18903537094593048
1509027883716526080,cciv2,45,0.044899550247855004,0,0,0.2327217161655426
1293924575890345985,cciv2,45,0.05449718862026676,0,0,0.20687516033649445
1646011668751699972,cciv2,45,0.03003792166283213,0,0,0.4444985091686249
1506007293728591873,cciv2,45,0.10063555596648073,0,0,0.2563197612762451
1643707401512550400,cciv2,45,0.19395874613793232,0,1,0.5368606448173523
1210275610813054976,cciv2,45,0.15258716011804951,0,0,0.18841968476772308
1635345125575626752,cciv2,45,0.043743094829704156,0,0,0.2194371074438095
1381927979090075651,cciv2,45,0.03731959008440407,0,0,0.22880297899246216
1345012434608795650,cciv2,45,0.006589899816426428,0,1,0.5417158007621765
1286035333755305984,cciv2,45,0.03477618543850289,0,0,0.24679511785507202
1554196257270284294,cciv2,45,0.025696702701118325,0,0,0.1861722469329834
1090985813398061056,cciv2,45,0.5807519181492578,1,1,0.9014157056808472
1212830436012908544,cciv2,45,0.15564931372614352,0,0,0.24203546345233917
1539054160896827392,cciv2,45,0.018282347723126736,0,0,0.2604500651359558
1270774783958016005,cciv2,45,0.0820162138727175,0,0,0.18752425909042358
1205464611157413888,cciv2,45,0.15068588626610377,1,1,0.8559759259223938
1470443338213957637,cciv2,45,0.010324477409918424,0,0,0.22273167967796326
1646682021396115456,cciv2,45,0.027016362615407324,0,0,0.19941644370555878
1103688981038985217,cciv2,45,0.023944564124495596,0,0,0.22806388139724731
1396961028102053893,cciv2,45,0.2091689974890051,1,0,0.2305067628622055
1103013290916175874,cciv2,45,0.07496839063227262,0,0,0.21357500553131104
1284764621560315904,cciv2,45,0.034811308878414285,0,0,0.18175938725471497
1281292234013446145,cciv2,45,0.029363229047112128,0,0,0.18075492978096008
1636400650786426883,cciv2,45,0.07083750594982655,0,0,0.3909730315208435
1219628821881802753,cciv2,45,0.062134248272980294,0,0,0.22531984746456146
1585465243727056896,cciv2,45,0.0,0,0,0.2572900652885437
1517548575332265984,cciv2,45,0.028555951876342144,0,0,0.19549435377120972
1223652621153722372,cciv2,45,0.05351939381321346,0,0,0.19062337279319763
1106562886778998785,cciv2,45,0.0,1,1,0.837351381778717
1518553007582892032,cciv2,45,0.000745186789174231,0,0,0.22127586603164673
1397954044455391233,cciv2,45,0.04395889540995961,0,0,0.294426828622818
1252073855046352897,cciv2,45,0.04509061255125572,0,0,0.2367086559534073
1515229140768546819,cciv2,45,0.04067531518211685,1,0,0.23299165070056915
1542539148841607169,cciv2,45,0.05723203088483854,0,0,0.4699159562587738
1427586547621236739,cciv2,45,0.007313762778201112,0,0,0.1983419507741928
1177946201179578368,cciv2,45,0.23926639706048516,0,1,0.5258984565734863
1253687689410416641,cciv2,45,0.09714601536461119,0,0,0.1834018975496292
1222396158653259777,cciv2,45,0.00820034015085301,0,0,0.19505701959133148
1217246308743962624,cciv2,45,0.1617755720787451,0,0,0.206350177526474
1382668135690428419,cciv2,45,0.018407139029357665,0,0,0.20607303082942963
1650582626758180865,cciv2,45,0.0,0,0,0.2394135296344757
1252009084078997505,cciv2,45,0.10111013363014759,1,0,0.3006582260131836
1248241876005724161,cciv2,45,0.01002301271536,0,0,0.21651719510555267
1543360155651391500,cciv2,45,0.044817548551294766,0,1,0.8893229365348816
1318980851808481281,cciv2,45,0.02362264547901044,0,0,0.1955094039440155
1397587532574040069,cciv2,45,0.019758707180865736,0,0,0.21385687589645386
1466454112279662604,cciv2,45,0.04057057111632641,0,0,0.1678164154291153
1526762269064974346,cciv2,45,0.15889466403031866,1,1,0.5293905735015869
1566132180467814400,cciv2,45,0.017783760728190753,0,0,0.1653243601322174
1644717646246473736,cciv2,45,0.03697721516816195,0,0,0.16383220255374908
1573081978949505024,cciv2,45,0.09682538307285847,1,0,0.3600150942802429
1544818240484155392,cciv2,45,0.006169590212960794,0,0,0.2012452334165573
1121874377631465474,cciv2,45,0.01575222437194967,0,0,0.20398876070976257
1291623819572989955,cciv2,45,0.13646332475009992,1,0,0.3303147554397583
1580600904746962945,cciv2,45,0.15573341850524094,1,1,0.9034674763679504
1428807603031789569,cciv2,45,0.055111302371646104,0,1,0.5547734498977661
1109061649242226688,cciv2,45,0.09193415162181293,0,0,0.28015226125717163
1392756158914600960,cciv2,45,0.05983896983579433,0,0,0.2258349359035492
1133067761184378885,cciv2,45,0.4912925232943824,1,1,0.9425569772720337
1468658508014911492,cciv2,45,0.05052085330888212,0,0,0.2031276375055313
1579549222038560768,cciv2,45,0.07669999755094263,0,0,0.17668384313583374
1644465858670993409,cciv2,45,0.09161271709634145,1,0,0.29568716883659363
1506076192130191360,cciv2,45,0.06373595938401051,0,0,0.17918556928634644
1159696677130948608,cciv2,45,0.04721318941060337,0,0,0.21101917326450348
1633114503305936899,cciv2,45,0.09338986747512482,0,0,0.4747287929058075
1128058851188670470,cciv2,45,0.24679187367761965,0,0,0.26755771040916443
1296858111521648640,cciv2,45,0.09676782821308498,0,1,0.7777433395385742
1187403288007888898,cciv2,45,0.0,0,0,0.19895139336585999
1458036894860775426,cciv2,45,0.008680179751939769,0,0,0.32628968358039856
1356378388164976645,cciv2,45,0.054327002979608935,0,0,0.21248455345630646
1517749284304695298,cciv2,45,0.11255496591872237,0,0,0.26685023307800293
1256562515288494082,cciv2,45,0.0971481646460982,0,0,0.20237436890602112
1526056251007852544,cciv2,45,0.010317400509679343,0,0,0.2016250640153885
1352771322863116288,cciv2,45,0.08548234905134208,0,0,0.32451480627059937
1393789126772543490,cciv2,45,0.15976817492872378,0,0,0.21421454846858978
1360239202827403267,cciv2,45,0.02311080808135662,0,0,0.21784783899784088
1353190490305392640,cciv2,45,0.02521855491532874,0,0,0.29225343465805054
1357201397838618624,cciv2,45,0.08957608584513382,0,0,0.2090667188167572
1255823949532987397,cciv2,45,0.1877701820997906,1,0,0.2785683274269104
1272891981480497152,cciv2,45,0.08453507401934594,0,0,0.1889425665140152
1354349851581034498,cciv2,45,0.030356346548670258,0,0,0.20821109414100647
1120663055526957062,cciv2,45,0.08150646351021884,0,0,0.2447340041399002
1283401552032456705,cciv2,45,0.13071410090714927,0,0,0.19883732497692108
1524755538415861761,cciv2,45,0.03159480614250034,0,1,0.6787387132644653
1399745357555322889,cciv2,45,0.13493705094055733,0,0,0.37800630927085876
1519841120473202688,cciv2,45,0.0358879928747314,0,0,0.21504420042037964
1300150538668060674,cciv2,45,0.041409652571148155,0,0,0.3081164062023163
1209982157982248961,cciv2,45,0.25565816552035253,0,1,0.5209142565727234
1645009221635694593,cciv2,45,0.0007457863285850965,1,1,0.9230469465255737
1215515751496339456,cciv2,45,0.007932238884335693,0,0,0.19013220071792603
1426471423086764033,cciv2,45,0.0485289967059195,1,1,0.857235312461853
1232887804969078789,cciv2,45,0.035890198933087626,1,1,0.7134894132614136
1407469081494757382,cciv2,45,0.056539137216706524,0,0,0.1856222003698349
1470482593539837954,cciv2,45,0.004026055153572965,0,0,0.19764235615730286
1413068266759655427,cciv2,45,0.07085057752313113,0,0,0.21025259792804718
1229152388851929091,cciv2,45,0.021718982575087743,0,0,0.21661677956581116
1286027681230753793,cciv2,45,0.23477586938567427,0,0,0.23502981662750244
1415047667613327369,cciv2,45,0.1082544844765486,0,0,0.20999866724014282
1394017841121308673,cciv2,45,0.011374781430702889,1,1,0.8993195295333862
1085296318040473600,cciv2,45,0.05203797529533136,0,0,0.2285977602005005
1434894931143929858,cciv2,45,0.004562414617914679,0,0,0.27202489972114563
1256536483332317184,cciv2,45,0.013676544224772842,0,0,0.1839466094970703
1600224079482454016,cciv2,45,0.05480170380076111,0,0,0.18917438387870789
1567171489509564416,cciv2,45,0.021783888147651597,0,0,0.2093771994113922
1556401396651397120,cciv2,45,0.04219447661392744,0,0,0.19535283744335175
1258474383900893189,cciv2,45,0.01824873822780029,0,0,0.22146952152252197
1207550765260132353,cciv2,45,0.06428357529637986,0,0,0.18523713946342468
1449058322360020992,cciv2,45,0.11797625098846391,0,0,0.20284736156463623
1455148755435630594,cciv2,45,0.04658102853565966,0,0,0.16845303773880005
1223994516903997444,cciv2,45,0.06644539493520105,0,0,0.2184177190065384
1284281138467319808,cciv2,45,0.020671622359383378,0,0,0.29103386402130127
1578140790592782336,cciv2,45,0.004922724905414052,1,0,0.22582203149795532
1222708257648594944,cciv2,45,0.14737052977566079,0,0,0.24806101620197296
1250166932768088064,cciv2,45,0.573511195558629,1,1,0.9450834393501282
1232852903909441537,cciv2,45,0.582143085627965,1,1,0.9435552358627319
1311402290167783424,cciv2,45,0.0620237093444894,0,0,0.23512741923332214
1245701249732734977,cciv2,45,0.0506984576227507,1,0,0.30167457461357117
1212868104658849795,cciv2,45,0.10084363225241563,0,0,0.2731899619102478
1352210396833337345,cciv2,45,0.011463860059753405,0,0,0.23874039947986603
1241946825055141889,cciv2,45,0.036124309757999885,0,0,0.18611197173595428
1260225918980816902,cciv2,45,0.00041570645566705195,0,0,0.20013481378555298
1393777583414669317,cciv2,45,0.03139587442347471,0,0,0.1934514194726944
1229308060419514369,cciv2,45,0.06281262988933001,0,0,0.1935044378042221
1229222882112348166,cciv2,45,0.026641334581532845,0,0,0.18367546796798706
1588261196573986816,cciv2,45,0.028030401548384667,1,1,0.9086622595787048
1462395459557810176,cciv2,45,0.03632466466298925,0,0,0.2316974252462387
1442869344946454529,cciv2,45,0.02273311662336209,0,0,0.18465638160705566
1255605234619072519,cciv2,45,0.1162934642509753,0,0,0.30639922618865967
1499012058175655938,cciv2,45,0.09208623383099182,0,0,0.20487810671329498
1462851931945283589,cciv2,45,0.05916209798896647,0,0,0.22004462778568268
1247576003800686600,cciv2,45,0.00952757471868614,0,0,0.1857723891735077
1104601295523000323,cciv2,45,0.352983081754832,1,1,0.5911609530448914
1263682260768681986,cciv2,45,0.06241878167141029,0,0,0.22846761345863342
1123871012746092545,cciv2,45,0.08915237433779347,0,0,0.19445274770259857
1600150773924450304,cciv2,45,0.05492789622236527,0,0,0.33526018261909485
1236854787334909953,cciv2,45,0.2423218677131028,0,0,0.2673121988773346
1397658343041339392,cciv2,45,0.15932772070739118,0,0,0.43873876333236694
1454323555420803073,cciv2,45,0.021693646102343804,0,0,0.31457409262657166
1619614295335239680,cciv2,45,0.0021092735602955405,0,0,0.20388472080230713
1345745635924992000,cciv2,45,0.1833395768739478,1,0,0.34151190519332886
1219355089854439424,cciv2,45,0.030665319343917415,1,0,0.22799967229366302
1233846578366078986,cciv2,45,0.11555766819478266,1,0,0.3377043604850769
1310174329653530624,cciv2,45,0.006903325591175832,0,0,0.20998267829418182
1421844891404062726,cciv2,45,0.0312978640285723,0,0,0.1914985328912735
1393372156482949129,cciv2,45,0.19012073500177165,0,0,0.22672836482524872
1267842168128966657,cciv2,45,0.02240111587101682,0,0,0.42243465781211853
1555651653453348865,cciv2,45,0.04761827774864723,0,0,0.19145452976226807
1389360261270806533,cciv2,45,0.04738920896480571,0,0,0.19372022151947021
1576232372063772672,cciv2,45,0.0022399017681073705,0,0,0.22521372139453888
1518769899996606464,cciv2,45,0.06926805985300041,0,0,0.22651797533035278
1298736963000901632,cciv2,45,0.07182827985766418,0,0,0.4502185583114624
1194722327952547844,cciv2,45,0.1407918392292141,1,1,0.8327282667160034
1604141984712531968,cciv2,45,0.010478117302215435,1,0,0.25764918327331543
1266753810392854529,cciv2,45,0.020574660433969324,0,0,0.21895627677440643
1417123755390689287,cciv2,45,0.10279666644441655,0,0,0.26811331510543823
1288838940569620483,cciv2,45,0.04792753752863484,0,0,0.19734704494476318
1412564686516666369,cciv2,45,0.025054612602208728,0,0,0.19599895179271698
1376823894569443329,cciv2,45,0.01735319300905041,0,0,0.16341324150562286
1369368335532589061,cciv2,45,0.052790160978984174,0,0,0.2147350311279297
1224738215652814849,cciv2,45,0.050911340592601044,0,0,0.21484260261058807
1185557829501018114,cciv2,45,0.06404104896947684,1,0,0.2262309193611145
1274205440239374337,cciv2,45,0.12232814212759262,0,0,0.19114400446414948
1509567860095569937,cciv2,45,0.026125302246250804,0,0,0.1904616355895996
1457557396973187088,cciv2,45,0.03440487093285478,0,0,0.19089989364147186
1238978053633716226,cciv2,45,0.12748145285587445,0,0,0.21821188926696777
1137416842560118784,cciv2,45,0.01476427139005597,0,0,0.182793527841568
1474945563271606273,cciv2,45,0.01731481609779139,0,0,0.18976636230945587
1601901750096924674,cciv2,45,0.11164465579703589,0,0,0.25445619225502014
1249002861129863170,cciv2,45,0.15949000886639217,0,0,0.19333583116531372
1289575405611921411,cciv2,45,0.025358264921029057,0,0,0.2627340257167816
1263521952364474368,cciv2,45,0.11046904462069855,0,0,0.4312856197357178
1468332039216803847,cciv2,45,0.020612988802097238,0,0,0.22983786463737488
1487758635275014149,cciv2,45,0.16953609996528712,0,0,0.27839335799217224
1609464228045365248,cciv2,45,0.0,0,0,0.21747368574142456
1355618686770569219,cciv2,45,0.017738916310143647,0,0,0.19429227709770203
1232922381544386560,cciv2,45,0.29567506740963767,1,1,0.9370126724243164
1345353737368457221,cciv2,45,0.1974545798219727,0,0,0.20239825546741486
1263926391474491392,cciv2,45,0.008169814833335646,0,1,0.8877277374267578
1262954263384334338,cciv2,45,0.038158611708713944,0,0,0.19551286101341248
1355356438714003459,cciv2,45,0.012189293647369965,0,0,0.19974865019321442
1478755285934252032,cciv2,45,0.04471731223979115,0,0,0.21516242623329163
1247933746881462273,cciv2,45,0.03883583762327998,0,0,0.48146912455558777
1114201210960085002,cciv2,45,0.08312157271425326,0,0,0.1832420825958252
1567548400983228421,cciv2,45,0.03526675354367876,1,0,0.26279470324516296
1393566849275555845,cciv2,45,0.030932167430638837,0,0,0.25772717595100403
1440444267135004681,cciv2,45,0.16714330609644443,0,0,0.21519701182842255
1569022602882039812,cciv2,45,0.02943907533098064,0,0,0.21023395657539368
1268796619761291264,cciv2,45,0.06623217049938955,0,0,0.20650464296340942
1466588575697309698,cciv2,45,0.2045759655944445,0,0,0.23989886045455933
1358471344753569792,cciv2,45,0.027005003397724128,0,0,0.23690864443778992
1466314626426146818,cciv2,45,0.028161001422575736,0,0,0.21632355451583862
1559265728037109765,cciv2,45,0.01739631018000836,0,0,0.20151986181735992
1285236887599419392,cciv2,45,0.030677435391238763,0,0,0.1842268407344818
1421202358105690121,cciv2,45,0.03138639194986173,0,0,0.18212662637233734
1230462416368099328,cciv2,45,0.19524571092290888,0,0,0.23397155106067657
1276280108278415360,cciv2,45,0.004624792104535784,0,0,0.20420590043067932
1251955772797399044,cciv2,45,0.02635036366003241,0,0,0.22976773977279663
1252583581685252097,cciv2,45,0.012336710557110832,0,0,0.19378170371055603
1564590802348949504,cciv2,45,0.0,0,0,0.24338415265083313
1566917637564768256,cciv2,45,0.016509454753801715,0,0,0.2214132398366928
1599649990762434560,cciv2,45,0.014620782271841102,0,0,0.22276291251182556
1575021890040537090,cciv2,45,0.02002863785355869,0,0,0.30213549733161926
1645040637119438848,cciv2,45,0.053699459532188014,0,0,0.16826847195625305
1594193136632623104,cciv2,45,0.37617098769967106,0,1,0.5354337096214294
1188204586290561026,cciv2,46,0.17727520365132068,1,1,0.9297071099281311
1393758809622032390,cciv2,46,0.03223925634690129,0,0,0.06149379163980484
1229832103891595264,cciv2,46,0.03787191463062544,0,0,0.06593811511993408
1125194075316064256,cciv2,46,0.1250301241474925,0,1,0.7274988293647766
1523450483053973504,cciv2,46,0.0814590939634118,0,0,0.07393655180931091
1345256046571495424,cciv2,46,0.13002333004057193,0,0,0.061594780534505844
1236714045341929481,cciv2,46,0.05622480808787481,0,0,0.07780852168798447
1394295651266187265,cciv2,46,0.002006513313983298,0,0,0.45620307326316833
1154438465280516096,cciv2,46,0.015776622875909377,0,0,0.05835646390914917
1619516286312263681,cciv2,46,0.09360368775511446,0,0,0.1351584494113922
1396537342085718017,cciv2,46,0.06299116460597169,0,0,0.07248483598232269
1443682627614093314,cciv2,46,0.04179569663721589,0,0,0.07621744275093079
1465147721724178432,cciv2,46,0.09263028183602358,1,1,0.9170159697532654
1255492458164752387,cciv2,46,0.056435585501659946,0,0,0.07548040896654129
1290986576667869185,cciv2,46,0.2875403859804333,0,0,0.2802819609642029
1514288582332145670,cciv2,46,0.024203030634109272,0,0,0.2610260546207428
1272357521324474368,cciv2,46,0.04909222990114616,0,0,0.05453803390264511
1487252560700481537,cciv2,46,0.36207838908014095,0,0,0.0727662444114685
1273740261621809154,cciv2,46,0.00970524362436258,0,0,0.06631054729223251
1317661755363921920,cciv2,46,0.12685412237481003,0,0,0.08816799521446228
1468405253758406661,cciv2,46,0.009980855000845541,0,0,0.10258010774850845
1514920455643279365,cciv2,46,0.0154619312965674,0,0,0.054064083844423294
1291784215021805569,cciv2,46,0.016192637918584225,0,0,0.08113186061382294
1357469393727365122,cciv2,46,0.06740426963284199,0,0,0.11394715309143066
1248174910977040385,cciv2,46,0.16879810968519735,0,0,0.09151741117238998
1287073267526897666,cciv2,46,0.12794476712271108,0,0,0.0941198542714119
1116066316874670081,cciv2,46,0.03115664329715461,1,1,0.9315714240074158
1296511371367124992,cciv2,46,0.011076569316204961,0,0,0.07219032943248749
1345166234330017792,cciv2,46,0.0738547242503854,0,0,0.07004626840353012
1245501628112867328,cciv2,46,0.045489682609907094,0,0,0.0612909235060215
1578931526238343168,cciv2,46,0.0739630228508082,0,0,0.06597770005464554
1286957308447260673,cciv2,46,0.0429065726590522,1,1,0.9219179749488831
1393552840891719685,cciv2,46,0.014503962713412219,0,0,0.055400267243385315
1262815859732611075,cciv2,46,0.08518097982105599,1,1,0.8226749897003174
1599404086688092160,cciv2,46,0.16845308978050125,0,0,0.10830537974834442
1648029372983439367,cciv2,46,0.002160956806773259,0,0,0.05505702272057533
1265957010501230593,cciv2,46,0.11666746407288749,0,0,0.06660880148410797
1246464469087256576,cciv2,46,0.040894273230263525,1,0,0.07577341794967651
1211183459105796098,cciv2,46,0.0012973402769155351,0,0,0.054492298513650894
1118338313876844544,cciv2,46,0.03981456813151407,0,0,0.07737039774656296
1135216071525511173,cciv2,46,0.00856132190574564,0,0,0.07002691924571991
1527387745693224986,cciv2,46,0.15997438605391498,0,0,0.06334579735994339
1232990916899561473,cciv2,46,0.237280095591063,1,1,0.9377714991569519
1345987250904068096,cciv2,46,0.056692731444794274,0,0,0.06307169795036316
1546816084149501953,cciv2,46,0.012733995732094086,0,0,0.05704313516616821
1457806433853005827,cciv2,46,0.018741354430614178,0,0,0.14702600240707397
1402937907342544899,cciv2,46,0.05294009309361732,0,0,0.058301858603954315
1603080434526859264,cciv2,46,0.06810402222190967,0,0,0.42850038409233093
1109748138515054592,cciv2,46,0.07365162970843069,1,1,0.9327219128608704
1488409288750284801,cciv2,46,0.04539906387018362,0,0,0.055398307740688324
1532553712199245827,cciv2,46,0.032684944270215725,0,0,0.08129902929067612
1491463980329570304,cciv2,46,0.08271216426314298,0,0,0.06675709784030914
1611222836924010498,cciv2,46,0.03142349090691455,0,0,0.08263670653104782
1537808851155795975,cciv2,46,0.02410301561154666,0,0,0.0700836330652237
1630179384375263232,cciv2,46,0.0037185800413549438,0,0,0.06973642855882645
1393745779857272832,cciv2,46,0.08835723466874014,1,1,0.876663327217102
1509126359607660551,cciv2,46,0.09305008627028348,0,0,0.06040223687887192
1126878156294586368,cciv2,46,0.0016742910896206463,0,0,0.06406667828559875
1225297729506594818,cciv2,46,0.1849326544503517,0,0,0.3058825135231018
1394107831834476547,cciv2,46,0.05491419200392503,0,0,0.09418077021837234
1260269776150159360,cciv2,46,0.04073055344979052,0,0,0.06866012513637543
1488747638602153986,cciv2,46,0.036024826266579046,0,0,0.06419958174228668
1270348242543423488,cciv2,46,0.029811553563013612,0,0,0.0695241168141365
1244176666802479104,cciv2,46,0.023758529046174537,0,0,0.058621056377887726
1539951759405109249,cciv2,46,0.007605191282898427,0,0,0.08092823624610901
1395747592307417092,cciv2,46,0.024420852323511016,0,0,0.06557586789131165
1508152963587579909,cciv2,46,0.05941661200020064,0,0,0.05847670137882233
1224025761092448257,cciv2,46,0.17898874824196773,0,0,0.11879659444093704
1263867135194996737,cciv2,46,0.03149268048006649,0,0,0.06584789603948593
1577071902572818434,cciv2,46,0.14274878949589279,0,0,0.06230593100190163
1508857749089787912,cciv2,46,0.08598407343977744,0,0,0.057885654270648956
1224373966363512833,cciv2,46,0.07467726148788666,0,0,0.06399516761302948
1103282085832343555,cciv2,46,0.16607473784985755,0,0,0.0755850225687027
1109170436078817282,cciv2,46,0.14856737838985581,0,0,0.06518745422363281
1098057857482641408,cciv2,46,0.41004834211866403,1,1,0.9305752515792847
1261011012100198404,cciv2,46,0.0,1,0,0.34689173102378845
1237111189722640385,cciv2,46,0.07962370151129762,0,0,0.056845493614673615
1115609269838024704,cciv2,46,0.2016000547919141,0,0,0.08797653019428253
1293886666080260097,cciv2,46,0.029343065923021293,0,0,0.058677803725004196
1395833782863814657,cciv2,46,0.0,0,0,0.060849629342556
1247909286568701958,cciv2,46,0.10501732239659642,0,0,0.061073362827301025
1352044283587489792,cciv2,46,0.008223179599886289,0,0,0.07337359338998795
1258110002906136578,cciv2,46,0.08963589579141014,0,0,0.07028937339782715
1461202741666140161,cciv2,46,0.1249905687995915,0,0,0.06934896111488342
1258017440362979332,cciv2,46,0.08767505169157493,0,0,0.06404867768287659
1393327980387131398,cciv2,46,0.08557632793414549,0,0,0.07019484043121338
1648322447089840140,cciv2,46,0.08792262826166572,0,1,0.8042526841163635
1356256969359822851,cciv2,46,0.03020406258199766,0,0,0.07436035573482513
1199437211772575744,cciv2,46,0.010245491792334138,0,0,0.07061798870563507
1345112406326915074,cciv2,46,0.006525318028713761,0,0,0.06580884009599686
1345737420101324806,cciv2,46,0.019060477496828192,0,0,0.061427175998687744
1392990438546710533,cciv2,46,0.06153621485835762,0,0,0.45847102999687195
1451592600918663172,cciv2,46,0.0642423754111726,0,0,0.05772995203733444
1547841356113948674,cciv2,46,0.0,0,0,0.06821967661380768
1313636764506968064,cciv2,46,0.008832548808975547,0,0,0.0585675947368145
1354461395862040576,cciv2,46,0.004385800025562059,0,0,0.058422334492206573
1255336798319972356,cciv2,46,0.025556022612786836,0,0,0.07058694958686829
1346224388128051200,cciv2,46,0.020948759406972228,0,0,0.07847440242767334
1193142802965782528,cciv2,46,0.21857634806021997,1,1,0.9316132664680481
1392146737423290368,cciv2,46,0.048707016558426276,0,0,0.06966248154640198
1226462657177210880,cciv2,46,0.2910607887494965,1,1,0.9176958203315735
1345755511002689545,cciv2,46,0.10185120909875049,1,1,0.9279614090919495
1593588138030804992,cciv2,46,0.11671510513993154,0,0,0.11332584172487259
1641175481511714816,cciv2,46,0.03991363856156959,0,0,0.09519106894731522
1565180170016735233,cciv2,46,0.0,0,0,0.1146511361002922
1577125319710248960,cciv2,46,0.041785168965437616,0,0,0.05958558991551399
1548349221429866498,cciv2,46,0.012772653037995681,0,0,0.06513416022062302
1298217767297003521,cciv2,46,0.014344095760717802,0,0,0.06009262055158615
1124008705845026823,cciv2,46,0.04049038150813559,0,0,0.057809945195913315
1246121373472378880,cciv2,46,0.07454976275426273,1,1,0.6270498037338257
1345778047421562880,cciv2,46,0.05411871549047574,1,1,0.9274687767028809
1444988795108139008,cciv2,46,0.02629065702416011,1,0,0.1944202035665512
1275278623860305922,cciv2,46,0.06386394725827757,0,0,0.07611768692731857
1223263760950775808,cciv2,46,0.025436826256104564,0,0,0.06890448927879333
1466446193337196552,cciv2,46,0.10379323993304458,0,0,0.06750252097845078
1512367141198213123,cciv2,46,0.0022509596891439926,0,0,0.057082176208496094
1451346708579897345,cciv2,46,0.11869063855321652,0,0,0.05959288775920868
1359732117211668481,cciv2,46,0.05824673964144107,0,0,0.24166376888751984
1204634292044697600,cciv2,46,0.0268762338208091,0,0,0.06353388726711273
1242197959413989377,cciv2,46,0.11349814418651093,0,0,0.09097602963447571
1345415514424750083,cciv2,46,0.005255249767519066,0,0,0.07164274156093597
1628172722969751552,cciv2,46,0.20040699138224344,0,0,0.4335145950317383
1123014488888893440,cciv2,46,0.008181723849812205,0,0,0.07767332345247269
1345690021563654144,cciv2,46,0.05460803259945884,0,0,0.09663337469100952
1504459560207147011,cciv2,46,0.08526391377197096,0,0,0.15957042574882507
1507052730803802122,cciv2,46,0.0628515164190547,0,0,0.11279416084289551
1270803144147075075,cciv2,46,0.09319948123045693,1,1,0.8894868493080139
1274310552161079297,cciv2,46,0.01788405342285886,0,0,0.06334567815065384
1564334956100423680,cciv2,46,0.008791756409820816,0,0,0.08542408049106598
1388425054665510912,cciv2,46,0.08771022620300765,0,0,0.09055958688259125
1585359766754586624,cciv2,46,0.08322735784703365,1,1,0.9229962229728699
1463617131946205187,cciv2,46,0.11942543885610034,1,0,0.08649226278066635
1222296463822049281,cciv2,46,0.12257199921156807,0,0,0.06987855583429337
1218986472197566464,cciv2,46,0.03387351838053702,0,0,0.07570028305053711
1594755480441733131,cciv2,46,0.7123470116994252,1,1,0.7269361615180969
1508215661482463238,cciv2,46,0.016720878588694612,0,0,0.09454622119665146
1216725210507902979,cciv2,46,0.020049198571335664,0,0,0.0543619729578495
1192249138957582338,cciv2,46,0.03550877830663665,0,0,0.05427658557891846
1452130397932998657,cciv2,46,0.03478837875212871,0,0,0.06796643882989883
1117368474597318661,cciv2,46,0.033296582417086905,0,0,0.06693994253873825
1491416161812361216,cciv2,46,0.11611463646012879,0,0,0.22441577911376953
1307141355915927553,cciv2,46,0.08498869815356026,1,0,0.12573997676372528
1519509018271789056,cciv2,46,0.0,0,0,0.12084934860467911
1482268883465777157,cciv2,46,0.035831060563834616,0,0,0.07102443277835846
1291416524264222721,cciv2,46,0.017898273190697665,0,0,0.06853615492582321
1530459713028390913,cciv2,46,0.07455436802455587,0,0,0.06146429851651192
1606670420719067139,cciv2,46,0.10508643415749812,1,0,0.0589657761156559
1514890228493963265,cciv2,46,0.0,0,0,0.09113809466362
1499672184414998536,cciv2,46,0.024578500162520174,0,0,0.06828507781028748
1347316666028478466,cciv2,46,0.13073394391633344,0,0,0.06564381718635559
1648058784890372097,cciv2,46,0.07664214333360955,0,0,0.06543910503387451
1227781168109506560,cciv2,46,0.08899943865856402,0,0,0.06789656728506088
1379807592143290370,cciv2,46,0.022641143999630013,0,0,0.05662078410387039
1487026637099126784,cciv2,46,0.018629807609989453,0,0,0.06182993948459625
1355165540453642240,cciv2,46,0.031927573337339935,0,0,0.06434714794158936
1298413749121024004,cciv2,46,0.11000128264665551,0,0,0.06947891414165497
1575263521750847491,cciv2,46,0.0,0,0,0.07360703498125076
1233438028846125058,cciv2,46,0.07616582110278719,0,0,0.07415531575679779
1628082486772215841,cciv2,46,0.03184258968858734,0,0,0.07445555925369263
1399046300872675328,cciv2,46,0.044429946635903654,0,0,0.07006464898586273
1259954791591133185,cciv2,46,0.007908647213957292,1,0,0.06609871238470078
1586732526223040512,cciv2,46,0.05213044592697173,0,0,0.07333899289369583
1445380143384514561,cciv2,46,0.030065158786238926,0,0,0.06854096055030823
1498475514394288129,cciv2,46,0.01915970669638556,0,0,0.054357949644327164
1190205141380583424,cciv2,46,0.22098528770179757,1,1,0.93519526720047
1377716013916172292,cciv2,46,0.0032274532402342617,0,0,0.05516086891293526
1355641493956874241,cciv2,46,0.06600142591547523,0,0,0.0660933256149292
1393667052968333318,cciv2,46,0.08536384351420159,0,1,0.6862432360649109
1587412786375557120,cciv2,46,0.09149166679769784,1,1,0.8698845505714417
1300489088198496258,cciv2,46,0.022334531919847776,0,0,0.06349441409111023
1637493415016296449,cciv2,46,0.04657175460222826,0,0,0.0674978718161583
1380751228171354112,cciv2,46,0.006364021842780911,0,0,0.0579167865216732
1120860417645895680,cciv2,46,0.18138130004730055,1,1,0.8989258408546448
1319668055367208961,cciv2,46,0.015460169688413558,0,0,0.05680733174085617
1392520237539549188,cciv2,46,0.0621436247043417,0,0,0.05551445484161377
1397398267806236676,cciv2,46,0.03954660667012298,0,0,0.06725550442934036
1407216852875452443,cciv2,46,0.07246772111458978,0,0,0.060561057180166245
1393616932696432640,cciv2,46,0.07072294819848542,0,0,0.06266496330499649
1445042996408246275,cciv2,46,0.007130884839854902,1,1,0.9156766533851624
1592051401177591808,cciv2,46,0.007553832927059324,1,0,0.06621958315372467
1297284021282537472,cciv2,46,0.03361245610967154,0,0,0.07422130554914474
1639011015076478977,cciv2,46,0.021635622735297254,0,0,0.24313880503177643
1405155653988098056,cciv2,46,0.04607409033387478,0,0,0.06163901835680008
1298280815273672705,cciv2,46,0.02436225925606965,0,0,0.0763394683599472
1600473720186773505,cciv2,46,0.20234739986116307,1,0,0.42728346586227417
1469703539081449472,cciv2,46,0.013199123352746612,0,0,0.06357944011688232
1268558839214899201,cciv2,46,0.030973039963039392,0,0,0.0890621691942215
1345451046475354112,cciv2,46,0.15341503375633922,1,1,0.9001049399375916
1270982396121214978,cciv2,46,0.06305622357304558,1,0,0.08465113490819931
1411961344962686978,cciv2,46,0.002164033701310843,0,0,0.06579424440860748
1276793702472716289,cciv2,46,0.0516171384917884,0,0,0.062170203775167465
1556353135844679680,cciv2,46,0.23562848413673618,0,1,0.857260525226593
1293954705257684992,cciv2,46,0.1445765045381512,0,0,0.09208603203296661
1171163784762839042,cciv2,46,0.0054310490549466925,0,0,0.05896630138158798
1122994928299036677,cciv2,46,0.19785172063326054,1,1,0.9307287335395813
1298402312868724736,cciv2,46,0.029977284821628872,0,0,0.07654505223035812
1286786961542455298,cciv2,46,0.023935722323176697,0,0,0.06826622784137726
1396689194106294278,cciv2,46,0.08929963513213515,0,0,0.06809190660715103
1563287160908042241,cciv2,46,0.04167761097417805,0,0,0.30907362699508667
1541730204648935425,cciv2,46,0.16800493489320104,1,1,0.9275290369987488
1268895623278850050,cciv2,46,0.08170565275548765,0,0,0.07412128150463104
1451370158367264777,cciv2,46,0.13907579197558134,0,1,0.7778663635253906
1491958977667682308,cciv2,46,0.1172756663882228,0,0,0.07429523020982742
1396966089708425218,cciv2,46,0.06579982681696099,0,0,0.05345557630062103
1442978128394014722,cciv2,46,0.04851641328379854,0,0,0.06784047186374664
1458514255716786182,cciv2,46,0.06232961672594081,0,0,0.06996768712997437
1321845326555176960,cciv2,46,0.00915440660123128,0,0,0.07668653875589371
1633559221227642883,cciv2,46,0.06820441212094605,0,0,0.09082955121994019
1586647573368037376,cciv2,46,0.040786445357639714,1,1,0.9236169457435608
1241856213811412992,cciv2,46,0.006785736404929734,0,0,0.05919056013226509
1647374538324189184,cciv2,46,0.0364256800328026,0,1,0.8304862380027771
1345235597749854208,cciv2,46,0.04575123268483591,1,1,0.9293919205665588
1239012712673411078,cciv2,46,0.0,0,0,0.10137257725000381
1582437173277601792,cciv2,46,0.18125010695986354,0,0,0.07327959686517715
1120591069526228997,cciv2,46,0.09120942844425635,0,0,0.05812697485089302
1283422598613868546,cciv2,46,0.001331867902283052,0,0,0.06302152574062347
1196747794264051713,cciv2,46,0.04568859209031746,0,0,0.06389309465885162
1300022096064520193,cciv2,46,0.04669608435703663,1,0,0.0835692286491394
1347894076318879744,cciv2,46,0.01571821548054869,0,0,0.09904742240905762
1343348218743164928,cciv2,46,0.0185412741717667,0,0,0.05995715409517288
1288266046248562689,cciv2,46,0.13477116029525635,0,0,0.06902366876602173
1394273212100456448,cciv2,46,0.09339481875635403,1,1,0.9232655763626099
1345212454469566466,cciv2,46,0.1349358066288072,0,0,0.1557157337665558
1316806707725709314,cciv2,46,0.003205513661658131,0,0,0.08448482304811478
1274382276730802176,cciv2,46,0.03945837777594997,0,0,0.11467228084802628
1630353342328107008,cciv2,46,0.027379131431996627,0,0,0.06377777457237244
1518388184870178816,cciv2,46,0.00849740356475254,0,0,0.060440704226493835
1597318794422411265,cciv2,46,0.037849995218832116,0,0,0.06606930494308472
1297728264358813698,cciv2,46,0.01651017103362302,0,0,0.05867660418152809
1092607702524743680,cciv2,46,0.04589571884803969,0,0,0.06355923414230347
1558159706383912964,cciv2,46,0.18547419366807477,0,0,0.05721058323979378
1574261143576535040,cciv2,46,0.07805767173223721,1,1,0.9245137572288513
1401102417559580678,cciv2,46,0.0322523989945347,0,0,0.05905507504940033
1308105045452390403,cciv2,46,0.029244820977978675,0,0,0.09043704718351364
1508194787001831431,cciv2,46,0.02309954536003333,0,0,0.06912805885076523
1232601234143678464,cciv2,46,0.1377469409057656,0,0,0.32070207595825195
1283393408778870785,cciv2,46,0.017580935898427456,0,0,0.05747808516025543
1515204878397849601,cciv2,46,0.019767186083051242,0,0,0.057818569242954254
1542274011576602626,cciv2,46,0.03194131250389265,0,0,0.35947975516319275
1293974461662793728,cciv2,46,0.05588829373435915,0,0,0.09413204342126846
1211490408754270210,cciv2,46,0.014864204219009771,0,0,0.06121758371591568
1097212292893196289,cciv2,46,0.4659280679540073,1,1,0.9342663884162903
1581970735957872640,cciv2,46,0.3660780680921156,0,0,0.06913158297538757
1225984535046840320,cciv2,46,0.01999454059808272,1,1,0.8822748064994812
1604186809625415680,cciv2,46,0.04869691499162163,0,0,0.06331194192171097
1163972893765775365,cciv2,46,0.08145223120080425,0,0,0.06246253103017807
1341775550189350912,cciv2,46,0.045221875014750924,0,0,0.07937450706958771
1286748877563891713,cciv2,46,0.07478173550597322,0,0,0.0759391337633133
1460712630553923584,cciv2,46,0.06444571984375898,0,0,0.05906033143401146
1477825713206177792,cciv2,46,0.02071365040921263,0,0,0.06947119534015656
1284434882140176389,cciv2,46,0.13974700727662875,1,1,0.8446546792984009
1255205589396979724,cciv2,46,0.04204866379432151,0,0,0.05799035355448723
1449353935626588163,cciv2,46,0.0198084205833754,0,0,0.06217683479189873
1287098479496634370,cciv2,46,0.01031049980694372,0,0,0.06308853626251221
1241902809592803328,cciv2,46,0.35348497737839796,1,1,0.9313117265701294
1235962772770283522,cciv2,46,0.09046370720416644,0,0,0.05667080730199814
1448053433374740482,cciv2,46,0.02116137711093326,0,0,0.058143436908721924
1282333713267859458,cciv2,46,0.08928764581152138,1,1,0.824898898601532
1325795907514863622,cciv2,46,0.029789523255351686,0,0,0.052278924733400345
1417228816808820741,cciv2,46,0.006855783110051695,0,0,0.05991531163454056
1611744750368956416,cciv2,46,0.010440942615959157,0,0,0.06625758111476898
1521292300260888578,cciv2,46,0.037500809087998,0,0,0.0661805048584938
1203555334805164033,cciv2,46,0.4306153506301442,1,1,0.9313028454780579
1580245639979749377,cciv2,46,0.042311494131301926,0,0,0.0856403037905693
1463578662922604548,cciv2,46,0.13488417508302805,0,0,0.07421737909317017
1449684061912510466,cciv2,46,0.00505119613363816,0,0,0.056510280817747116
1152034933176590336,cciv2,46,0.41527826453540717,1,1,0.9320988059043884
1584558203626434560,cciv2,46,0.11827652206998708,0,0,0.06823057681322098
1553717576458534912,cciv2,46,0.07602486548650292,0,0,0.06353507936000824
1255567029551144964,cciv2,46,0.05027277293625535,0,0,0.07035920768976212
1545151228413415425,cciv2,46,0.28220751731193444,1,1,0.9332146048545837
1468967696523878410,cciv2,46,0.011775443633156435,0,0,0.06633180379867554
1489845616750444545,cciv2,46,0.022187236835474345,0,0,0.06165206804871559
1393522778440093700,cciv2,46,0.001974073575533324,0,0,0.05726771056652069
1345567610780397570,cciv2,46,0.01849985494888929,0,0,0.058353621512651443
1547669888851795979,cciv2,46,0.48551272506928456,0,1,0.8475534915924072
1513201920797810690,cciv2,46,0.13832617838080202,0,0,0.08450667560100555
1284847378499944449,cciv2,46,0.2862714501215138,0,0,0.0694374218583107
1516924289143951360,cciv2,46,0.04742306688971847,0,0,0.07158821076154709
1449714900805242883,cciv2,46,0.03641591684133007,0,0,0.09373599290847778
1258707209304891392,cciv2,46,0.0009173317049681688,0,0,0.06724877655506134
1511107589932830723,cciv2,46,0.06517560851591543,0,0,0.09400603920221329
1219921409415270400,cciv2,46,0.010123838863573308,0,0,0.05859990417957306
1542857597589528577,cciv2,46,0.0,1,1,0.9234179854393005
1620508837328588803,cciv2,46,0.06239509809715222,1,0,0.10391274839639664
1144672451592413185,cciv2,46,0.1558141958517378,1,1,0.9330690503120422
1198999631323115520,cciv2,46,0.09997557414124689,0,0,0.06146670877933502
1365488105378230278,cciv2,46,0.08500607593567039,0,0,0.057807158678770065
1637857580776312834,cciv2,46,0.04197350865055329,1,0,0.09387844055891037
1539994279455719424,cciv2,46,0.10461959124565495,0,1,0.7506968975067139
1551584334104215552,cciv2,46,0.027554433578363582,0,0,0.06505704671144485
1283750313418055681,cciv2,46,0.004511716578319958,0,0,0.06454699486494064
1392197387427274755,cciv2,46,0.08199490759953436,0,0,0.08348818868398666
1233959222305607680,cciv2,46,0.1447632283321905,1,1,0.9134042859077454
1625906106156429330,cciv2,46,0.02353298401932974,1,0,0.07735206186771393
1619534124024487937,cciv2,46,0.028763905945087525,0,0,0.05828631669282913
1509027883716526080,cciv2,46,0.0031979353366823945,0,0,0.0917152613401413
1293924575890345985,cciv2,46,0.00022742358866433788,0,0,0.057143986225128174
1646011668751699972,cciv2,46,0.13906091923152136,0,1,0.6351720690727234
1506007293728591873,cciv2,46,0.12621316677538186,0,0,0.08079409599304199
1643707401512550400,cciv2,46,0.051658831105441456,0,1,0.8437486290931702
1210275610813054976,cciv2,46,0.030642995744794132,0,0,0.06116088479757309
1635345125575626752,cciv2,46,0.018128339838693535,0,0,0.06458666175603867
1381927979090075651,cciv2,46,0.01171824094319567,0,0,0.06542150676250458
1345012434608795650,cciv2,46,0.0025214025388304124,0,0,0.3187592625617981
1286035333755305984,cciv2,46,0.026109710490669003,0,0,0.07610062509775162
1554196257270284294,cciv2,46,0.05541676109176089,0,0,0.0594257228076458
1090985813398061056,cciv2,46,0.3195373213281609,1,1,0.9180484414100647
1212830436012908544,cciv2,46,0.03209542481321583,0,0,0.14934714138507843
1539054160896827392,cciv2,46,0.009005949437986478,0,0,0.0699380412697792
1270774783958016005,cciv2,46,0.09017339605029998,0,0,0.06634937226772308
1205464611157413888,cciv2,46,0.18565615953121925,1,1,0.9118549823760986
1470443338213957637,cciv2,46,0.012141727746463573,0,0,0.07260629534721375
1646682021396115456,cciv2,46,0.07113323864774611,0,0,0.058911871165037155
1103688981038985217,cciv2,46,0.007776740674472486,0,0,0.05492313206195831
1396961028102053893,cciv2,46,0.026784293544399783,1,0,0.0832391232252121
1103013290916175874,cciv2,46,0.018391665507841888,0,0,0.05915916711091995
1284764621560315904,cciv2,46,0.0005410403387725965,0,0,0.05872297286987305
1281292234013446145,cciv2,46,0.02311046318846107,0,0,0.06141548231244087
1636400650786426883,cciv2,46,0.019108430535262587,0,0,0.14640678465366364
1219628821881802753,cciv2,46,0.023163394951026175,0,0,0.077601857483387
1585465243727056896,cciv2,46,0.0,0,0,0.09906553477048874
1517548575332265984,cciv2,46,0.017298122378619114,0,0,0.05572007596492767
1223652621153722372,cciv2,46,0.022890792384231303,0,0,0.06124643236398697
1106562886778998785,cciv2,46,0.0,1,1,0.9033948183059692
1518553007582892032,cciv2,46,0.009263540982646697,0,0,0.06124367192387581
1397954044455391233,cciv2,46,0.06252979709068054,0,0,0.15538360178470612
1252073855046352897,cciv2,46,0.020232272099262535,0,0,0.06553082913160324
1515229140768546819,cciv2,46,0.03797131115713172,1,0,0.235899418592453
1542539148841607169,cciv2,46,0.06457277736136097,0,1,0.7749086022377014
1427586547621236739,cciv2,46,0.034108766760189535,0,0,0.06226051598787308
1177946201179578368,cciv2,46,0.5696648224059508,0,0,0.43567565083503723
1253687689410416641,cciv2,46,0.07930070536641111,0,0,0.059423185884952545
1222396158653259777,cciv2,46,0.028725856627352782,0,0,0.055698953568935394
1217246308743962624,cciv2,46,0.09466695861721641,0,0,0.07234826683998108
1382668135690428419,cciv2,46,0.07962060428949572,0,0,0.0749216228723526
1650582626758180865,cciv2,46,0.0,0,0,0.07812399417161942
1252009084078997505,cciv2,46,0.06874338056541081,1,0,0.07569514960050583
1248241876005724161,cciv2,46,0.009966343844406124,0,0,0.05998653918504715
1543360155651391500,cciv2,46,0.01594585780167619,0,1,0.9162328243255615
1318980851808481281,cciv2,46,0.021912653483591955,0,0,0.06429523229598999
1397587532574040069,cciv2,46,0.014074483237927378,0,0,0.06801559776067734
1466454112279662604,cciv2,46,0.021485672108076018,0,0,0.05348918214440346
1526762269064974346,cciv2,46,0.07079685362622895,1,1,0.6009392142295837
1566132180467814400,cciv2,46,0.01429588619473939,0,0,0.057335734367370605
1644717646246473736,cciv2,46,0.027754173661504483,0,0,0.06094477325677872
1573081978949505024,cciv2,46,0.05602345307739226,1,1,0.7414963841438293
1544818240484155392,cciv2,46,0.007634531375562349,0,0,0.06205592676997185
1121874377631465474,cciv2,46,0.04702733741301854,0,0,0.05473439022898674
1291623819572989955,cciv2,46,0.14167260356045033,1,0,0.11484365165233612
1580600904746962945,cciv2,46,0.07245929260371979,1,1,0.9268138408660889
1428807603031789569,cciv2,46,0.03962613227176681,0,0,0.3128769099712372
1109061649242226688,cciv2,46,0.01092475908379328,0,0,0.0754108801484108
1392756158914600960,cciv2,46,0.011499171238850945,0,0,0.060878410935401917
1133067761184378885,cciv2,46,0.20705352584172684,1,1,0.9387012720108032
1468658508014911492,cciv2,46,0.06851554413493165,0,0,0.07196405529975891
1579549222038560768,cciv2,46,0.06251170616643005,0,0,0.05697027966380119
1644465858670993409,cciv2,46,0.0008907704724383541,1,0,0.09323305636644363
1506076192130191360,cciv2,46,0.06944273560668096,0,0,0.06063013896346092
1159696677130948608,cciv2,46,0.03016932731262389,0,0,0.06645573675632477
1633114503305936899,cciv2,46,0.027177778833523698,0,1,0.8333622217178345
1128058851188670470,cciv2,46,0.10337956868619186,0,0,0.16391968727111816
1296858111521648640,cciv2,46,0.02988091311104596,0,1,0.8498702049255371
1187403288007888898,cciv2,46,0.0,0,0,0.06099880486726761
1458036894860775426,cciv2,46,0.10515307857569195,0,0,0.06517944484949112
1356378388164976645,cciv2,46,0.011668872688719054,0,0,0.06633355468511581
1517749284304695298,cciv2,46,0.12032580509868111,0,0,0.11272142082452774
1256562515288494082,cciv2,46,0.026158623329466252,0,0,0.05745386332273483
1526056251007852544,cciv2,46,0.03547568024578654,0,0,0.0715952068567276
1352771322863116288,cciv2,46,0.07583444657255942,0,1,0.8565682172775269
1393789126772543490,cciv2,46,0.02396490307569359,0,0,0.0678539127111435
1360239202827403267,cciv2,46,0.015389299396025858,0,0,0.061334606260061264
1353190490305392640,cciv2,46,0.008838887592111903,0,0,0.0824384018778801
1357201397838618624,cciv2,46,0.0016398449652466063,0,0,0.0928366482257843
1255823949532987397,cciv2,46,0.009709027890113141,1,0,0.07247597724199295
1272891981480497152,cciv2,46,0.036105985530942665,0,0,0.0632442831993103
1354349851581034498,cciv2,46,0.0001402373835843424,0,0,0.06022772565484047
1120663055526957062,cciv2,46,0.16498461410196083,0,0,0.08416761457920074
1283401552032456705,cciv2,46,0.002694602732490371,0,0,0.07143671810626984
1524755538415861761,cciv2,46,0.061905770047707996,0,1,0.5915790796279907
1399745357555322889,cciv2,46,0.12138134943121173,0,0,0.07523145526647568
1519841120473202688,cciv2,46,0.039678661790824014,0,0,0.05939295142889023
1300150538668060674,cciv2,46,0.06516549191660831,0,0,0.07765009254217148
1209982157982248961,cciv2,46,0.1174134219600023,0,0,0.43725958466529846
1645009221635694593,cciv2,46,0.007781224163501368,1,1,0.9270373582839966
1215515751496339456,cciv2,46,0.02841806348225682,0,0,0.07123324275016785
1426471423086764033,cciv2,46,0.131132214830706,1,1,0.8816899657249451
1232887804969078789,cciv2,46,0.0031976115342447656,1,1,0.8965117931365967
1407469081494757382,cciv2,46,0.0571602689186545,0,0,0.06396907567977905
1470482593539837954,cciv2,46,0.02316384619867919,0,0,0.0634542852640152
1413068266759655427,cciv2,46,0.005331186538003622,0,0,0.06487621366977692
1229152388851929091,cciv2,46,0.026259785187919896,0,0,0.07030384242534637
1286027681230753793,cciv2,46,0.07407945111912212,0,0,0.06414502114057541
1415047667613327369,cciv2,46,0.06786855997981268,0,0,0.06312242895364761
1394017841121308673,cciv2,46,0.01654469083069492,1,1,0.9233313202857971
1085296318040473600,cciv2,46,0.03226586093911458,0,0,0.07686997205018997
1434894931143929858,cciv2,46,0.020760313787770865,0,0,0.06405191868543625
1256536483332317184,cciv2,46,0.00639552533457784,0,0,0.06060796231031418
1600224079482454016,cciv2,46,0.035855400375425,0,0,0.061135146766901016
1567171489509564416,cciv2,46,0.06660324682284208,0,0,0.06822743266820908
1556401396651397120,cciv2,46,0.005961855052298186,0,0,0.06246538832783699
1258474383900893189,cciv2,46,0.04755953559249905,0,0,0.06311459839344025
1207550765260132353,cciv2,46,0.023189626369636663,0,0,0.062297336757183075
1449058322360020992,cciv2,46,0.07639480367546746,0,0,0.06610296666622162
1455148755435630594,cciv2,46,0.020369744928268974,0,0,0.05571209639310837
1223994516903997444,cciv2,46,0.004004528432997537,0,0,0.06533131003379822
1284281138467319808,cciv2,46,0.018272738269585982,0,0,0.07078687101602554
1578140790592782336,cciv2,46,0.030598092021665853,1,0,0.08293014764785767
1222708257648594944,cciv2,46,0.009308056677817981,0,0,0.08065976202487946
1250166932768088064,cciv2,46,0.24311091960447362,1,1,0.9352204203605652
1232852903909441537,cciv2,46,0.20221774747096893,1,1,0.9350364208221436
1311402290167783424,cciv2,46,0.006725249161695379,0,0,0.0657801553606987
1245701249732734977,cciv2,46,0.054277815335873995,1,0,0.08939818292856216
1212868104658849795,cciv2,46,0.10637965567275386,0,0,0.06374962627887726
1352210396833337345,cciv2,46,0.03785758926552148,0,0,0.07302812486886978
1241946825055141889,cciv2,46,0.0016113328341147094,0,0,0.05823615565896034
1260225918980816902,cciv2,46,0.013774862550640936,0,0,0.05501040443778038
1393777583414669317,cciv2,46,0.02622005188240842,0,0,0.061112988740205765
1229308060419514369,cciv2,46,0.03899435693750944,0,0,0.06233257055282593
1229222882112348166,cciv2,46,0.01194123975554018,0,0,0.055041857063770294
1588261196573986816,cciv2,46,0.01540385615185937,1,1,0.9275571703910828
1462395459557810176,cciv2,46,0.04164052459228325,0,0,0.09124846756458282
1442869344946454529,cciv2,46,0.028938219093585994,0,0,0.05607135221362114
1255605234619072519,cciv2,46,0.02442315053894908,0,0,0.06860955059528351
1499012058175655938,cciv2,46,0.03573389522236392,0,0,0.06620224565267563
1462851931945283589,cciv2,46,0.20072118663979682,0,0,0.07340238243341446
1247576003800686600,cciv2,46,0.005684216942138181,0,0,0.05394206568598747
1104601295523000323,cciv2,46,0.36100691207457064,1,0,0.1569770723581314
1263682260768681986,cciv2,46,0.005965182516430082,0,0,0.06481752544641495
1123871012746092545,cciv2,46,0.1790362620757782,0,0,0.06243453919887543
1600150773924450304,cciv2,46,0.04669195334134228,0,1,0.8823432922363281
1236854787334909953,cciv2,46,0.0655267196197854,0,0,0.12192989140748978
1397658343041339392,cciv2,46,0.17104231972953296,0,0,0.10217776149511337
1454323555420803073,cciv2,46,0.018592923761849622,0,0,0.10388997942209244
1619614295335239680,cciv2,46,0.006312215057103245,0,0,0.07112002372741699
1345745635924992000,cciv2,46,0.20196292567303362,1,0,0.4706181287765503
1219355089854439424,cciv2,46,0.01097475822571524,1,0,0.06936395913362503
1233846578366078986,cciv2,46,0.02490151693983929,1,1,0.7856479287147522
1310174329653530624,cciv2,46,0.020226794531609985,0,0,0.0656786561012268
1421844891404062726,cciv2,46,0.03735726501964189,0,0,0.06557845324277878
1393372156482949129,cciv2,46,0.1922395329807184,0,0,0.1317453682422638
1267842168128966657,cciv2,46,0.03450246234228286,0,1,0.5131708979606628
1555651653453348865,cciv2,46,0.023357573138786412,0,0,0.059593018144369125
1389360261270806533,cciv2,46,0.03687428110363749,0,0,0.069487065076828
1576232372063772672,cciv2,46,0.00036286565431428,0,0,0.060516081750392914
1518769899996606464,cciv2,46,0.036025872711398226,0,0,0.05648811534047127
1298736963000901632,cciv2,46,0.02857153184812082,0,0,0.06545901298522949
1194722327952547844,cciv2,46,0.21787231413020108,1,1,0.9115576148033142
1604141984712531968,cciv2,46,0.06200005997212171,1,0,0.07486496865749359
1266753810392854529,cciv2,46,0.04042140304319674,0,0,0.06246631219983101
1417123755390689287,cciv2,46,0.08064220738337957,0,0,0.09835118055343628
1288838940569620483,cciv2,46,0.0011531655252471306,0,0,0.06590207666158676
1412564686516666369,cciv2,46,0.006012314190822537,0,0,0.058358218520879745
1376823894569443329,cciv2,46,0.012194491301426332,0,0,0.05826980993151665
1369368335532589061,cciv2,46,0.13228380767806508,0,0,0.06686651706695557
1224738215652814849,cciv2,46,0.009859506149203305,0,0,0.07120604068040848
1185557829501018114,cciv2,46,0.07532701683374848,1,0,0.0600607730448246
1274205440239374337,cciv2,46,0.01774225533623652,0,0,0.055869992822408676
1509567860095569937,cciv2,46,0.037389811030725736,0,0,0.06483675539493561
1457557396973187088,cciv2,46,0.10734731826350342,0,0,0.05736638605594635
1238978053633716226,cciv2,46,0.04284883080365412,0,0,0.07082571089267731
1137416842560118784,cciv2,46,0.011335522393968773,0,0,0.05782701447606087
1474945563271606273,cciv2,46,0.002149571435888358,0,0,0.06491459906101227
1601901750096924674,cciv2,46,0.12430287547168412,0,0,0.08165756613016129
1249002861129863170,cciv2,46,0.07971411682306649,0,0,0.0625278502702713
1289575405611921411,cciv2,46,0.007828558159465683,0,0,0.0692564845085144
1263521952364474368,cciv2,46,0.024085687039447513,0,0,0.2031865119934082
1468332039216803847,cciv2,46,0.04219937678376022,0,0,0.06144532188773155
1487758635275014149,cciv2,46,0.05512120190819967,0,0,0.07625240087509155
1609464228045365248,cciv2,46,0.0,0,0,0.07946402579545975
1355618686770569219,cciv2,46,0.004980487590363047,0,0,0.05884174630045891
1232922381544386560,cciv2,46,0.18199106687982144,1,1,0.9345290064811707
1345353737368457221,cciv2,46,0.13779314571428636,0,0,0.08344107121229172
1263926391474491392,cciv2,46,0.006780039542074952,0,1,0.8943705558776855
1262954263384334338,cciv2,46,0.014070480610632012,0,0,0.06178075447678566
1355356438714003459,cciv2,46,0.016886423107659285,0,0,0.062108151614665985
1478755285934252032,cciv2,46,0.055877595035664945,0,0,0.06468333303928375
1247933746881462273,cciv2,46,0.047022385601087985,0,0,0.20592109858989716
1114201210960085002,cciv2,46,0.013327918788535774,0,0,0.05726003646850586
1567548400983228421,cciv2,46,0.024986889287244796,1,0,0.07441169768571854
1393566849275555845,cciv2,46,0.05933405525882002,0,0,0.06439194083213806
1440444267135004681,cciv2,46,0.07132191568657414,0,0,0.07126250863075256
1569022602882039812,cciv2,46,0.006047520829248789,0,0,0.06274410337209702
1268796619761291264,cciv2,46,0.03231079860790019,0,0,0.07287192344665527
1466588575697309698,cciv2,46,0.016188686956472204,0,0,0.0666293278336525
1358471344753569792,cciv2,46,0.028591278069850717,0,0,0.07419560104608536
1466314626426146818,cciv2,46,0.013252525289482231,0,0,0.06490770727396011
1559265728037109765,cciv2,46,0.042637259744592544,0,0,0.07512015849351883
1285236887599419392,cciv2,46,0.03866848151487312,0,0,0.058056242763996124
1421202358105690121,cciv2,46,0.037810977931189385,0,0,0.0568402037024498
1230462416368099328,cciv2,46,0.20388796477065255,0,0,0.06840142607688904
1276280108278415360,cciv2,46,0.03362419534645756,0,0,0.05702304467558861
1251955772797399044,cciv2,46,0.11798741546142916,0,0,0.08492042124271393
1252583581685252097,cciv2,46,0.001334641150623766,0,0,0.05996149033308029
1564590802348949504,cciv2,46,0.0,0,0,0.10879019647836685
1566917637564768256,cciv2,46,0.004935308599515589,0,0,0.06744363903999329
1599649990762434560,cciv2,46,0.007307685995834463,0,0,0.09589282423257828
1575021890040537090,cciv2,46,0.015248842786952032,0,0,0.08832613378763199
1645040637119438848,cciv2,46,0.037989696538861105,0,0,0.054878029972314835
1594193136632623104,cciv2,46,0.22132892918489677,0,1,0.5118109583854675
1188204586290561026,cciv2,47,0.24395989232323026,1,1,0.9302744269371033
1393758809622032390,cciv2,47,0.09675423905097952,0,0,0.11536227911710739
1229832103891595264,cciv2,47,0.08676828113034267,0,0,0.124734066426754
1125194075316064256,cciv2,47,0.284236958542408,0,0,0.4066362679004669
1523450483053973504,cciv2,47,0.14095198928699185,0,0,0.14691726863384247
1345256046571495424,cciv2,47,0.026163818920563044,0,0,0.1035105437040329
1236714045341929481,cciv2,47,0.06546245908509023,0,0,0.16054657101631165
1394295651266187265,cciv2,47,0.028625186210557884,0,0,0.3262846767902374
1154438465280516096,cciv2,47,0.05689891132848901,0,0,0.11637174338102341
1619516286312263681,cciv2,47,0.04984566508642138,0,0,0.2166268229484558
1396537342085718017,cciv2,47,0.011895130709719851,0,0,0.16016419231891632
1443682627614093314,cciv2,47,0.01057280372499695,0,0,0.17871953547000885
1465147721724178432,cciv2,47,0.04847352049089037,1,1,0.8811169862747192
1255492458164752387,cciv2,47,0.17031588033667303,0,0,0.2295502871274948
1290986576667869185,cciv2,47,0.11362197345022944,0,0,0.29487574100494385
1514288582332145670,cciv2,47,0.007133013330824777,0,0,0.22711026668548584
1272357521324474368,cciv2,47,0.07938944112451787,0,0,0.09981974214315414
1487252560700481537,cciv2,47,0.169391646266113,0,0,0.2503233253955841
1273740261621809154,cciv2,47,0.056832524750796434,0,0,0.12954196333885193
1317661755363921920,cciv2,47,0.018633175624568822,0,0,0.18184739351272583
1468405253758406661,cciv2,47,0.0012939218980009568,0,0,0.15889863669872284
1514920455643279365,cciv2,47,0.03042425811733305,0,0,0.13617175817489624
1291784215021805569,cciv2,47,0.020652104939661582,0,0,0.21492455899715424
1357469393727365122,cciv2,47,0.00807879878288968,0,0,0.15673834085464478
1248174910977040385,cciv2,47,0.030000850179395883,0,0,0.2682238519191742
1287073267526897666,cciv2,47,0.16920546021574587,0,0,0.22017380595207214
1116066316874670081,cciv2,47,0.1048354365173518,1,1,0.9289960861206055
1296511371367124992,cciv2,47,0.05650521772843963,0,0,0.12625345587730408
1345166234330017792,cciv2,47,0.04737128031990045,0,0,0.14910103380680084
1245501628112867328,cciv2,47,0.0014260609004283667,0,0,0.1607147604227066
1578931526238343168,cciv2,47,0.03441907602624741,0,0,0.1540491133928299
1286957308447260673,cciv2,47,0.08293788036632319,1,1,0.8913621306419373
1393552840891719685,cciv2,47,0.14975937154313151,0,0,0.15042470395565033
1262815859732611075,cciv2,47,0.02213530361744352,1,1,0.6481345891952515
1599404086688092160,cciv2,47,0.0514944946148539,0,0,0.16674892604351044
1648029372983439367,cciv2,47,0.037835546077640184,0,0,0.09267594665288925
1265957010501230593,cciv2,47,0.00539212583257509,0,0,0.14834605157375336
1246464469087256576,cciv2,47,0.17067105563882318,1,0,0.18973353505134583
1211183459105796098,cciv2,47,0.023012120934180876,0,0,0.12050974369049072
1118338313876844544,cciv2,47,0.075917714934785,0,0,0.12883785367012024
1135216071525511173,cciv2,47,0.16020019013709794,0,0,0.2601870894432068
1527387745693224986,cciv2,47,0.2596695248688663,0,0,0.11100047826766968
1232990916899561473,cciv2,47,0.10836024873716879,1,1,0.9171318411827087
1345987250904068096,cciv2,47,0.011562737482203662,0,0,0.09351997077465057
1546816084149501953,cciv2,47,0.038326350575893384,0,0,0.13403120636940002
1457806433853005827,cciv2,47,0.0036275359424712424,0,0,0.24567897617816925
1402937907342544899,cciv2,47,0.06574310430394709,0,0,0.1405288577079773
1603080434526859264,cciv2,47,0.051669491169080886,0,1,0.570051372051239
1109748138515054592,cciv2,47,0.18248056268662463,1,1,0.9391384124755859
1488409288750284801,cciv2,47,0.03752341333766873,0,0,0.13447688519954681
1532553712199245827,cciv2,47,0.03591087897455071,0,0,0.1978299766778946
1491463980329570304,cciv2,47,0.03811043673368661,0,0,0.1334865689277649
1611222836924010498,cciv2,47,0.08888104699124952,0,0,0.21343635022640228
1537808851155795975,cciv2,47,0.011649390543070024,0,0,0.12723229825496674
1630179384375263232,cciv2,47,0.03281501954173139,0,0,0.13652965426445007
1393745779857272832,cciv2,47,0.13668892613497677,1,0,0.2541332244873047
1509126359607660551,cciv2,47,0.0386476865119589,0,0,0.11328574270009995
1126878156294586368,cciv2,47,0.0010610675049933305,0,0,0.14020223915576935
1225297729506594818,cciv2,47,0.1214777869032369,0,0,0.36588743329048157
1394107831834476547,cciv2,47,0.025895745025409304,0,0,0.21199291944503784
1260269776150159360,cciv2,47,0.13949757040799995,0,0,0.13964234292507172
1488747638602153986,cciv2,47,0.0418279039129711,0,0,0.13141176104545593
1270348242543423488,cciv2,47,0.035615919020159564,0,0,0.1267443597316742
1244176666802479104,cciv2,47,0.20943001959077717,0,0,0.12018981575965881
1539951759405109249,cciv2,47,0.043060537217728616,0,0,0.1381223350763321
1395747592307417092,cciv2,47,0.011175725094583581,0,0,0.3529057502746582
1508152963587579909,cciv2,47,0.03070741614143572,0,0,0.2239881455898285
1224025761092448257,cciv2,47,0.06969950583216517,0,0,0.37253737449645996
1263867135194996737,cciv2,47,0.0643376366343816,0,0,0.09408269822597504
1577071902572818434,cciv2,47,0.008849832858437186,0,0,0.14203423261642456
1508857749089787912,cciv2,47,0.004035632395917593,0,0,0.10933810472488403
1224373966363512833,cciv2,47,0.0792480334216042,0,0,0.18805409967899323
1103282085832343555,cciv2,47,0.15605570509544314,0,0,0.1346580535173416
1109170436078817282,cciv2,47,0.03193934684203996,0,0,0.11751000583171844
1098057857482641408,cciv2,47,0.2954446605215623,1,1,0.9229341745376587
1261011012100198404,cciv2,47,0.0,1,0,0.2790435552597046
1237111189722640385,cciv2,47,0.019104012702144978,0,0,0.11300550401210785
1115609269838024704,cciv2,47,0.12448190877637205,0,0,0.14951156079769135
1293886666080260097,cciv2,47,0.04692401694474981,0,0,0.10057734698057175
1395833782863814657,cciv2,47,0.0,0,0,0.17480416595935822
1247909286568701958,cciv2,47,0.10877046575748579,0,0,0.1236082911491394
1352044283587489792,cciv2,47,0.049613565443829485,0,0,0.19150446355342865
1258110002906136578,cciv2,47,0.1878966623844659,0,0,0.13034296035766602
1461202741666140161,cciv2,47,0.15624504182488919,0,0,0.17371168732643127
1258017440362979332,cciv2,47,0.038045865115670215,0,0,0.10618413984775543
1393327980387131398,cciv2,47,0.03119943934628371,0,0,0.1840486228466034
1648322447089840140,cciv2,47,0.049094348055282996,0,1,0.6623704433441162
1356256969359822851,cciv2,47,0.012393842106051498,0,0,0.1360543966293335
1199437211772575744,cciv2,47,0.03797917001149862,0,0,0.20276381075382233
1345112406326915074,cciv2,47,0.01480297709327111,0,0,0.12427853047847748
1345737420101324806,cciv2,47,0.027281995101460253,0,0,0.11258625984191895
1392990438546710533,cciv2,47,0.0066682347537980234,0,1,0.6097302436828613
1451592600918663172,cciv2,47,0.04952355135480014,0,0,0.11900500953197479
1547841356113948674,cciv2,47,0.0,0,0,0.14717893302440643
1313636764506968064,cciv2,47,0.002038918706902642,0,0,0.10470415651798248
1354461395862040576,cciv2,47,0.04307163939639792,0,0,0.09202516824007034
1255336798319972356,cciv2,47,0.022300011042100658,0,0,0.12558163702487946
1346224388128051200,cciv2,47,0.004307387063120399,0,0,0.1740812361240387
1193142802965782528,cciv2,47,0.21604270550354748,1,1,0.9378722310066223
1392146737423290368,cciv2,47,0.08482701890209494,0,0,0.15829434990882874
1226462657177210880,cciv2,47,0.45209723120038475,1,0,0.31644636392593384
1345755511002689545,cciv2,47,0.0015811808085400263,1,1,0.8344963788986206
1593588138030804992,cciv2,47,0.0057912222337551614,0,0,0.13907837867736816
1641175481511714816,cciv2,47,0.029863161289207088,0,1,0.6568047404289246
1565180170016735233,cciv2,47,0.0,0,0,0.2754182517528534
1577125319710248960,cciv2,47,0.001533010339246152,0,0,0.10371116548776627
1548349221429866498,cciv2,47,0.047815123030535825,0,0,0.12392604351043701
1298217767297003521,cciv2,47,0.0178400772261963,0,0,0.14152337610721588
1124008705845026823,cciv2,47,0.06611182131412527,0,0,0.09726770967245102
1246121373472378880,cciv2,47,0.08871436334678419,1,1,0.6561140418052673
1345778047421562880,cciv2,47,0.026336643682905864,1,1,0.8721861839294434
1444988795108139008,cciv2,47,0.017129060335600778,1,0,0.2719822824001312
1275278623860305922,cciv2,47,0.05276358778265865,0,0,0.1748204529285431
1223263760950775808,cciv2,47,0.12567846454771184,0,0,0.1472589075565338
1466446193337196552,cciv2,47,0.10375747257397108,0,0,0.12366986274719238
1512367141198213123,cciv2,47,0.01269711652134158,0,0,0.08522778749465942
1451346708579897345,cciv2,47,0.017085741526753295,0,0,0.09990758448839188
1359732117211668481,cciv2,47,0.019887770904438832,0,0,0.1688515692949295
1204634292044697600,cciv2,47,0.054933589538977375,0,0,0.12939181923866272
1242197959413989377,cciv2,47,0.012419432590032411,0,0,0.1798996776342392
1345415514424750083,cciv2,47,0.005209063266997203,0,0,0.13048985600471497
1628172722969751552,cciv2,47,0.6980799815088559,0,0,0.415865957736969
1123014488888893440,cciv2,47,0.07153390418429792,0,0,0.18826225399971008
1345690021563654144,cciv2,47,0.004119526222821893,0,0,0.19376514852046967
1504459560207147011,cciv2,47,0.0663541965697899,0,0,0.1599922627210617
1507052730803802122,cciv2,47,0.14623810936393813,0,0,0.35542580485343933
1270803144147075075,cciv2,47,0.007728470905001139,1,0,0.351065456867218
1274310552161079297,cciv2,47,0.024693035568486992,0,0,0.09636449068784714
1564334956100423680,cciv2,47,0.0017147639706511088,0,0,0.267719030380249
1388425054665510912,cciv2,47,0.04150965291348046,0,1,0.5791289210319519
1585359766754586624,cciv2,47,0.003682907296925721,1,1,0.9058952331542969
1463617131946205187,cciv2,47,0.07603225942336483,1,1,0.552693784236908
1222296463822049281,cciv2,47,0.10235574753331829,0,0,0.13823260366916656
1218986472197566464,cciv2,47,0.06813539739731754,0,0,0.169997900724411
1594755480441733131,cciv2,47,0.6112945753180287,1,1,0.7576000094413757
1508215661482463238,cciv2,47,0.007327616385053298,0,0,0.21778301894664764
1216725210507902979,cciv2,47,0.05617125842215369,0,0,0.10774042457342148
1192249138957582338,cciv2,47,0.05256250426480878,0,0,0.11504904180765152
1452130397932998657,cciv2,47,0.02938852764720777,0,0,0.16785076260566711
1117368474597318661,cciv2,47,0.014731735772694689,0,0,0.11380703747272491
1491416161812361216,cciv2,47,0.10197131895161006,0,0,0.1867516040802002
1307141355915927553,cciv2,47,0.23673549895070817,1,0,0.20175929367542267
1519509018271789056,cciv2,47,0.0,0,0,0.1687297821044922
1482268883465777157,cciv2,47,0.10545083529782104,0,0,0.1978541612625122
1291416524264222721,cciv2,47,0.1015959047840799,0,0,0.1418231874704361
1530459713028390913,cciv2,47,0.0054855694915053035,0,0,0.11438656598329544
1606670420719067139,cciv2,47,0.09656962361493725,1,1,0.7337722182273865
1514890228493963265,cciv2,47,0.0,0,0,0.1654348522424698
1499672184414998536,cciv2,47,0.007825498476628454,0,0,0.2426515817642212
1347316666028478466,cciv2,47,0.049265017774811154,0,0,0.26801514625549316
1648058784890372097,cciv2,47,0.026106338905726136,0,0,0.0993005707859993
1227781168109506560,cciv2,47,0.07099930380069097,0,0,0.1865079700946808
1379807592143290370,cciv2,47,0.030768211890515165,0,0,0.09331458061933517
1487026637099126784,cciv2,47,0.024527928137629322,0,0,0.11989839375019073
1355165540453642240,cciv2,47,0.01875735600360871,0,0,0.11300084739923477
1298413749121024004,cciv2,47,0.09469818567368646,0,0,0.1857970654964447
1575263521750847491,cciv2,47,0.0,0,0,0.1537049561738968
1233438028846125058,cciv2,47,0.02802984092463597,0,0,0.11434746533632278
1628082486772215841,cciv2,47,0.17026410797923514,0,0,0.14889757335186005
1399046300872675328,cciv2,47,0.007591230227804354,0,0,0.14526137709617615
1259954791591133185,cciv2,47,0.053170947056295485,1,0,0.18385933339595795
1586732526223040512,cciv2,47,0.017228481231212556,0,0,0.13451127707958221
1445380143384514561,cciv2,47,0.012074925262527472,0,0,0.21187634766101837
1498475514394288129,cciv2,47,0.02375685069844452,0,0,0.10448013991117477
1190205141380583424,cciv2,47,0.3310327901703613,1,1,0.9240812063217163
1377716013916172292,cciv2,47,0.05731092236035886,0,0,0.11038721352815628
1355641493956874241,cciv2,47,0.019984524906539982,0,0,0.14474870264530182
1393667052968333318,cciv2,47,0.1496579294971105,0,0,0.36295750737190247
1587412786375557120,cciv2,47,0.11381951480670992,1,1,0.5079635381698608
1300489088198496258,cciv2,47,0.05783452366847053,0,0,0.17962011694908142
1637493415016296449,cciv2,47,0.04398479989766257,0,0,0.1394968032836914
1380751228171354112,cciv2,47,0.0335960119962279,0,0,0.10193502902984619
1120860417645895680,cciv2,47,0.25644125890081776,1,1,0.8636868596076965
1319668055367208961,cciv2,47,0.009824845104887799,0,0,0.08702413737773895
1392520237539549188,cciv2,47,0.15967097769920605,0,0,0.14803896844387054
1397398267806236676,cciv2,47,0.06617457709748079,0,0,0.144101083278656
1407216852875452443,cciv2,47,0.10469395721453527,0,0,0.12493536621332169
1393616932696432640,cciv2,47,0.04282758895196511,0,0,0.12324116379022598
1445042996408246275,cciv2,47,0.014069618466313646,1,1,0.7685384750366211
1592051401177591808,cciv2,47,0.0475857199119047,1,0,0.18063533306121826
1297284021282537472,cciv2,47,0.044600723475803364,0,0,0.3016905188560486
1639011015076478977,cciv2,47,0.05443215388689227,0,0,0.30086466670036316
1405155653988098056,cciv2,47,0.04155351388866179,0,0,0.1417991816997528
1298280815273672705,cciv2,47,0.05278953425711987,0,0,0.232957661151886
1600473720186773505,cciv2,47,0.15599336329810756,1,0,0.3037024438381195
1469703539081449472,cciv2,47,0.02480209400162568,0,0,0.10334663093090057
1268558839214899201,cciv2,47,0.01696821239778496,0,0,0.1677846759557724
1345451046475354112,cciv2,47,0.11077033804063863,1,1,0.7990191578865051
1270982396121214978,cciv2,47,0.034611737737551856,1,0,0.211145281791687
1411961344962686978,cciv2,47,0.140377426019284,0,0,0.13167323172092438
1276793702472716289,cciv2,47,0.00524588606401662,0,0,0.17839160561561584
1556353135844679680,cciv2,47,0.47128276119663426,0,0,0.26866018772125244
1293954705257684992,cciv2,47,0.10617006482320879,0,0,0.2461743801832199
1171163784762839042,cciv2,47,0.07151600879437864,0,0,0.11184020340442657
1122994928299036677,cciv2,47,0.32605563689420974,1,1,0.9315186738967896
1298402312868724736,cciv2,47,0.005224268545650585,0,0,0.13393649458885193
1286786961542455298,cciv2,47,0.007535954583901328,0,0,0.1419188231229782
1396689194106294278,cciv2,47,0.1322789449808085,0,0,0.19033536314964294
1563287160908042241,cciv2,47,0.033924248553606075,0,0,0.26959747076034546
1541730204648935425,cciv2,47,0.2448663532719118,1,1,0.9108439087867737
1268895623278850050,cciv2,47,0.35876129381829047,0,0,0.13942497968673706
1451370158367264777,cciv2,47,0.020415344561585433,0,0,0.444837361574173
1491958977667682308,cciv2,47,0.16535416356858373,0,0,0.1545264720916748
1396966089708425218,cciv2,47,0.043111865584420934,0,0,0.08873313665390015
1442978128394014722,cciv2,47,0.01746317430018763,0,0,0.21973124146461487
1458514255716786182,cciv2,47,0.02448992064105968,0,0,0.2613776922225952
1321845326555176960,cciv2,47,0.009142362328368783,0,0,0.1446356326341629
1633559221227642883,cciv2,47,0.033488431599878604,0,0,0.2538507580757141
1586647573368037376,cciv2,47,0.06021964141724406,1,1,0.9016707539558411
1241856213811412992,cciv2,47,0.017713513394146195,0,0,0.0957731381058693
1647374538324189184,cciv2,47,0.0024280072554692393,0,0,0.38719648122787476
1345235597749854208,cciv2,47,0.06436456687470286,1,1,0.9216572046279907
1239012712673411078,cciv2,47,0.0,0,0,0.36552709341049194
1582437173277601792,cciv2,47,0.13425591460667188,0,0,0.21609821915626526
1120591069526228997,cciv2,47,0.06284243188743568,0,0,0.12624521553516388
1283422598613868546,cciv2,47,0.014013658844455544,0,0,0.138638436794281
1196747794264051713,cciv2,47,0.055998184336931836,0,0,0.18832996487617493
1300022096064520193,cciv2,47,0.1277677322951229,1,0,0.4391964077949524
1347894076318879744,cciv2,47,0.03411550103397088,0,0,0.18418554961681366
1343348218743164928,cciv2,47,0.014708235456322973,0,0,0.11821067333221436
1288266046248562689,cciv2,47,0.036958334990066156,0,0,0.2973978519439697
1394273212100456448,cciv2,47,0.030265587788515742,1,1,0.8604727983474731
1345212454469566466,cciv2,47,0.014687186941432293,0,0,0.19021844863891602
1316806707725709314,cciv2,47,0.031499115095818986,0,0,0.19816438853740692
1274382276730802176,cciv2,47,0.08222316985666148,0,0,0.23416605591773987
1630353342328107008,cciv2,47,0.04096108783054042,0,0,0.16013342142105103
1518388184870178816,cciv2,47,0.02814905478770614,0,0,0.10821361839771271
1597318794422411265,cciv2,47,0.011783940042243132,0,0,0.12041313201189041
1297728264358813698,cciv2,47,0.020226227097386855,0,0,0.1444062739610672
1092607702524743680,cciv2,47,0.015758985459536638,0,0,0.16883298754692078
1558159706383912964,cciv2,47,0.09708075659449884,0,0,0.10493049025535583
1574261143576535040,cciv2,47,0.010800434653002747,1,1,0.894585132598877
1401102417559580678,cciv2,47,0.014144550424500992,0,0,0.13619504868984222
1308105045452390403,cciv2,47,0.27552993662967296,0,0,0.18760503828525543
1508194787001831431,cciv2,47,0.027689761869129456,0,0,0.10256828367710114
1232601234143678464,cciv2,47,0.050663563375127105,0,0,0.35372546315193176
1283393408778870785,cciv2,47,0.006425277473153835,0,0,0.16915695369243622
1515204878397849601,cciv2,47,0.10678734617682148,0,0,0.12855534255504608
1542274011576602626,cciv2,47,0.035391679641741496,0,0,0.3455439805984497
1293974461662793728,cciv2,47,0.04060208035544096,0,0,0.24553917348384857
1211490408754270210,cciv2,47,0.023934904100046055,0,0,0.13572755455970764
1097212292893196289,cciv2,47,0.428400070425122,1,1,0.915849506855011
1581970735957872640,cciv2,47,0.14924313784964208,0,0,0.14865468442440033
1225984535046840320,cciv2,47,0.03223601829086474,1,1,0.7160560488700867
1604186809625415680,cciv2,47,0.02555446625498887,0,0,0.14271648228168488
1163972893765775365,cciv2,47,0.2068680036324414,0,0,0.104529969394207
1341775550189350912,cciv2,47,0.001869187458708089,0,0,0.17420709133148193
1286748877563891713,cciv2,47,0.03731772896153409,0,0,0.16594573855400085
1460712630553923584,cciv2,47,0.0655692696111878,0,0,0.10054224729537964
1477825713206177792,cciv2,47,0.016360847776688767,0,0,0.11967938393354416
1284434882140176389,cciv2,47,0.05462339867922521,1,1,0.6714609265327454
1255205589396979724,cciv2,47,0.02420224386828143,0,0,0.09435684978961945
1449353935626588163,cciv2,47,0.013406807602283839,0,0,0.16877372562885284
1287098479496634370,cciv2,47,0.019164410116026785,0,0,0.13853181898593903
1241902809592803328,cciv2,47,0.5420857934302086,1,1,0.9234756231307983
1235962772770283522,cciv2,47,0.03792816811901964,0,0,0.10232459008693695
1448053433374740482,cciv2,47,0.0059554042050117394,0,0,0.13745373487472534
1282333713267859458,cciv2,47,0.03262063482729217,1,1,0.5666158199310303
1325795907514863622,cciv2,47,0.015224203114863501,0,0,0.09771967679262161
1417228816808820741,cciv2,47,0.054703944050038936,0,0,0.13456030189990997
1611744750368956416,cciv2,47,0.04623698704953186,0,0,0.10444841533899307
1521292300260888578,cciv2,47,0.016229257922195678,0,0,0.13698716461658478
1203555334805164033,cciv2,47,0.34223745104894565,1,1,0.9136980772018433
1580245639979749377,cciv2,47,0.019500511264157912,0,0,0.15775831043720245
1463578662922604548,cciv2,47,0.158109068176031,0,0,0.16076818108558655
1449684061912510466,cciv2,47,0.008991958850299004,0,0,0.09392945468425751
1152034933176590336,cciv2,47,0.26428135884692044,1,1,0.932549774646759
1584558203626434560,cciv2,47,0.07709106215805586,0,0,0.1593727469444275
1553717576458534912,cciv2,47,0.0002494568356446352,0,0,0.14264997839927673
1255567029551144964,cciv2,47,0.09892791847959857,0,0,0.23754975199699402
1545151228413415425,cciv2,47,0.37652311443210307,1,1,0.865741491317749
1468967696523878410,cciv2,47,0.02468319308484508,0,0,0.16778118908405304
1489845616750444545,cciv2,47,0.03769936926640241,0,0,0.1219368427991867
1393522778440093700,cciv2,47,0.0007923092966829618,0,0,0.12147723883390427
1345567610780397570,cciv2,47,0.026768951798207236,0,0,0.17622345685958862
1547669888851795979,cciv2,47,0.4600701526251937,0,0,0.3967128396034241
1513201920797810690,cciv2,47,0.03779002135337112,0,1,0.6564734578132629
1284847378499944449,cciv2,47,0.07086780836753594,0,0,0.10521964728832245
1516924289143951360,cciv2,47,0.10010993982098156,0,0,0.14998750388622284
1449714900805242883,cciv2,47,0.02458501535596653,0,0,0.17286314070224762
1258707209304891392,cciv2,47,0.0131171252205968,0,0,0.16915251314640045
1511107589932830723,cciv2,47,0.05776394479688907,0,0,0.21412943303585052
1219921409415270400,cciv2,47,0.028678100950758102,0,0,0.1387687623500824
1542857597589528577,cciv2,47,0.0,1,1,0.8898306488990784
1620508837328588803,cciv2,47,0.07676002798573449,1,0,0.19291441142559052
1144672451592413185,cciv2,47,0.19304894925259924,1,1,0.9069526195526123
1198999631323115520,cciv2,47,0.10519735893229025,0,0,0.17455026507377625
1365488105378230278,cciv2,47,0.05185643626360073,0,0,0.09904172271490097
1637857580776312834,cciv2,47,0.009287533202083495,1,0,0.22247150540351868
1539994279455719424,cciv2,47,0.07470382839613136,0,0,0.3950054347515106
1551584334104215552,cciv2,47,0.09777925997436508,0,0,0.11390254646539688
1283750313418055681,cciv2,47,0.06043003198025499,0,0,0.15147267282009125
1392197387427274755,cciv2,47,0.09099467075270007,0,0,0.1314622014760971
1233959222305607680,cciv2,47,0.15232971811897056,1,1,0.9040457606315613
1625906106156429330,cciv2,47,0.07504279486877047,1,0,0.13998068869113922
1619534124024487937,cciv2,47,0.03540142781353831,0,0,0.1158953607082367
1509027883716526080,cciv2,47,0.03759034817419801,0,0,0.287429541349411
1293924575890345985,cciv2,47,0.0339830568234457,0,0,0.1293254941701889
1646011668751699972,cciv2,47,0.0719660552896586,0,0,0.3616609573364258
1506007293728591873,cciv2,47,0.12561545493883677,0,0,0.2867198586463928
1643707401512550400,cciv2,47,0.07408432434792099,0,1,0.653880774974823
1210275610813054976,cciv2,47,0.15680704442615176,0,0,0.08803859353065491
1635345125575626752,cciv2,47,0.031809750063339665,0,0,0.12926849722862244
1381927979090075651,cciv2,47,0.1569696516549664,0,0,0.14720392227172852
1345012434608795650,cciv2,47,0.02421295816799459,0,0,0.39186081290245056
1286035333755305984,cciv2,47,0.0781450890558768,0,0,0.13824723660945892
1554196257270284294,cciv2,47,0.02964931409376313,0,0,0.10488312691450119
1090985813398061056,cciv2,47,0.7042498720217523,1,1,0.8862046003341675
1212830436012908544,cciv2,47,0.289397498527169,0,0,0.48949018120765686
1539054160896827392,cciv2,47,0.0283778263046282,0,0,0.20299634337425232
1270774783958016005,cciv2,47,0.0084325395015447,0,0,0.0973028689622879
1205464611157413888,cciv2,47,0.08276861881047709,1,1,0.8088074326515198
1470443338213957637,cciv2,47,0.02393459399248543,0,0,0.20051203668117523
1646682021396115456,cciv2,47,0.018142556795477213,0,0,0.1145489439368248
1103688981038985217,cciv2,47,0.020768806181416515,0,0,0.14420028030872345
1396961028102053893,cciv2,47,0.05816777645069141,1,0,0.19723108410835266
1103013290916175874,cciv2,47,0.026624849517846255,0,0,0.11328848451375961
1284764621560315904,cciv2,47,0.03555217576132703,0,0,0.11005520820617676
1281292234013446145,cciv2,47,0.002191527223532873,0,0,0.0891239270567894
1636400650786426883,cciv2,47,0.027087660945081755,0,0,0.20371976494789124
1219628821881802753,cciv2,47,0.03312968087652847,0,0,0.24034953117370605
1585465243727056896,cciv2,47,0.0,0,0,0.22970467805862427
1517548575332265984,cciv2,47,0.09384251983879144,0,0,0.20108343660831451
1223652621153722372,cciv2,47,0.07295955163941467,0,0,0.09766262769699097
1106562886778998785,cciv2,47,0.0,1,1,0.7444105744361877
1518553007582892032,cciv2,47,0.01521830317510775,0,0,0.13249239325523376
1397954044455391233,cciv2,47,0.07890020094877921,0,0,0.19384931027889252
1252073855046352897,cciv2,47,0.005244777576439177,0,0,0.19738702476024628
1515229140768546819,cciv2,47,0.06496043722746875,1,0,0.29934605956077576
1542539148841607169,cciv2,47,0.09949265785136115,0,1,0.6725272536277771
1427586547621236739,cciv2,47,0.007769773348093261,0,0,0.10351736843585968
1177946201179578368,cciv2,47,0.5173373719046904,0,1,0.6924461722373962
1253687689410416641,cciv2,47,0.03987282329204448,0,0,0.10198762267827988
1222396158653259777,cciv2,47,0.026834233700532697,0,0,0.1109054908156395
1217246308743962624,cciv2,47,0.07059203182912112,0,0,0.22676515579223633
1382668135690428419,cciv2,47,0.06876776981792979,0,0,0.11073414981365204
1650582626758180865,cciv2,47,0.0,0,0,0.1728239357471466
1252009084078997505,cciv2,47,0.07162052580049737,1,0,0.15967217087745667
1248241876005724161,cciv2,47,0.004919179903798057,0,0,0.12608219683170319
1543360155651391500,cciv2,47,0.052265184696819664,0,1,0.8894233703613281
1318980851808481281,cciv2,47,0.02357741975475958,0,0,0.12346629798412323
1397587532574040069,cciv2,47,0.0031655014680275124,0,0,0.11187530308961868
1466454112279662604,cciv2,47,0.007067704154710289,0,0,0.0865955799818039
1526762269064974346,cciv2,47,0.20782588655277087,1,1,0.5049082636833191
1566132180467814400,cciv2,47,0.030978207905605733,0,0,0.0947098359465599
1644717646246473736,cciv2,47,0.03137833359986667,0,0,0.09382157772779465
1573081978949505024,cciv2,47,0.03157531248409197,1,0,0.2494872361421585
1544818240484155392,cciv2,47,0.05102995230516995,0,0,0.13867907226085663
1121874377631465474,cciv2,47,0.11811980654626675,0,0,0.11980988830327988
1291623819572989955,cciv2,47,0.20920537243761425,1,1,0.6265910863876343
1580600904746962945,cciv2,47,0.01408767682920791,1,1,0.7877297401428223
1428807603031789569,cciv2,47,0.01838891721547036,0,0,0.18547150492668152
1109061649242226688,cciv2,47,0.004749418135166321,0,0,0.14953814446926117
1392756158914600960,cciv2,47,0.03199827045859446,0,0,0.14314240217208862
1133067761184378885,cciv2,47,0.6024595816211333,1,1,0.9413186311721802
1468658508014911492,cciv2,47,0.009884700429369946,0,0,0.20096814632415771
1579549222038560768,cciv2,47,0.06581446348502429,0,0,0.10635372996330261
1644465858670993409,cciv2,47,0.06613959205632819,1,0,0.44124090671539307
1506076192130191360,cciv2,47,0.07712390673204034,0,0,0.09467042982578278
1159696677130948608,cciv2,47,0.10026679413676959,0,0,0.15328894555568695
1633114503305936899,cciv2,47,0.0357316653562809,0,1,0.520622968673706
1128058851188670470,cciv2,47,0.19896953641245893,0,0,0.48077911138534546
1296858111521648640,cciv2,47,0.13585454040216155,0,1,0.553743302822113
1187403288007888898,cciv2,47,0.0,0,0,0.13580012321472168
1458036894860775426,cciv2,47,0.0006190372849770016,0,0,0.17581979930400848
1356378388164976645,cciv2,47,0.00356522725634048,0,0,0.10393084585666656
1517749284304695298,cciv2,47,0.05170828326674329,0,0,0.20568567514419556
1256562515288494082,cciv2,47,0.0031785680156706637,0,0,0.1307736337184906
1526056251007852544,cciv2,47,0.0021134890035106138,0,0,0.20188574492931366
1352771322863116288,cciv2,47,0.03752756388181416,0,0,0.22546114027500153
1393789126772543490,cciv2,47,0.03472054903935335,0,0,0.1310875117778778
1360239202827403267,cciv2,47,0.13962513483685218,0,0,0.1424894481897354
1353190490305392640,cciv2,47,0.06055890374831417,0,0,0.15745873749256134
1357201397838618624,cciv2,47,0.028654156288944733,0,0,0.13779929280281067
1255823949532987397,cciv2,47,0.00374436233239404,1,0,0.4197986125946045
1272891981480497152,cciv2,47,0.06160162947270554,0,0,0.10874681174755096
1354349851581034498,cciv2,47,0.031480459274784704,0,0,0.12516070902347565
1120663055526957062,cciv2,47,0.07672192236010088,0,0,0.15602566301822662
1283401552032456705,cciv2,47,0.0067703717774304124,0,0,0.11484800279140472
1524755538415861761,cciv2,47,0.011427477829037103,0,1,0.5432049632072449
1399745357555322889,cciv2,47,0.05703360263338187,0,0,0.19716933369636536
1519841120473202688,cciv2,47,0.06866982550743861,0,0,0.16247493028640747
1300150538668060674,cciv2,47,0.00554527785978854,0,0,0.21450497210025787
1209982157982248961,cciv2,47,0.11342161403868017,0,1,0.7594886422157288
1645009221635694593,cciv2,47,0.008066837657488486,1,1,0.9190253615379333
1215515751496339456,cciv2,47,0.0674493235396041,0,0,0.09819953888654709
1426471423086764033,cciv2,47,0.10888856938122045,1,1,0.6122114062309265
1232887804969078789,cciv2,47,0.0049298989522054155,1,1,0.6033945083618164
1407469081494757382,cciv2,47,0.03901084389284991,0,0,0.10563437640666962
1470482593539837954,cciv2,47,0.027126508649024647,0,0,0.09119061380624771
1413068266759655427,cciv2,47,0.06777794141131532,0,0,0.15575295686721802
1229152388851929091,cciv2,47,0.000727958432123721,0,0,0.15340262651443481
1286027681230753793,cciv2,47,0.026095928502064207,0,0,0.11836329847574234
1415047667613327369,cciv2,47,0.19724283155964792,0,0,0.3560752272605896
1394017841121308673,cciv2,47,0.04698246041326884,1,1,0.8719705939292908
1085296318040473600,cciv2,47,0.25135590102461075,0,0,0.12593640387058258
1434894931143929858,cciv2,47,0.013210895778859777,0,0,0.15496352314949036
1256536483332317184,cciv2,47,0.03171455152052963,0,0,0.1250307857990265
1600224079482454016,cciv2,47,0.02487951247277411,0,0,0.11523878574371338
1567171489509564416,cciv2,47,0.021183400373287968,0,0,0.1345064789056778
1556401396651397120,cciv2,47,0.016605421319015178,0,0,0.11074899882078171
1258474383900893189,cciv2,47,0.06774702371597285,0,0,0.1343998908996582
1207550765260132353,cciv2,47,0.09741371654479954,0,0,0.14573955535888672
1449058322360020992,cciv2,47,0.021958340756210795,0,0,0.11071960628032684
1455148755435630594,cciv2,47,0.013473262975612323,0,0,0.08717738837003708
1223994516903997444,cciv2,47,0.0019040986131388085,0,0,0.12821954488754272
1284281138467319808,cciv2,47,0.0013700694874067448,0,0,0.22881589829921722
1578140790592782336,cciv2,47,0.07083492486776267,1,0,0.13354068994522095
1222708257648594944,cciv2,47,0.04885724642851183,0,0,0.1520811766386032
1250166932768088064,cciv2,47,0.5307806825959804,1,1,0.9269006252288818
1232852903909441537,cciv2,47,0.40263596506127636,1,1,0.9232169985771179
1311402290167783424,cciv2,47,0.019518778504257813,0,0,0.23887327313423157
1245701249732734977,cciv2,47,0.08169057144685739,1,0,0.23997880518436432
1212868104658849795,cciv2,47,0.1616161920006907,0,0,0.227926567196846
1352210396833337345,cciv2,47,0.020427307011506784,0,0,0.14704492688179016
1241946825055141889,cciv2,47,0.013287047135463827,0,0,0.10985848307609558
1260225918980816902,cciv2,47,0.014070005951925082,0,0,0.1263609677553177
1393777583414669317,cciv2,47,0.03779094665482993,0,0,0.11531784385442734
1229308060419514369,cciv2,47,0.11909012200740658,0,0,0.09502629935741425
1229222882112348166,cciv2,47,0.05680561531271244,0,0,0.0942508652806282
1588261196573986816,cciv2,47,0.03284471556421259,1,1,0.8932153582572937
1462395459557810176,cciv2,47,0.018951587086816563,0,0,0.16353988647460938
1442869344946454529,cciv2,47,0.0022251931757938975,0,0,0.10684393346309662
1255605234619072519,cciv2,47,0.07241159994472417,0,0,0.3304668962955475
1499012058175655938,cciv2,47,0.01269252650328717,0,0,0.2676583528518677
1462851931945283589,cciv2,47,0.3600836893651785,0,0,0.15208439528942108
1247576003800686600,cciv2,47,0.02900154790223111,0,0,0.11061222851276398
1104601295523000323,cciv2,47,0.22898590296099092,1,1,0.5150672793388367
1263682260768681986,cciv2,47,0.016269150695222306,0,0,0.1151697114109993
1123871012746092545,cciv2,47,0.15966751949911928,0,0,0.08120671659708023
1600150773924450304,cciv2,47,0.016446886469853303,0,0,0.45258477330207825
1236854787334909953,cciv2,47,0.24797641017476885,0,0,0.19193749129772186
1397658343041339392,cciv2,47,0.33793982548411156,0,0,0.2301863729953766
1454323555420803073,cciv2,47,0.001201943988360964,0,0,0.3209609091281891
1619614295335239680,cciv2,47,0.060027702055545654,0,0,0.13764356076717377
1345745635924992000,cciv2,47,0.055242575753071295,1,1,0.6989481449127197
1219355089854439424,cciv2,47,0.012954896879626084,1,0,0.24735580384731293
1233846578366078986,cciv2,47,0.07698279036428558,1,1,0.7464442849159241
1310174329653530624,cciv2,47,0.005106409956280712,0,0,0.20748838782310486
1421844891404062726,cciv2,47,0.07992522324737401,0,0,0.14487957954406738
1393372156482949129,cciv2,47,0.36849816832954835,0,0,0.31895455718040466
1267842168128966657,cciv2,47,0.03317378956653087,0,0,0.239891916513443
1555651653453348865,cciv2,47,0.06725632919155433,0,0,0.16634434461593628
1389360261270806533,cciv2,47,0.016058703973353933,0,0,0.11372816562652588
1576232372063772672,cciv2,47,0.02336471659647655,0,0,0.15985482931137085
1518769899996606464,cciv2,47,0.09972857704325395,0,0,0.18174971640110016
1298736963000901632,cciv2,47,0.07737539843560615,0,0,0.4079081118106842
1194722327952547844,cciv2,47,0.11665612057362282,1,1,0.7936834096908569
1604141984712531968,cciv2,47,0.0018427824597919275,1,0,0.3052732050418854
1266753810392854529,cciv2,47,0.023221798541037113,0,0,0.12381324172019958
1417123755390689287,cciv2,47,0.029503350615120678,0,0,0.17713968455791473
1288838940569620483,cciv2,47,0.004585476755418779,0,0,0.21024295687675476
1412564686516666369,cciv2,47,0.03534317293591108,0,0,0.13039405643939972
1376823894569443329,cciv2,47,0.021865098791739975,0,0,0.08633341640233994
1369368335532589061,cciv2,47,0.0032117509196199017,0,0,0.17110511660575867
1224738215652814849,cciv2,47,0.043527950527121884,0,0,0.10159921646118164
1185557829501018114,cciv2,47,0.00668654630289725,1,0,0.1268800050020218
1274205440239374337,cciv2,47,0.04992168701113316,0,0,0.1161855161190033
1509567860095569937,cciv2,47,0.03981533255784102,0,0,0.10749702900648117
1457557396973187088,cciv2,47,0.08675019036552817,0,0,0.0885641872882843
1238978053633716226,cciv2,47,0.10256751287448648,0,0,0.16310083866119385
1137416842560118784,cciv2,47,0.01373463091524906,0,0,0.1286807656288147
1474945563271606273,cciv2,47,0.012827028923844967,0,0,0.10707180202007294
1601901750096924674,cciv2,47,0.05517995299042217,0,0,0.16639669239521027
1249002861129863170,cciv2,47,0.15937893507277404,0,0,0.13666695356369019
1289575405611921411,cciv2,47,0.012927964332819826,0,0,0.16225114464759827
1263521952364474368,cciv2,47,0.03972203367911881,0,0,0.274344801902771
1468332039216803847,cciv2,47,0.18860990469848302,0,0,0.15345099568367004
1487758635275014149,cciv2,47,0.18694184974666375,0,0,0.20414002239704132
1609464228045365248,cciv2,47,0.0,0,0,0.17223523557186127
1355618686770569219,cciv2,47,0.0014315984712871307,0,0,0.11406712979078293
1232922381544386560,cciv2,47,0.41868547042211446,1,1,0.9208332896232605
1345353737368457221,cciv2,47,0.0170451743699608,0,0,0.3226280212402344
1263926391474491392,cciv2,47,0.007955162047482457,0,0,0.4641251564025879
1262954263384334338,cciv2,47,0.0018958346631565391,0,0,0.11696657538414001
1355356438714003459,cciv2,47,0.011972037535402325,0,0,0.114347442984581
1478755285934252032,cciv2,47,0.029347586629914397,0,0,0.1590084284543991
1247933746881462273,cciv2,47,0.0008074898397052202,0,0,0.29441550374031067
1114201210960085002,cciv2,47,0.011847918793315848,0,0,0.08552233129739761
1567548400983228421,cciv2,47,0.019192688706986694,1,0,0.2388095259666443
1393566849275555845,cciv2,47,0.15347229327683154,0,0,0.20492959022521973
1440444267135004681,cciv2,47,0.0548272475379777,0,0,0.24599534273147583
1569022602882039812,cciv2,47,0.0366696180812681,0,0,0.21221497654914856
1268796619761291264,cciv2,47,0.04413886783302148,0,0,0.13086789846420288
1466588575697309698,cciv2,47,0.42208491992906466,0,0,0.1674903780221939
1358471344753569792,cciv2,47,0.049050676478624225,0,0,0.16957394778728485
1466314626426146818,cciv2,47,0.005588699841725974,0,0,0.14502371847629547
1559265728037109765,cciv2,47,0.02305175040374044,0,0,0.16477276384830475
1285236887599419392,cciv2,47,0.08307355343362256,0,0,0.10685504227876663
1421202358105690121,cciv2,47,0.016737830853115893,0,0,0.13615873456001282
1230462416368099328,cciv2,47,0.018292671429945388,0,0,0.13322360813617706
1276280108278415360,cciv2,47,0.04300598478583257,0,0,0.12111358344554901
1251955772797399044,cciv2,47,0.03540196501146473,0,0,0.16101373732089996
1252583581685252097,cciv2,47,0.04683020980623407,0,0,0.10255815088748932
1564590802348949504,cciv2,47,0.0,0,0,0.34925323724746704
1566917637564768256,cciv2,47,0.026050149494896677,0,0,0.17071768641471863
1599649990762434560,cciv2,47,0.017062428936298307,0,0,0.22721385955810547
1575021890040537090,cciv2,47,0.07352391519722982,0,0,0.23831866681575775
1645040637119438848,cciv2,47,0.020721887505046065,0,0,0.09111479669809341
1594193136632623104,cciv2,47,0.16185470394680726,0,0,0.4617782235145569
1188204586290561026,modelb,42,0.19639932230080265,1,1,0.9812811017036438
1393758809622032390,modelb,42,0.018310557269252098,0,0,0.020654551684856415
1229832103891595264,modelb,42,0.10694677316167002,0,0,0.020089654251933098
1125194075316064256,modelb,42,0.2667169949192756,0,0,0.3934485614299774
1523450483053973504,modelb,42,0.15438514309493329,0,0,0.028726382181048393
1345256046571495424,modelb,42,0.13183596077672022,0,0,0.024656707420945168
1236714045341929481,modelb,42,0.10645281042363075,0,0,0.03155359998345375
1394295651266187265,modelb,42,0.0038385565195842774,0,0,0.2831757664680481
1154438465280516096,modelb,42,0.008676748695672783,0,0,0.01961662992835045
1619516286312263681,modelb,42,0.05109656780491438,0,0,0.4670962691307068
1396537342085718017,modelb,42,0.04651223866804383,0,0,0.04228083789348602
1443682627614093314,modelb,42,0.06250117858510593,0,0,0.029991215094923973
1465147721724178432,modelb,42,0.06160578653231035,1,1,0.9794406890869141
1255492458164752387,modelb,42,0.11219189322469626,0,0,0.05677890405058861
1290986576667869185,modelb,42,0.30226155233489505,0,1,0.5279853940010071
1514288582332145670,modelb,42,0.10276195149906793,0,0,0.07557690888643265
1272357521324474368,modelb,42,0.06031733246821789,0,0,0.02185206674039364
1487252560700481537,modelb,42,0.3079239449677411,0,0,0.023788170889019966
1273740261621809154,modelb,42,0.1826987468589678,0,0,0.023537766188383102
1317661755363921920,modelb,42,0.1141276894186452,0,0,0.052306730300188065
1468405253758406661,modelb,42,0.01055674888907029,0,0,0.03546329587697983
1514920455643279365,modelb,42,0.044557300439494324,0,0,0.023899361491203308
1291784215021805569,modelb,42,0.07256364633346161,0,0,0.05062974616885185
1357469393727365122,modelb,42,0.0642273507233035,0,0,0.03166705369949341
1248174910977040385,modelb,42,0.059243701456276304,0,0,0.026027677580714226
1287073267526897666,modelb,42,0.01977502432075258,0,0,0.02318648435175419
1116066316874670081,modelb,42,0.11258583322516824,1,1,0.9804913997650146
1296511371367124992,modelb,42,0.015479367975828247,0,0,0.02635045349597931
1345166234330017792,modelb,42,0.0280607325613942,0,0,0.0242837555706501
1245501628112867328,modelb,42,0.009701605943427739,0,0,0.020664406940340996
1578931526238343168,modelb,42,0.05894742421522013,0,0,0.03716699406504631
1286957308447260673,modelb,42,0.088079097595217,1,1,0.9775952696800232
1393552840891719685,modelb,42,0.03607849751308377,0,0,0.032592713832855225
1262815859732611075,modelb,42,0.03374333198672296,1,1,0.9662032127380371
1599404086688092160,modelb,42,0.08296169080829098,0,0,0.03411492705345154
1648029372983439367,modelb,42,0.06204860937416919,0,0,0.02205410785973072
1265957010501230593,modelb,42,0.12227733336718055,0,0,0.02477099560201168
1246464469087256576,modelb,42,0.06944910825755678,1,0,0.03554132208228111
1211183459105796098,modelb,42,0.061438206989181836,0,0,0.02183554135262966
1118338313876844544,modelb,42,0.06019349109631362,0,0,0.021561749279499054
1135216071525511173,modelb,42,0.22421837400097852,0,0,0.024043109267950058
1527387745693224986,modelb,42,0.268464384145666,0,0,0.02414361946284771
1232990916899561473,modelb,42,0.1348950929532513,1,1,0.980333149433136
1345987250904068096,modelb,42,0.009935146240942659,0,0,0.022071143612265587
1546816084149501953,modelb,42,0.021962843295966192,0,0,0.019754918292164803
1457806433853005827,modelb,42,0.0767092275009669,0,0,0.025062616914510727
1402937907342544899,modelb,42,0.0818831055367531,0,0,0.02724524587392807
1603080434526859264,modelb,42,0.033519986458379725,0,1,0.5568762421607971
1109748138515054592,modelb,42,0.10021673314120547,1,1,0.9798821210861206
1488409288750284801,modelb,42,0.014689190989431276,0,0,0.02398313209414482
1532553712199245827,modelb,42,0.11797948639791662,0,0,0.07856683433055878
1491463980329570304,modelb,42,0.03427691510784304,0,0,0.025462085381150246
1611222836924010498,modelb,42,0.06752215130865237,0,0,0.026733236387372017
1537808851155795975,modelb,42,0.0053594120759452,0,0,0.02631794847548008
1630179384375263232,modelb,42,0.028997479009453483,0,0,0.02492842637002468
1393745779857272832,modelb,42,0.05149949515015379,1,1,0.9786722660064697
1509126359607660551,modelb,42,0.041419610097486355,0,0,0.023890776559710503
1126878156294586368,modelb,42,0.055291646455761165,0,0,0.024340344592928886
1225297729506594818,modelb,42,0.19869298118597997,0,0,0.08160058408975601
1394107831834476547,modelb,42,0.08768863811864828,0,0,0.05100523307919502
1260269776150159360,modelb,42,0.11405070286434386,0,0,0.025281032547354698
1488747638602153986,modelb,42,0.005753329532828529,0,0,0.02383122220635414
1270348242543423488,modelb,42,0.2402386335946225,0,0,0.0369037464261055
1244176666802479104,modelb,42,0.4272786626402448,0,0,0.021417932584881783
1539951759405109249,modelb,42,0.0073816122405619975,0,0,0.04082777723670006
1395747592307417092,modelb,42,0.021205557244524192,0,0,0.04664734750986099
1508152963587579909,modelb,42,0.03856487567270026,0,0,0.022537712007761
1224025761092448257,modelb,42,0.2711035724207217,0,0,0.12073023617267609
1263867135194996737,modelb,42,0.007376758756768875,0,0,0.021287396550178528
1577071902572818434,modelb,42,0.07827062406616542,0,0,0.021853631362318993
1508857749089787912,modelb,42,0.04868233489134396,0,0,0.02148524671792984
1224373966363512833,modelb,42,0.05639800954428233,0,0,0.023776786401867867
1103282085832343555,modelb,42,0.13164691065056713,0,0,0.02680957317352295
1109170436078817282,modelb,42,0.11439330069931333,0,0,0.020269086584448814
1098057857482641408,modelb,42,0.09784580774766256,1,1,0.9799195528030396
1261011012100198404,modelb,42,0.0,1,1,0.9377104640007019
1237111189722640385,modelb,42,0.0539064989376902,0,0,0.022257303819060326
1115609269838024704,modelb,42,0.08492572879470038,0,0,0.021641744300723076
1293886666080260097,modelb,42,0.04649037905122556,0,0,0.02037493884563446
1395833782863814657,modelb,42,0.0,0,0,0.02364617958664894
1247909286568701958,modelb,42,0.13304459458316456,0,0,0.020365167409181595
1352044283587489792,modelb,42,0.09197471105792862,0,0,0.023186631500720978
1258110002906136578,modelb,42,0.14536580984885478,0,0,0.025367368012666702
1461202741666140161,modelb,42,0.005754370457135037,0,0,0.04260382801294327
1258017440362979332,modelb,42,0.04012313643492684,0,0,0.022506458684802055
1393327980387131398,modelb,42,0.03757351981684871,0,0,0.04031696915626526
1648322447089840140,modelb,42,0.02847882853348574,0,1,0.9586509466171265
1356256969359822851,modelb,42,0.002420988274893557,0,0,0.022934583947062492
1199437211772575744,modelb,42,0.016774993040015874,0,0,0.030048077926039696
1345112406326915074,modelb,42,0.0007769725501265433,0,0,0.021188031882047653
1345737420101324806,modelb,42,0.036470297233490996,0,0,0.02774016745388508
1392990438546710533,modelb,42,0.032886728023563905,0,0,0.3632080554962158
1451592600918663172,modelb,42,0.06458094007034247,0,0,0.020809238776564598
1547841356113948674,modelb,42,0.0,0,0,0.0230264812707901
1313636764506968064,modelb,42,0.0507162844740237,0,0,0.023262716829776764
1354461395862040576,modelb,42,0.053918040004682415,0,0,0.02032155729830265
1255336798319972356,modelb,42,0.001347826043448991,0,0,0.02351352572441101
1346224388128051200,modelb,42,0.06586066282206288,0,0,0.030284132808446884
1193142802965782528,modelb,42,0.18780568269035033,1,1,0.979087233543396
1392146737423290368,modelb,42,0.05837476283289121,0,0,0.04103552922606468
1226462657177210880,modelb,42,0.44545094182539574,1,1,0.9711194038391113
1345755511002689545,modelb,42,0.05568754257425834,1,1,0.9777945280075073
1593588138030804992,modelb,42,0.0034970965191724024,0,0,0.024281585589051247
1641175481511714816,modelb,42,0.10863873586653061,0,0,0.07758837193250656
1565180170016735233,modelb,42,0.0,0,0,0.09101054072380066
1577125319710248960,modelb,42,0.034811134837298204,0,0,0.021877283230423927
1548349221429866498,modelb,42,0.027070628257607924,0,0,0.043341394513845444
1298217767297003521,modelb,42,0.06801840083734045,0,0,0.03160100430250168
1124008705845026823,modelb,42,0.04423015892554628,0,0,0.01978958398103714
1246121373472378880,modelb,42,0.1538610428238463,1,1,0.9703895449638367
1345778047421562880,modelb,42,0.06108794936716029,1,1,0.978276789188385
1444988795108139008,modelb,42,0.043832323508671535,1,0,0.14125287532806396
1275278623860305922,modelb,42,0.13633492580838763,0,0,0.020927375182509422
1223263760950775808,modelb,42,0.13259606727043252,0,0,0.11410148441791534
1466446193337196552,modelb,42,0.11444602061806254,0,0,0.02783452533185482
1512367141198213123,modelb,42,0.0007480297235703443,0,0,0.020218584686517715
1451346708579897345,modelb,42,0.08203133391134113,0,0,0.027420714497566223
1359732117211668481,modelb,42,0.04746067266027475,0,0,0.06442101299762726
1204634292044697600,modelb,42,0.03602802823510961,0,0,0.02463100291788578
1242197959413989377,modelb,42,0.2997315689715158,0,0,0.02275710180401802
1345415514424750083,modelb,42,0.029892123955035165,0,0,0.034712400287389755
1628172722969751552,modelb,42,0.42423293050568467,0,0,0.0518035925924778
1123014488888893440,modelb,42,0.02429341180145307,0,0,0.021137960255146027
1345690021563654144,modelb,42,0.001438344614137653,0,0,0.07869040220975876
1504459560207147011,modelb,42,0.01943686912784085,0,0,0.04494751617312431
1507052730803802122,modelb,42,0.12263243134497188,0,0,0.05849744752049446
1270803144147075075,modelb,42,0.07770647379835331,1,1,0.9732656478881836
1274310552161079297,modelb,42,0.013489904084457969,0,0,0.022014981135725975
1564334956100423680,modelb,42,0.0022648787842976083,0,0,0.04666439816355705
1388425054665510912,modelb,42,0.14209563446409534,0,0,0.06696318089962006
1585359766754586624,modelb,42,0.0546245893792055,1,1,0.9789527654647827
1463617131946205187,modelb,42,0.1919783148849345,1,1,0.7189854979515076
1222296463822049281,modelb,42,0.03291620186445803,0,0,0.023208262398838997
1218986472197566464,modelb,42,0.10555925991279011,0,0,0.032933883368968964
1594755480441733131,modelb,42,0.583507958330551,1,1,0.9504451751708984
1508215661482463238,modelb,42,0.013458698349181751,0,0,0.04582582786679268
1216725210507902979,modelb,42,0.03950359825993158,0,0,0.021831607446074486
1192249138957582338,modelb,42,0.09525890418124716,0,0,0.01951589062809944
1452130397932998657,modelb,42,0.03821862943824551,0,0,0.02652100659906864
1117368474597318661,modelb,42,0.07277370072025781,0,0,0.0260308925062418
1491416161812361216,modelb,42,0.12077945053577259,0,1,0.6138731837272644
1307141355915927553,modelb,42,0.023693834723671942,1,1,0.9680551290512085
1519509018271789056,modelb,42,0.0,0,0,0.03445817902684212
1482268883465777157,modelb,42,0.10030406070043264,0,0,0.03155354782938957
1291416524264222721,modelb,42,0.08829484041416918,0,0,0.030756905674934387
1530459713028390913,modelb,42,0.039739148720791,0,0,0.020771516487002373
1606670420719067139,modelb,42,0.0875032047894368,1,0,0.024488622322678566
1514890228493963265,modelb,42,0.0,0,0,0.02810605801641941
1499672184414998536,modelb,42,0.03421788091471422,0,0,0.03159297630190849
1347316666028478466,modelb,42,0.056200172335234624,0,0,0.01963103748857975
1648058784890372097,modelb,42,0.0590586339128365,0,0,0.020378204062581062
1227781168109506560,modelb,42,0.10451703191814546,0,0,0.029097335413098335
1379807592143290370,modelb,42,0.011130519093441897,0,0,0.019848767668008804
1487026637099126784,modelb,42,0.054647823532645086,0,0,0.021783791482448578
1355165540453642240,modelb,42,0.01626543849494602,0,0,0.023960160091519356
1298413749121024004,modelb,42,0.047467068933286505,0,0,0.034677911549806595
1575263521750847491,modelb,42,0.0,0,0,0.08755842596292496
1233438028846125058,modelb,42,0.1103903522256101,0,0,0.02686825767159462
1628082486772215841,modelb,42,0.09982672426085595,0,0,0.051848188042640686
1399046300872675328,modelb,42,0.006981944658354309,0,0,0.031220560893416405
1259954791591133185,modelb,42,0.03689240270809541,1,0,0.03345334529876709
1586732526223040512,modelb,42,0.16080363085564103,0,0,0.022151069715619087
1445380143384514561,modelb,42,0.09087370297394015,0,0,0.029392389580607414
1498475514394288129,modelb,42,0.00633094072372505,0,0,0.02070840448141098
1190205141380583424,modelb,42,0.3190775784325005,1,1,0.9801165461540222
1377716013916172292,modelb,42,0.07794716898334492,0,0,0.021082470193505287
1355641493956874241,modelb,42,0.17025407806161333,0,0,0.05375201255083084
1393667052968333318,modelb,42,0.1383860591851245,0,0,0.14446137845516205
1587412786375557120,modelb,42,0.173633777431454,1,1,0.9661259651184082
1300489088198496258,modelb,42,0.04167020553703005,0,0,0.023733900859951973
1637493415016296449,modelb,42,0.027820800020023954,0,0,0.03059159219264984
1380751228171354112,modelb,42,0.03436127058555377,0,0,0.020848263055086136
1120860417645895680,modelb,42,0.18016408692252703,1,1,0.9255693554878235
1319668055367208961,modelb,42,0.04013644742462426,0,0,0.021250568330287933
1392520237539549188,modelb,42,0.0012130928000119747,0,0,0.024638226255774498
1397398267806236676,modelb,42,0.01994728056638579,0,0,0.023684944957494736
1407216852875452443,modelb,42,0.03688157060268011,0,0,0.024500425904989243
1393616932696432640,modelb,42,0.06873936544135181,0,0,0.021001575514674187
1445042996408246275,modelb,42,0.027489322218096874,1,1,0.9774236083030701
1592051401177591808,modelb,42,0.0433659787138061,1,0,0.028610646724700928
1297284021282537472,modelb,42,0.02688678003903831,0,0,0.0340595506131649
1639011015076478977,modelb,42,0.07557462597855595,0,0,0.11251193284988403
1405155653988098056,modelb,42,0.03170684454675998,0,0,0.022094139829277992
1298280815273672705,modelb,42,0.04138338719590573,0,0,0.04377393424510956
1600473720186773505,modelb,42,0.10947733860461516,1,0,0.2045874148607254
1469703539081449472,modelb,42,0.012954866490029715,0,0,0.023060230538249016
1268558839214899201,modelb,42,0.019080764846137566,0,0,0.03238146752119064
1345451046475354112,modelb,42,0.07857821437036297,1,1,0.9683569669723511
1270982396121214978,modelb,42,0.14166931958385434,1,0,0.03602731227874756
1411961344962686978,modelb,42,0.03952592695516428,0,0,0.025761839002370834
1276793702472716289,modelb,42,0.028475531605630718,0,0,0.033264536410570145
1556353135844679680,modelb,42,0.11914696177670993,0,1,0.9615591168403625
1293954705257684992,modelb,42,0.02757840326127946,0,0,0.03420445695519447
1171163784762839042,modelb,42,0.04232876317792034,0,0,0.019495686516165733
1122994928299036677,modelb,42,0.2687621848263498,1,1,0.9810020327568054
1298402312868724736,modelb,42,0.04119760086489998,0,0,0.02445514313876629
1286786961542455298,modelb,42,0.02052902529872757,0,0,0.021783310920000076
1396689194106294278,modelb,42,0.1334886108639408,0,0,0.035619962960481644
1563287160908042241,modelb,42,0.1893949444944459,0,0,0.2174733430147171
1541730204648935425,modelb,42,0.14120125481430215,1,1,0.9790372848510742
1268895623278850050,modelb,42,0.31877830722886863,0,0,0.02501090057194233
1451370158367264777,modelb,42,0.20925847741936732,0,1,0.8100919127464294
1491958977667682308,modelb,42,0.02560927049504421,0,0,0.029712123796343803
1396966089708425218,modelb,42,0.03510025928438924,0,0,0.020909886807203293
1442978128394014722,modelb,42,0.004898301376394016,0,0,0.027498984709382057
1458514255716786182,modelb,42,0.019768117389169344,0,0,0.029494384303689003
1321845326555176960,modelb,42,0.01627711907922603,0,0,0.027115970849990845
1633559221227642883,modelb,42,0.181409757090658,0,0,0.18665416538715363
1586647573368037376,modelb,42,0.04612642982286903,1,1,0.9794498682022095
1241856213811412992,modelb,42,0.20065808598135013,0,0,0.020555831491947174
1647374538324189184,modelb,42,0.003656402642382081,0,1,0.9541178345680237
1345235597749854208,modelb,42,0.0827392351550606,1,1,0.9797933101654053
1239012712673411078,modelb,42,0.0,0,1,0.8192879557609558
1582437173277601792,modelb,42,0.2837313988377318,0,0,0.040018606930971146
1120591069526228997,modelb,42,0.1056193353586528,0,0,0.027009330689907074
1283422598613868546,modelb,42,0.010030100280265335,0,0,0.020967481657862663
1196747794264051713,modelb,42,0.1020683025953819,0,0,0.03466785326600075
1300022096064520193,modelb,42,0.0863075989796434,1,0,0.36133813858032227
1347894076318879744,modelb,42,0.05419116713349107,0,0,0.05386048182845116
1343348218743164928,modelb,42,0.043524933962973675,0,0,0.021319374442100525
1288266046248562689,modelb,42,0.022177421577220996,0,0,0.020355118438601494
1394273212100456448,modelb,42,0.08166734254758584,1,1,0.9795541763305664
1345212454469566466,modelb,42,0.0404438713232495,0,0,0.02936435490846634
1316806707725709314,modelb,42,0.02991361777127299,0,0,0.0327799953520298
1274382276730802176,modelb,42,0.07067226694557806,0,0,0.05185278132557869
1630353342328107008,modelb,42,0.031707227908141386,0,0,0.02815396524965763
1518388184870178816,modelb,42,0.06693995571874681,0,0,0.020037200301885605
1597318794422411265,modelb,42,0.020356966500200198,0,0,0.025570090860128403
1297728264358813698,modelb,42,0.012702867991839943,0,0,0.023296870291233063
1092607702524743680,modelb,42,0.1528164643295043,0,0,0.023980559781193733
1558159706383912964,modelb,42,0.14761929753286604,0,0,0.019816022366285324
1574261143576535040,modelb,42,0.06264757420086439,1,1,0.9787423610687256
1401102417559580678,modelb,42,0.05229995979143207,0,0,0.022309493273496628
1308105045452390403,modelb,42,0.02992843198649348,0,0,0.026478929445147514
1508194787001831431,modelb,42,0.034165666106879426,0,0,0.02365376055240631
1232601234143678464,modelb,42,0.12159969787985714,0,1,0.8846954703330994
1283393408778870785,modelb,42,0.034660427867020296,0,0,0.021397240459918976
1515204878397849601,modelb,42,0.15022871549272088,0,0,0.01930110715329647
1542274011576602626,modelb,42,0.06423810634513592,0,0,0.24778884649276733
1293974461662793728,modelb,42,0.04699274101900467,0,0,0.054176513105630875
1211490408754270210,modelb,42,0.10601089338075183,0,0,0.021600140258669853
1097212292893196289,modelb,42,0.3837514160030674,1,1,0.9790822267532349
1581970735957872640,modelb,42,0.02212334997919411,0,0,0.022115465253591537
1225984535046840320,modelb,42,0.03763899526957201,1,1,0.976961076259613
1604186809625415680,modelb,42,0.047861404511171275,0,0,0.02046835422515869
1163972893765775365,modelb,42,0.17583127963170417,0,0,0.0221646036952734
1341775550189350912,modelb,42,0.07864101158922783,0,0,0.03645802289247513
1286748877563891713,modelb,42,0.09299593779265045,0,0,0.03073388896882534
1460712630553923584,modelb,42,0.08886311657809395,0,0,0.021045420318841934
1477825713206177792,modelb,42,0.04038802818123452,0,0,0.02404656819999218
1284434882140176389,modelb,42,0.010066786668825616,1,1,0.8132634162902832
1255205589396979724,modelb,42,0.04472674082010509,0,0,0.02013055607676506
1449353935626588163,modelb,42,0.02353356728713126,0,0,0.025385772809386253
1287098479496634370,modelb,42,0.03423660658021057,0,0,0.02085934765636921
1241902809592803328,modelb,42,0.16525358346120986,1,1,0.9809991121292114
1235962772770283522,modelb,42,0.1379732860961376,0,0,0.020997943356633186
1448053433374740482,modelb,42,0.03519101673986022,0,0,0.02154693193733692
1282333713267859458,modelb,42,0.0914149198636862,1,1,0.9600591659545898
1325795907514863622,modelb,42,0.020216611779171847,0,0,0.020058080554008484
1417228816808820741,modelb,42,0.12736548427729122,0,0,0.021927427500486374
1611744750368956416,modelb,42,0.05618000408818615,0,0,0.022694339975714684
1521292300260888578,modelb,42,0.029264872724179936,0,0,0.02472081035375595
1203555334805164033,modelb,42,0.3811752092695418,1,1,0.9803803563117981
1580245639979749377,modelb,42,0.09641182353506678,0,0,0.03182099014520645
1463578662922604548,modelb,42,0.23912425967251416,0,0,0.020461590960621834
1449684061912510466,modelb,42,0.034631568888195984,0,0,0.02192751318216324
1152034933176590336,modelb,42,0.20343808726311774,1,1,0.9786708950996399
1584558203626434560,modelb,42,0.16822412445577656,0,0,0.022534184157848358
1553717576458534912,modelb,42,0.04139146647640193,0,0,0.020891841500997543
1255567029551144964,modelb,42,0.12654549922082647,0,0,0.024775119498372078
1545151228413415425,modelb,42,0.15139604978763865,1,1,0.9786289930343628
1468967696523878410,modelb,42,0.047188176096351765,0,0,0.028873706236481667
1489845616750444545,modelb,42,0.01040165013099334,0,0,0.022854076698422432
1393522778440093700,modelb,42,0.007579650402665359,0,0,0.020719245076179504
1345567610780397570,modelb,42,0.012685636846805043,0,0,0.024884028360247612
1547669888851795979,modelb,42,0.4099316876014918,0,1,0.8024957776069641
1513201920797810690,modelb,42,0.11102887623929346,0,0,0.13468654453754425
1284847378499944449,modelb,42,0.1190317919429956,0,0,0.020566359162330627
1516924289143951360,modelb,42,0.03874707657088293,0,0,0.026272665709257126
1449714900805242883,modelb,42,0.04444189988444446,0,0,0.030329227447509766
1258707209304891392,modelb,42,0.02976416050654145,0,0,0.02132573164999485
1511107589932830723,modelb,42,0.0968554679600337,0,0,0.027100250124931335
1219921409415270400,modelb,42,0.014701038140869373,0,0,0.021637428551912308
1542857597589528577,modelb,42,0.0,1,1,0.9783384203910828
1620508837328588803,modelb,42,0.05391909495368581,1,0,0.17785416543483734
1144672451592413185,modelb,42,0.13679316332300276,1,1,0.9799846410751343
1198999631323115520,modelb,42,0.12358348603395185,0,0,0.029312433674931526
1365488105378230278,modelb,42,0.020353932724727762,0,0,0.0243761595338583
1637857580776312834,modelb,42,0.17382312477985823,1,0,0.1082565113902092
1539994279455719424,modelb,42,0.1081423975955197,0,1,0.9699860215187073
1551584334104215552,modelb,42,0.0024778512564090087,0,0,0.020923029631376266
1283750313418055681,modelb,42,0.05437526018326932,0,0,0.025218993425369263
1392197387427274755,modelb,42,0.024284130503151452,0,0,0.042218733578920364
1233959222305607680,modelb,42,0.16919906180980243,1,1,0.9788773655891418
1625906106156429330,modelb,42,0.08990029788020107,1,0,0.024327237159013748
1619534124024487937,modelb,42,0.0005221176352837543,0,0,0.02331462875008583
1509027883716526080,modelb,42,0.009940667093956827,0,0,0.045776981860399246
1293924575890345985,modelb,42,0.008547330204906741,0,0,0.025006968528032303
1646011668751699972,modelb,42,0.09070787942250437,0,0,0.23122341930866241
1506007293728591873,modelb,42,0.14757508783339093,0,0,0.03532736748456955
1643707401512550400,modelb,42,0.07664024051653959,0,0,0.06724705547094345
1210275610813054976,modelb,42,0.057913461264462944,0,0,0.023151595145463943
1635345125575626752,modelb,42,0.038700452100737595,0,0,0.0214398093521595
1381927979090075651,modelb,42,0.15741338094021964,0,0,0.022119959816336632
1345012434608795650,modelb,42,0.07905928147235187,0,0,0.05186454951763153
1286035333755305984,modelb,42,0.07777575220392688,0,0,0.0210309699177742
1554196257270284294,modelb,42,0.030551026914693268,0,0,0.0221099890768528
1090985813398061056,modelb,42,0.6922613756951954,1,1,0.9810997843742371
1212830436012908544,modelb,42,0.33943424469594274,0,0,0.022278551012277603
1539054160896827392,modelb,42,0.0010882377409073658,0,0,0.024170024320483208
1270774783958016005,modelb,42,0.02226553076937201,0,0,0.02300320565700531
1205464611157413888,modelb,42,0.018025354800418048,1,1,0.9784854054450989
1470443338213957637,modelb,42,0.037737273720272725,0,0,0.026569867506623268
1646682021396115456,modelb,42,0.06538818622569106,0,0,0.026971720159053802
1103688981038985217,modelb,42,0.029560547278303404,0,0,0.02255016379058361
1396961028102053893,modelb,42,0.0971889413984035,1,0,0.03114589862525463
1103013290916175874,modelb,42,0.04329511146702928,0,0,0.021580560132861137
1284764621560315904,modelb,42,0.015300389793909332,0,0,0.02180139347910881
1281292234013446145,modelb,42,0.05703740914638035,0,0,0.02173273079097271
1636400650786426883,modelb,42,0.12084891681077523,0,0,0.034162234514951706
1219628821881802753,modelb,42,0.03955321882268869,0,0,0.04111349955201149
1585465243727056896,modelb,42,0.0,0,0,0.06015058979392052
1517548575332265984,modelb,42,0.08177196980238213,0,0,0.031123533844947815
1223652621153722372,modelb,42,0.07750935091903112,0,0,0.021552350372076035
1106562886778998785,modelb,42,0.0,1,1,0.9674414992332458
1518553007582892032,modelb,42,0.03212008519393038,0,0,0.022996561601758003
1397954044455391233,modelb,42,0.11862272530876157,0,0,0.06383685022592545
1252073855046352897,modelb,42,0.05088201274751078,0,0,0.02629268355667591
1515229140768546819,modelb,42,0.03539469411449232,1,0,0.05284788832068443
1542539148841607169,modelb,42,0.021752999686236157,0,1,0.742355227470398
1427586547621236739,modelb,42,0.019026149893539644,0,0,0.021702073514461517
1177946201179578368,modelb,42,0.2829878434373649,0,1,0.834898054599762
1253687689410416641,modelb,42,0.07161640212066209,0,0,0.020060893148183823
1222396158653259777,modelb,42,0.04322601268383685,0,0,0.027506930753588676
1217246308743962624,modelb,42,0.08617331798082714,0,0,0.032046880573034286
1382668135690428419,modelb,42,0.04285720039286196,0,0,0.021076161414384842
1650582626758180865,modelb,42,0.0,0,0,0.028448643162846565
1252009084078997505,modelb,42,0.18430787332969226,1,0,0.024903155863285065
1248241876005724161,modelb,42,0.021914378781121638,0,0,0.021773114800453186
1543360155651391500,modelb,42,0.07507105044901916,0,1,0.9746935963630676
1318980851808481281,modelb,42,0.027815335106657797,0,0,0.023155158385634422
1397587532574040069,modelb,42,0.017896131345267817,0,0,0.028521481901407242
1466454112279662604,modelb,42,0.009341455589978141,0,0,0.019942106679081917
1526762269064974346,modelb,42,0.14315019849582117,1,1,0.9695765972137451
1566132180467814400,modelb,42,0.027210428260592102,0,0,0.01985868252813816
1644717646246473736,modelb,42,0.02756252398030621,0,0,0.020844772458076477
1573081978949505024,modelb,42,0.1309019690312003,1,1,0.9503141045570374
1544818240484155392,modelb,42,0.006361538474928555,0,0,0.02961335889995098
1121874377631465474,modelb,42,0.09427291212802048,0,0,0.020893519744277
1291623819572989955,modelb,42,0.14248780445476164,1,0,0.09617125242948532
1580600904746962945,modelb,42,0.0858937545301296,1,1,0.9798275232315063
1428807603031789569,modelb,42,0.027957039363975637,0,0,0.1818046122789383
1109061649242226688,modelb,42,0.024091738725811263,0,0,0.022954078391194344
1392756158914600960,modelb,42,0.08414968519906049,0,0,0.039077967405319214
1133067761184378885,modelb,42,0.4344865573590388,1,1,0.9803234338760376
1468658508014911492,modelb,42,0.21713674276572348,0,0,0.02939695492386818
1579549222038560768,modelb,42,0.0950267705957508,0,0,0.02082669734954834
1644465858670993409,modelb,42,0.06257044068900865,1,0,0.04429037123918533
1506076192130191360,modelb,42,0.08759531498299078,0,0,0.020370444282889366
1159696677130948608,modelb,42,0.12759465958083488,0,0,0.038975536823272705
1633114503305936899,modelb,42,0.023046361962426307,0,1,0.9701398015022278
1128058851188670470,modelb,42,0.051586305677460656,0,0,0.03970400243997574
1296858111521648640,modelb,42,0.043272761535204464,0,1,0.9597851634025574
1187403288007888898,modelb,42,0.0,0,0,0.027419526129961014
1458036894860775426,modelb,42,0.07100374946446865,0,0,0.022395193576812744
1356378388164976645,modelb,42,0.00978391301781294,0,0,0.05047700181603432
1517749284304695298,modelb,42,0.2398891048049082,0,0,0.38911888003349304
1256562515288494082,modelb,42,0.05077460600232834,0,0,0.020552879199385643
1526056251007852544,modelb,42,0.02603008939682384,0,0,0.030016208067536354
1352771322863116288,modelb,42,0.04736296532822565,0,0,0.06614815443754196
1393789126772543490,modelb,42,0.25898321008575836,0,0,0.02090468630194664
1360239202827403267,modelb,42,0.06985134090671552,0,0,0.024559255689382553
1353190490305392640,modelb,42,0.001130667036509549,0,0,0.0336926206946373
1357201397838618624,modelb,42,0.03158569513854746,0,0,0.02794674225151539
1255823949532987397,modelb,42,0.14111409128049654,1,0,0.041377246379852295
1272891981480497152,modelb,42,0.0680431605942434,0,0,0.02176782861351967
1354349851581034498,modelb,42,0.04923030328882336,0,0,0.020448865368962288
1120663055526957062,modelb,42,0.12820313594622093,0,0,0.03096504509449005
1283401552032456705,modelb,42,0.1311554767464409,0,0,0.028103817254304886
1524755538415861761,modelb,42,0.005414303109175865,0,1,0.9617624878883362
1399745357555322889,modelb,42,0.10567659326246964,0,0,0.03950921818614006
1519841120473202688,modelb,42,0.026234310967041482,0,0,0.021108491346240044
1300150538668060674,modelb,42,0.17279137324846733,0,0,0.09343148022890091
1209982157982248961,modelb,42,0.05588591358959587,0,1,0.9406770467758179
1645009221635694593,modelb,42,0.015459878800101301,1,1,0.9778428673744202
1215515751496339456,modelb,42,0.09935185773733302,0,0,0.025429369881749153
1426471423086764033,modelb,42,0.16736094219930997,1,1,0.5678156614303589
1232887804969078789,modelb,42,0.08695420493593313,1,1,0.9745525121688843
1407469081494757382,modelb,42,0.04477987418834685,0,0,0.021273000165820122
1470482593539837954,modelb,42,0.05279920178629706,0,0,0.02068578265607357
1413068266759655427,modelb,42,0.0928611259194393,0,0,0.02470552921295166
1229152388851929091,modelb,42,0.006603109271565027,0,0,0.02160431444644928
1286027681230753793,modelb,42,0.10215680395815761,0,0,0.022900709882378578
1415047667613327369,modelb,42,0.12636140666936113,0,0,0.020399365574121475
1394017841121308673,modelb,42,0.028582355130503598,1,1,0.9767974019050598
1085296318040473600,modelb,42,0.04867105394467309,0,0,0.032230544835329056
1434894931143929858,modelb,42,0.12309168589855407,0,0,0.022835496813058853
1256536483332317184,modelb,42,0.039335013829508006,0,0,0.022832252085208893
1600224079482454016,modelb,42,0.03794596129236792,0,0,0.023866012692451477
1567171489509564416,modelb,42,0.007878933756779258,0,0,0.02439366839826107
1556401396651397120,modelb,42,0.035361448772266005,0,0,0.021236659958958626
1258474383900893189,modelb,42,0.024324229310913246,0,0,0.027112172916531563
1207550765260132353,modelb,42,0.04476680586719706,0,0,0.021757816895842552
1449058322360020992,modelb,42,0.09863853702852926,0,0,0.02339436113834381
1455148755435630594,modelb,42,0.029300120881894008,0,0,0.0207077544182539
1223994516903997444,modelb,42,0.11397518481840833,0,0,0.026019204407930374
1284281138467319808,modelb,42,0.009007272544221793,0,0,0.04666724428534508
1578140790592782336,modelb,42,0.03662936227233618,1,0,0.024073563516139984
1222708257648594944,modelb,42,0.15525079927414911,0,0,0.02800637111067772
1250166932768088064,modelb,42,0.20262955178477557,1,1,0.9793550372123718
1232852903909441537,modelb,42,0.1705038479098771,1,1,0.9795472025871277
1311402290167783424,modelb,42,0.10327314885473876,0,0,0.1628517508506775
1245701249732734977,modelb,42,0.06449501493363015,1,0,0.034832295030355453
1212868104658849795,modelb,42,0.05691324233817661,0,0,0.025071121752262115
1352210396833337345,modelb,42,0.09625558202066663,0,0,0.03744909539818764
1241946825055141889,modelb,42,0.026986025040296,0,0,0.020061343908309937
1260225918980816902,modelb,42,0.004326423240509422,0,0,0.022140774875879288
1393777583414669317,modelb,42,0.0056276951068240525,0,0,0.021209316328167915
1229308060419514369,modelb,42,0.13636017643358508,0,0,0.019916925579309464
1229222882112348166,modelb,42,0.046565487059886564,0,0,0.019844328984618187
1588261196573986816,modelb,42,0.01863316192134443,1,1,0.9784360527992249
1462395459557810176,modelb,42,0.046547625321956956,0,0,0.029416708275675774
1442869344946454529,modelb,42,0.02904570790584867,0,0,0.020859800279140472
1255605234619072519,modelb,42,0.15099146936571112,0,0,0.03904789686203003
1499012058175655938,modelb,42,0.08728277946723861,0,0,0.03234736993908882
1462851931945283589,modelb,42,0.1217605547738365,0,0,0.024122288450598717
1247576003800686600,modelb,42,0.05766193465257579,0,0,0.0206129290163517
1104601295523000323,modelb,42,0.18159732619551358,1,1,0.9785385727882385
1263682260768681986,modelb,42,0.10975078552273217,0,0,0.03582742065191269
1123871012746092545,modelb,42,0.31041265133323265,0,0,0.020207762718200684
1600150773924450304,modelb,42,0.017748740553339273,0,1,0.9756877422332764
1236854787334909953,modelb,42,0.007155904116684091,0,0,0.033203791826963425
1397658343041339392,modelb,42,0.20000351123016388,0,0,0.13664314150810242
1454323555420803073,modelb,42,0.06088222267582984,0,0,0.10495547205209732
1619614295335239680,modelb,42,0.06651699035688992,0,0,0.021709658205509186
1345745635924992000,modelb,42,0.13379175036583135,1,0,0.030824391171336174
1219355089854439424,modelb,42,0.11680815395374072,1,0,0.03271942213177681
1233846578366078986,modelb,42,0.018546380331847797,1,1,0.9578996896743774
1310174329653530624,modelb,42,0.010656514425576559,0,0,0.02548201195895672
1421844891404062726,modelb,42,0.09270181050098211,0,0,0.030598154291510582
1393372156482949129,modelb,42,0.16569308151918283,0,0,0.04162581264972687
1267842168128966657,modelb,42,0.04933496594194513,0,1,0.9411519765853882
1555651653453348865,modelb,42,0.08583026144578897,0,0,0.022480692714452744
1389360261270806533,modelb,42,0.06362458373751916,0,0,0.022442158311605453
1576232372063772672,modelb,42,0.026381063031636814,0,0,0.04490559175610542
1518769899996606464,modelb,42,0.23736754418012013,0,0,0.04519243910908699
1298736963000901632,modelb,42,0.1694300490754574,0,0,0.03420206159353256
1194722327952547844,modelb,42,0.0730841983302051,1,1,0.9781604409217834
1604141984712531968,modelb,42,0.022395547047608603,1,0,0.11231646686792374
1266753810392854529,modelb,42,0.07315622428770002,0,0,0.026626620441675186
1417123755390689287,modelb,42,0.2754360665651058,0,0,0.06595434993505478
1288838940569620483,modelb,42,0.030925658776769924,0,0,0.039492737501859665
1412564686516666369,modelb,42,0.006980398060105836,0,0,0.020788904279470444
1376823894569443329,modelb,42,0.029120288855326595,0,0,0.02037031389772892
1369368335532589061,modelb,42,0.17081931380713844,0,0,0.02154446765780449
1224738215652814849,modelb,42,0.050875720711798036,0,0,0.0219767764210701
1185557829501018114,modelb,42,0.12061636661994576,1,0,0.022399593144655228
1274205440239374337,modelb,42,0.27143592068761657,0,0,0.024245841428637505
1509567860095569937,modelb,42,0.03697923823005245,0,0,0.0242676492780447
1457557396973187088,modelb,42,0.13282856948949276,0,0,0.01904592290520668
1238978053633716226,modelb,42,0.12140432018189062,0,0,0.028641676530241966
1137416842560118784,modelb,42,0.01226954731979199,0,0,0.020325927063822746
1474945563271606273,modelb,42,0.029264237463822826,0,0,0.022470738738775253
1601901750096924674,modelb,42,0.08787213029048396,0,0,0.044411350041627884
1249002861129863170,modelb,42,0.08790273613281469,0,0,0.02191043458878994
1289575405611921411,modelb,42,0.06013735116615015,0,0,0.0227193720638752
1263521952364474368,modelb,42,0.03580155971582846,0,1,0.6394914388656616
1468332039216803847,modelb,42,0.03843013883266154,0,0,0.02450271137058735
1487758635275014149,modelb,42,0.14191705539815908,0,0,0.027561910450458527
1609464228045365248,modelb,42,0.0,0,0,0.029666921123862267
1355618686770569219,modelb,42,0.030849513985330826,0,0,0.022618887946009636
1232922381544386560,modelb,42,0.15827690821017465,1,1,0.9810463190078735
1345353737368457221,modelb,42,0.006945528472583642,0,0,0.07023118436336517
1263926391474491392,modelb,42,0.031863184709929174,0,1,0.9741331338882446
1262954263384334338,modelb,42,0.04176067351296881,0,0,0.022269319742918015
1355356438714003459,modelb,42,0.0324246735597627,0,0,0.024459633976221085
1478755285934252032,modelb,42,0.07957473653082697,0,0,0.02359692007303238
1247933746881462273,modelb,42,0.06494830577522795,0,1,0.6908953189849854
1114201210960085002,modelb,42,0.05016255922372612,0,0,0.02120145969092846
1567548400983228421,modelb,42,0.011902532354017439,1,0,0.03619077801704407
1393566849275555845,modelb,42,0.050080981308042734,0,0,0.04865816980600357
1440444267135004681,modelb,42,0.10426552555594709,0,0,0.06630585342645645
1569022602882039812,modelb,42,0.02219295490453774,0,0,0.027324499562382698
1268796619761291264,modelb,42,0.08264742125146525,0,0,0.028469815850257874
1466588575697309698,modelb,42,0.04380523863521912,0,0,0.02331601269543171
1358471344753569792,modelb,42,0.16542986887538225,0,0,0.05367783457040787
1466314626426146818,modelb,42,0.01939857961002708,0,0,0.022600477561354637
1559265728037109765,modelb,42,0.0024981015445502772,0,0,0.02825411781668663
1285236887599419392,modelb,42,0.07137305713877763,0,0,0.021301791071891785
1421202358105690121,modelb,42,0.09630231018338296,0,0,0.021643606945872307
1230462416368099328,modelb,42,0.14381459455434162,0,0,0.02430705912411213
1276280108278415360,modelb,42,0.06142468552471191,0,0,0.023065021261572838
1251955772797399044,modelb,42,0.3516107087919147,0,0,0.028041968122124672
1252583581685252097,modelb,42,0.05242373681039359,0,0,0.020945586264133453
1564590802348949504,modelb,42,0.0,0,0,0.045231156051158905
1566917637564768256,modelb,42,0.019979543075769848,0,0,0.04132729768753052
1599649990762434560,modelb,42,0.004735151285579195,0,0,0.03683203086256981
1575021890040537090,modelb,42,0.02619828530693478,0,0,0.032292503863573074
1645040637119438848,modelb,42,0.019470942142632612,0,0,0.02100132592022419
1594193136632623104,modelb,42,0.19895200488405568,0,0,0.231808140873909
1188204586290561026,modelb,43,0.12956401658372374,1,1,0.9693162441253662
1393758809622032390,modelb,43,0.05444002669368443,0,0,0.09732507169246674
1229832103891595264,modelb,43,0.1321511893916133,0,0,0.1035897359251976
1125194075316064256,modelb,43,0.39960374817760036,0,1,0.8129972219467163
1523450483053973504,modelb,43,0.12163298999815739,0,0,0.13642005622386932
1345256046571495424,modelb,43,0.0057708859920613895,0,0,0.11815394461154938
1236714045341929481,modelb,43,0.37872618058565516,0,0,0.13101886212825775
1394295651266187265,modelb,43,0.16874276490150897,0,1,0.8837047219276428
1154438465280516096,modelb,43,0.046425679591945976,0,0,0.09160003066062927
1619516286312263681,modelb,43,0.11424827267078973,0,1,0.5425795316696167
1396537342085718017,modelb,43,0.06682209571700831,0,0,0.1784474104642868
1443682627614093314,modelb,43,0.00822066145483498,0,0,0.3159481883049011
1465147721724178432,modelb,43,0.0437813407951692,1,1,0.9631261229515076
1255492458164752387,modelb,43,0.06814426773970401,0,1,0.6295425891876221
1290986576667869185,modelb,43,0.3793509836441418,0,1,0.5152681469917297
1514288582332145670,modelb,43,0.060639974472014024,0,1,0.7617773413658142
1272357521324474368,modelb,43,0.06256006963757785,0,0,0.12449771165847778
1487252560700481537,modelb,43,0.48978982143476085,0,0,0.26162806153297424
1273740261621809154,modelb,43,0.08980924721124334,0,0,0.09479420632123947
1317661755363921920,modelb,43,0.2264130406818147,0,0,0.1902666538953781
1468405253758406661,modelb,43,0.018261881832692672,0,0,0.15968503057956696
1514920455643279365,modelb,43,0.04273112858757964,0,0,0.09752742946147919
1291784215021805569,modelb,43,0.025159930430560005,0,0,0.17234498262405396
1357469393727365122,modelb,43,0.10351192035780417,0,0,0.19094344973564148
1248174910977040385,modelb,43,0.06473354262178008,0,0,0.18109813332557678
1287073267526897666,modelb,43,0.03178328182653585,0,1,0.6465650200843811
1116066316874670081,modelb,43,0.06845833120542846,1,1,0.9641091823577881
1296511371367124992,modelb,43,0.07209708542021832,0,0,0.12202280759811401
1345166234330017792,modelb,43,0.012920965883191906,0,0,0.14514018595218658
1245501628112867328,modelb,43,0.021974766637442068,0,0,0.1139366552233696
1578931526238343168,modelb,43,0.09379855856177909,0,0,0.23651611804962158
1286957308447260673,modelb,43,0.11431641807588394,1,1,0.9600692391395569
1393552840891719685,modelb,43,0.011054238776154362,0,0,0.10723630338907242
1262815859732611075,modelb,43,0.08335475749529507,1,1,0.903095543384552
1599404086688092160,modelb,43,0.07053944668552432,0,0,0.19526098668575287
1648029372983439367,modelb,43,0.012016676860687145,0,0,0.07214328646659851
1265957010501230593,modelb,43,0.07757280615244179,0,0,0.11538254469633102
1246464469087256576,modelb,43,0.09343640492979659,1,0,0.19243080914020538
1211183459105796098,modelb,43,0.016788329222185552,0,0,0.1332593858242035
1118338313876844544,modelb,43,0.0880618085399429,0,0,0.11132800579071045
1135216071525511173,modelb,43,0.19737736484101168,0,0,0.2666601836681366
1527387745693224986,modelb,43,0.34749022151485764,0,0,0.10843352228403091
1232990916899561473,modelb,43,0.04839215883529396,1,1,0.9682692289352417
1345987250904068096,modelb,43,0.024966438199869642,0,0,0.09261545538902283
1546816084149501953,modelb,43,0.1016838922058855,0,0,0.111953504383564
1457806433853005827,modelb,43,0.053217167703796704,0,0,0.19175757467746735
1402937907342544899,modelb,43,0.07946272102649969,0,0,0.16476519405841827
1603080434526859264,modelb,43,0.05255044712996772,0,1,0.7505022287368774
1109748138515054592,modelb,43,0.10751930913570447,1,1,0.9668175578117371
1488409288750284801,modelb,43,0.05346171851867069,0,0,0.0924714207649231
1532553712199245827,modelb,43,0.1292851760178274,0,1,0.5447158813476562
1491463980329570304,modelb,43,0.03566874933402308,0,0,0.12068768590688705
1611222836924010498,modelb,43,0.06734750405894847,0,1,0.6883053183555603
1537808851155795975,modelb,43,0.06747459061943308,0,0,0.14101992547512054
1630179384375263232,modelb,43,0.0819389137611556,0,0,0.11093799024820328
1393745779857272832,modelb,43,0.04103925451846994,1,1,0.9664024114608765
1509126359607660551,modelb,43,0.1396717793055985,0,0,0.11052220314741135
1126878156294586368,modelb,43,0.018873512512890996,0,0,0.12385547161102295
1225297729506594818,modelb,43,0.17854761313958548,0,0,0.35325998067855835
1394107831834476547,modelb,43,0.08085545343740062,0,0,0.22163419425487518
1260269776150159360,modelb,43,0.20178102557288816,0,0,0.1383569836616516
1488747638602153986,modelb,43,0.07842117147714944,0,0,0.15801391005516052
1270348242543423488,modelb,43,0.16657131889689297,0,0,0.21425436437129974
1244176666802479104,modelb,43,0.4329445361378882,0,0,0.11127085983753204
1539951759405109249,modelb,43,0.013281554805183757,0,0,0.17175278067588806
1395747592307417092,modelb,43,0.020054383218525186,0,0,0.14476896822452545
1508152963587579909,modelb,43,0.029676297791639092,0,0,0.11654043942689896
1224025761092448257,modelb,43,0.06220195417390622,0,0,0.3909866213798523
1263867135194996737,modelb,43,0.03220485204709249,0,0,0.11112512648105621
1577071902572818434,modelb,43,0.09254389625622354,0,0,0.11211306601762772
1508857749089787912,modelb,43,0.024119901994988917,0,0,0.10550034046173096
1224373966363512833,modelb,43,0.05662011163017243,0,0,0.12523320317268372
1103282085832343555,modelb,43,0.2111069395126475,0,0,0.1199527382850647
1109170436078817282,modelb,43,0.1593337847366432,0,0,0.09327676147222519
1098057857482641408,modelb,43,0.06907113404716127,1,1,0.9594405889511108
1261011012100198404,modelb,43,0.0,1,1,0.9094511270523071
1237111189722640385,modelb,43,0.04975307913344998,0,0,0.10269349068403244
1115609269838024704,modelb,43,0.2613790089717951,0,0,0.10609980672597885
1293886666080260097,modelb,43,0.005127616233574124,0,0,0.09313473850488663
1395833782863814657,modelb,43,0.0,0,0,0.1413792222738266
1247909286568701958,modelb,43,0.045895914242449036,0,0,0.12403564155101776
1352044283587489792,modelb,43,0.2721290961888738,0,0,0.17866693437099457
1258110002906136578,modelb,43,0.016968506810343544,0,0,0.15912523865699768
1461202741666140161,modelb,43,0.20286729055817038,0,0,0.3492928147315979
1258017440362979332,modelb,43,0.055030248353902765,0,0,0.11819148808717728
1393327980387131398,modelb,43,0.010029297757261213,0,0,0.16396507620811462
1648322447089840140,modelb,43,0.03540222805081735,0,0,0.35892099142074585
1356256969359822851,modelb,43,0.010010424874168788,0,0,0.12383513897657394
1199437211772575744,modelb,43,0.14944507743732724,0,0,0.14142201840877533
1345112406326915074,modelb,43,0.05873143560054327,0,0,0.14273688197135925
1345737420101324806,modelb,43,0.024808115790429974,0,0,0.13878925144672394
1392990438546710533,modelb,43,0.05062789912628375,0,0,0.3510441184043884
1451592600918663172,modelb,43,0.15072578033627868,0,0,0.08844240009784698
1547841356113948674,modelb,43,0.0,0,0,0.18585450947284698
1313636764506968064,modelb,43,0.05804557647281286,0,0,0.09401343017816544
1354461395862040576,modelb,43,0.053964202021736185,0,0,0.08338721841573715
1255336798319972356,modelb,43,0.03938626973287874,0,0,0.07653076201677322
1346224388128051200,modelb,43,0.03354955309989694,0,0,0.1335347592830658
1193142802965782528,modelb,43,0.24539444517407352,1,1,0.9688893556594849
1392146737423290368,modelb,43,0.023950316820431413,0,0,0.14995574951171875
1226462657177210880,modelb,43,0.6040829633822974,1,1,0.9487070441246033
1345755511002689545,modelb,43,0.023290978355222577,1,1,0.9690371751785278
1593588138030804992,modelb,43,0.1277329066527455,0,0,0.17480656504631042
1641175481511714816,modelb,43,0.070026818428906,0,1,0.6617793440818787
1565180170016735233,modelb,43,0.0,0,0,0.29688236117362976
1577125319710248960,modelb,43,0.07480824896608684,0,0,0.07959789037704468
1548349221429866498,modelb,43,0.07387331941753505,0,0,0.1502581238746643
1298217767297003521,modelb,43,0.07773845806873868,0,0,0.16596619784832
1124008705845026823,modelb,43,0.08505896009550529,0,0,0.10624145716428757
1246121373472378880,modelb,43,0.2768821031867508,1,1,0.9206661581993103
1345778047421562880,modelb,43,0.029305095840353176,1,1,0.96402907371521
1444988795108139008,modelb,43,0.02895926039530319,1,1,0.8125977516174316
1275278623860305922,modelb,43,0.2302313834361518,0,0,0.16992978751659393
1223263760950775808,modelb,43,0.036760476431269284,0,0,0.39642539620399475
1466446193337196552,modelb,43,0.1349082596192265,0,0,0.11355070024728775
1512367141198213123,modelb,43,0.08330375228635473,0,0,0.06714242696762085
1451346708579897345,modelb,43,0.1282464214980219,0,0,0.09885207563638687
1359732117211668481,modelb,43,0.09651371455090935,0,0,0.2407797873020172
1204634292044697600,modelb,43,0.110226609057742,0,0,0.10145030915737152
1242197959413989377,modelb,43,0.08945206748523726,0,0,0.12078718096017838
1345415514424750083,modelb,43,0.01763293648480902,0,0,0.17509683966636658
1628172722969751552,modelb,43,0.10090986275780182,0,1,0.8280988931655884
1123014488888893440,modelb,43,0.1018660777539075,0,0,0.16828180849552155
1345690021563654144,modelb,43,0.01103985443976745,0,0,0.39653462171554565
1504459560207147011,modelb,43,0.03125817641332636,0,0,0.3138026297092438
1507052730803802122,modelb,43,0.14469549157237255,0,0,0.35161092877388
1270803144147075075,modelb,43,0.13220738490905798,1,1,0.9403200149536133
1274310552161079297,modelb,43,0.1651766929302907,0,0,0.08930345624685287
1564334956100423680,modelb,43,0.08898783257844885,0,0,0.19878648221492767
1388425054665510912,modelb,43,0.15105548635523938,0,0,0.11916207522153854
1585359766754586624,modelb,43,0.014470528289729646,1,1,0.9641308188438416
1463617131946205187,modelb,43,0.08468896249192075,1,1,0.673224151134491
1222296463822049281,modelb,43,0.10292094923471151,0,0,0.15256904065608978
1218986472197566464,modelb,43,0.06193469430266792,0,0,0.2131839543581009
1594755480441733131,modelb,43,0.6266151960165292,1,1,0.9356064200401306
1508215661482463238,modelb,43,0.023832442859770982,0,0,0.28527602553367615
1216725210507902979,modelb,43,0.021370967952340728,0,0,0.12603378295898438
1192249138957582338,modelb,43,0.11906719273039965,0,0,0.08653552830219269
1452130397932998657,modelb,43,0.06640254838854011,0,0,0.13755947351455688
1117368474597318661,modelb,43,0.06792578945380347,0,0,0.09259602427482605
1491416161812361216,modelb,43,0.06989269443383013,0,1,0.7054552435874939
1307141355915927553,modelb,43,0.2997174077720386,1,1,0.8347763419151306
1519509018271789056,modelb,43,0.0,0,0,0.3027728199958801
1482268883465777157,modelb,43,0.0351107012101017,0,0,0.12055766582489014
1291416524264222721,modelb,43,0.08843772995306527,0,0,0.15133416652679443
1530459713028390913,modelb,43,0.05309288510707127,0,0,0.1178392693400383
1606670420719067139,modelb,43,0.07037350820523372,1,0,0.20044030249118805
1514890228493963265,modelb,43,0.0,0,0,0.15761539340019226
1499672184414998536,modelb,43,0.04697014196090152,0,0,0.26144784688949585
1347316666028478466,modelb,43,0.007517075121928204,0,0,0.1304960548877716
1648058784890372097,modelb,43,0.014461785740357069,0,0,0.08008888363838196
1227781168109506560,modelb,43,0.05922313161045097,0,0,0.16640892624855042
1379807592143290370,modelb,43,0.030834847311699554,0,0,0.08559306710958481
1487026637099126784,modelb,43,0.14491049412027862,0,0,0.1389649510383606
1355165540453642240,modelb,43,0.04649634344098219,0,0,0.08728213608264923
1298413749121024004,modelb,43,0.1462044676547162,0,0,0.20107392966747284
1575263521750847491,modelb,43,0.0,0,0,0.3471790850162506
1233438028846125058,modelb,43,0.1237951148575241,0,0,0.15691685676574707
1628082486772215841,modelb,43,0.046264223765805926,0,0,0.14006488025188446
1399046300872675328,modelb,43,0.0942477862434329,0,0,0.13215360045433044
1259954791591133185,modelb,43,0.04443318509145085,1,0,0.21523569524288177
1586732526223040512,modelb,43,0.10268053394266588,0,0,0.13647781312465668
1445380143384514561,modelb,43,0.07630966687715499,0,0,0.1757674664258957
1498475514394288129,modelb,43,0.0002425367512309376,0,0,0.08634471893310547
1190205141380583424,modelb,43,0.3297236295128921,1,1,0.9677785634994507
1377716013916172292,modelb,43,0.017399578825970295,0,0,0.12336423248052597
1355641493956874241,modelb,43,0.15014816728343394,0,0,0.17813511192798615
1393667052968333318,modelb,43,0.062388672064910805,0,1,0.8697343468666077
1587412786375557120,modelb,43,0.1929695119727491,1,1,0.8992944955825806
1300489088198496258,modelb,43,0.023459094550263706,0,0,0.14151647686958313
1637493415016296449,modelb,43,0.11615386523154937,0,0,0.12562887370586395
1380751228171354112,modelb,43,0.005630534184536993,0,0,0.07958661764860153
1120860417645895680,modelb,43,0.4242858248895999,1,1,0.9594603776931763
1319668055367208961,modelb,43,0.007526894833726921,0,0,0.1188419759273529
1392520237539549188,modelb,43,0.035829938948193585,0,0,0.13299432396888733
1397398267806236676,modelb,43,0.14886506137415467,0,0,0.13631093502044678
1407216852875452443,modelb,43,0.05210804791297567,0,0,0.18590447306632996
1393616932696432640,modelb,43,0.14732004274521002,0,0,0.11899545043706894
1445042996408246275,modelb,43,0.023974027674675758,1,1,0.9661334156990051
1592051401177591808,modelb,43,0.0031743279162427863,1,0,0.19662553071975708
1297284021282537472,modelb,43,0.0019719143992207736,0,0,0.17341578006744385
1639011015076478977,modelb,43,0.0983494395585115,0,0,0.2555261552333832
1405155653988098056,modelb,43,0.13080607305669584,0,0,0.09864873439073563
1298280815273672705,modelb,43,0.07988316045526538,0,0,0.35486990213394165
1600473720186773505,modelb,43,0.18408637395981575,1,1,0.5318074226379395
1469703539081449472,modelb,43,0.014360184062748135,0,0,0.11775478720664978
1268558839214899201,modelb,43,0.004355054176355069,0,0,0.23341087996959686
1345451046475354112,modelb,43,0.021128812696024374,1,1,0.9160209894180298
1270982396121214978,modelb,43,0.21004930937209684,1,0,0.14463913440704346
1411961344962686978,modelb,43,0.15188497437433882,0,0,0.17242957651615143
1276793702472716289,modelb,43,0.04283137913871316,0,0,0.16796697676181793
1556353135844679680,modelb,43,0.17873976032203412,0,1,0.9420193433761597
1293954705257684992,modelb,43,0.09216905731961635,0,0,0.1466408222913742
1171163784762839042,modelb,43,0.012104220563778738,0,0,0.08595585078001022
1122994928299036677,modelb,43,0.26646954783163007,1,1,0.9662914276123047
1298402312868724736,modelb,43,0.010167141525785179,0,0,0.11462552845478058
1286786961542455298,modelb,43,0.033954541691231944,0,0,0.13955938816070557
1396689194106294278,modelb,43,0.13249793521855632,0,0,0.22688984870910645
1563287160908042241,modelb,43,0.038076454161700676,0,0,0.2720023989677429
1541730204648935425,modelb,43,0.0869877633823204,1,1,0.9692450761795044
1268895623278850050,modelb,43,0.27752773654477014,0,0,0.15229667723178864
1451370158367264777,modelb,43,0.24267179675139602,0,1,0.911678671836853
1491958977667682308,modelb,43,0.07082590301564003,0,0,0.11844606697559357
1396966089708425218,modelb,43,0.0777185123943421,0,0,0.06774993985891342
1442978128394014722,modelb,43,0.05998367851843515,0,0,0.1292402595281601
1458514255716786182,modelb,43,0.003060824715461936,0,0,0.2676081657409668
1321845326555176960,modelb,43,0.07391862697626732,0,0,0.21135708689689636
1633559221227642883,modelb,43,0.09914022557652984,0,1,0.6277642846107483
1586647573368037376,modelb,43,0.015677565958911465,1,1,0.9665778279304504
1241856213811412992,modelb,43,0.17976207965799879,0,0,0.07375648617744446
1647374538324189184,modelb,43,0.014077262928398126,0,1,0.9138622283935547
1345235597749854208,modelb,43,0.04366557088838561,1,1,0.9684827327728271
1239012712673411078,modelb,43,0.0,0,1,0.8615576028823853
1582437173277601792,modelb,43,0.31686428706042924,0,0,0.1773460954427719
1120591069526228997,modelb,43,0.09167725128782313,0,0,0.11274244636297226
1283422598613868546,modelb,43,0.026552555702306493,0,0,0.13238927721977234
1196747794264051713,modelb,43,0.0322188961226215,0,0,0.1851038932800293
1300022096064520193,modelb,43,0.07715635952673056,1,0,0.4267963469028473
1347894076318879744,modelb,43,0.0477995191506636,0,1,0.6424774527549744
1343348218743164928,modelb,43,0.043782419719038373,0,0,0.13436131179332733
1288266046248562689,modelb,43,0.03239691375266272,0,0,0.2627430558204651
1394273212100456448,modelb,43,0.01789292300556245,1,1,0.9688169360160828
1345212454469566466,modelb,43,0.1159297280552575,0,0,0.20106709003448486
1316806707725709314,modelb,43,0.1266889407359456,0,0,0.14999203383922577
1274382276730802176,modelb,43,0.06869309962912142,0,0,0.13965389132499695
1630353342328107008,modelb,43,0.02551847584796654,0,0,0.11110249161720276
1518388184870178816,modelb,43,0.05119058158768897,0,0,0.0721927285194397
1597318794422411265,modelb,43,0.017845200514199237,0,0,0.19704526662826538
1297728264358813698,modelb,43,0.018759877497617337,0,0,0.10934359580278397
1092607702524743680,modelb,43,0.06691005339461407,0,0,0.12133341282606125
1558159706383912964,modelb,43,0.044463700661119085,0,0,0.08359944075345993
1574261143576535040,modelb,43,0.05336918856018242,1,1,0.9673522710800171
1401102417559580678,modelb,43,0.04333653441872081,0,0,0.13123133778572083
1308105045452390403,modelb,43,0.336906647186492,0,0,0.14584144949913025
1508194787001831431,modelb,43,0.022103938084865455,0,0,0.1426737904548645
1232601234143678464,modelb,43,0.1393014701977362,0,1,0.9343223571777344
1283393408778870785,modelb,43,0.021239062511859648,0,0,0.17079059779644012
1515204878397849601,modelb,43,0.06793162355959688,0,0,0.09608779847621918
1542274011576602626,modelb,43,0.021714768508909084,0,1,0.8939911127090454
1293974461662793728,modelb,43,0.11136121479907682,0,0,0.3452945649623871
1211490408754270210,modelb,43,0.04973717852706502,0,0,0.11610208451747894
1097212292893196289,modelb,43,0.30070384665944544,1,1,0.9690461158752441
1581970735957872640,modelb,43,0.2987944852482055,0,0,0.1408756822347641
1225984535046840320,modelb,43,0.10897121742723408,1,1,0.9609591364860535
1604186809625415680,modelb,43,0.1014369605016708,0,0,0.136596217751503
1163972893765775365,modelb,43,0.03576392047701096,0,0,0.09242033958435059
1341775550189350912,modelb,43,0.08225201958669455,0,0,0.31941190361976624
1286748877563891713,modelb,43,0.051266206308563655,0,1,0.5199207067489624
1460712630553923584,modelb,43,0.13827070849128753,0,0,0.07206512242555618
1477825713206177792,modelb,43,0.0090382310691292,0,0,0.13200153410434723
1284434882140176389,modelb,43,0.17747508287407604,1,1,0.8481035232543945
1255205589396979724,modelb,43,0.0030830401410607356,0,0,0.08052881807088852
1449353935626588163,modelb,43,0.04002438847941626,0,0,0.17517095804214478
1287098479496634370,modelb,43,0.0310367421007076,0,0,0.12567591667175293
1241902809592803328,modelb,43,0.28971392131452184,1,1,0.9683987498283386
1235962772770283522,modelb,43,0.033828423401121056,0,0,0.11698745936155319
1448053433374740482,modelb,43,0.0013939312273555024,0,0,0.12793923914432526
1282333713267859458,modelb,43,0.04653843041687091,1,1,0.9239449501037598
1325795907514863622,modelb,43,0.1176654152782927,0,0,0.06788284331560135
1417228816808820741,modelb,43,0.1827740759822833,0,0,0.10894826054573059
1611744750368956416,modelb,43,0.09369420305668456,0,0,0.09496024996042252
1521292300260888578,modelb,43,0.00251547208408241,0,0,0.20888110995292664
1203555334805164033,modelb,43,0.23045903196434822,1,1,0.9672476649284363
1580245639979749377,modelb,43,0.09745517492046309,0,0,0.18746335804462433
1463578662922604548,modelb,43,0.19847549659348776,0,0,0.15003158152103424
1449684061912510466,modelb,43,0.10042590821304173,0,0,0.08210741728544235
1152034933176590336,modelb,43,0.13996884575829185,1,1,0.9695156216621399
1584558203626434560,modelb,43,0.05745857392120178,0,0,0.1510966718196869
1553717576458534912,modelb,43,0.06315990430402744,0,0,0.0937359482049942
1255567029551144964,modelb,43,0.07386927952549564,0,0,0.11231757700443268
1545151228413415425,modelb,43,0.3518521592296476,1,1,0.9644181132316589
1468967696523878410,modelb,43,0.02134065247365171,0,0,0.14780370891094208
1489845616750444545,modelb,43,0.02316821833331811,0,0,0.08620688319206238
1393522778440093700,modelb,43,0.05123288382545554,0,0,0.10133600234985352
1345567610780397570,modelb,43,0.011950671748538316,0,0,0.13832388818264008
1547669888851795979,modelb,43,0.7327536009631592,0,1,0.9012950658798218
1513201920797810690,modelb,43,0.19459498468268127,0,1,0.9394468069076538
1284847378499944449,modelb,43,0.03279739713311871,0,0,0.11173878610134125
1516924289143951360,modelb,43,0.23867353930461546,0,0,0.12465029954910278
1449714900805242883,modelb,43,0.06645302975791488,0,0,0.17406810820102692
1258707209304891392,modelb,43,0.055895584316866795,0,0,0.11029314249753952
1511107589932830723,modelb,43,0.1281970784461326,0,0,0.19743812084197998
1219921409415270400,modelb,43,0.03360528739581056,0,0,0.11016203463077545
1542857597589528577,modelb,43,0.0,1,1,0.9665718078613281
1620508837328588803,modelb,43,0.026653998356844403,1,0,0.27992576360702515
1144672451592413185,modelb,43,0.15206776542135012,1,1,0.9687846899032593
1198999631323115520,modelb,43,0.0691062512370451,0,0,0.23249323666095734
1365488105378230278,modelb,43,0.1422538538090143,0,0,0.10906175523996353
1637857580776312834,modelb,43,0.13169464990541635,1,0,0.1969139128923416
1539994279455719424,modelb,43,0.0066396055867310715,0,1,0.8894544839859009
1551584334104215552,modelb,43,0.1323262492345818,0,0,0.11416377127170563
1283750313418055681,modelb,43,0.01871187384240146,0,0,0.20649418234825134
1392197387427274755,modelb,43,0.00451479820272995,0,0,0.21726290881633759
1233959222305607680,modelb,43,0.1577135568440175,1,1,0.9655805826187134
1625906106156429330,modelb,43,0.033949665804241594,1,0,0.13638363778591156
1619534124024487937,modelb,43,0.010622228910900663,0,0,0.0813574492931366
1509027883716526080,modelb,43,0.05575642197325837,0,0,0.29550740122795105
1293924575890345985,modelb,43,0.022746632305335666,0,0,0.1202576532959938
1646011668751699972,modelb,43,0.16070237759859746,0,0,0.3116396367549896
1506007293728591873,modelb,43,0.04470865178574477,0,0,0.2124634087085724
1643707401512550400,modelb,43,0.08402112073095269,0,1,0.8328019976615906
1210275610813054976,modelb,43,0.0559364648766071,0,0,0.11559786647558212
1635345125575626752,modelb,43,0.026501511986923593,0,0,0.08382480591535568
1381927979090075651,modelb,43,0.33537615345670974,0,0,0.11755745112895966
1345012434608795650,modelb,43,0.0011119292860489085,0,1,0.6225799918174744
1286035333755305984,modelb,43,0.05401897613249032,0,0,0.10775811225175858
1554196257270284294,modelb,43,0.007872751814349158,0,0,0.08783631771802902
1090985813398061056,modelb,43,0.6565717439776487,1,1,0.9663283824920654
1212830436012908544,modelb,43,0.011824940078044582,0,0,0.2354901134967804
1539054160896827392,modelb,43,0.02687147743418057,0,0,0.1926358938217163
1270774783958016005,modelb,43,0.05156885568404756,0,0,0.12320626527070999
1205464611157413888,modelb,43,0.11187508470962458,1,1,0.9603708386421204
1470443338213957637,modelb,43,0.007737641080568404,0,0,0.20279577374458313
1646682021396115456,modelb,43,0.04216684364761802,0,0,0.13486281037330627
1103688981038985217,modelb,43,0.033862281690705695,0,0,0.11759710311889648
1396961028102053893,modelb,43,0.37432657910560635,1,0,0.23489224910736084
1103013290916175874,modelb,43,0.02461636081610642,0,0,0.12279923260211945
1284764621560315904,modelb,43,0.01538320465232693,0,0,0.12038411945104599
1281292234013446145,modelb,43,0.04269073356752395,0,0,0.09670412540435791
1636400650786426883,modelb,43,0.031239687834085064,0,1,0.6432108283042908
1219628821881802753,modelb,43,0.14528960584613612,0,0,0.1753469705581665
1585465243727056896,modelb,43,0.0,0,0,0.2596733868122101
1517548575332265984,modelb,43,0.051504372935892585,0,0,0.13597612082958221
1223652621153722372,modelb,43,0.218306919291998,0,0,0.12200156599283218
1106562886778998785,modelb,43,0.0,1,1,0.9593250751495361
1518553007582892032,modelb,43,0.01151820519634591,0,0,0.09230075776576996
1397954044455391233,modelb,43,0.07968986907231056,0,0,0.47755855321884155
1252073855046352897,modelb,43,0.12957133470244964,0,0,0.18138515949249268
1515229140768546819,modelb,43,0.03236388501833332,1,1,0.6890646815299988
1542539148841607169,modelb,43,0.09301191676120599,0,1,0.9243061542510986
1427586547621236739,modelb,43,0.033975581038247916,0,0,0.10422234237194061
1177946201179578368,modelb,43,0.3867109247249065,0,0,0.458321750164032
1253687689410416641,modelb,43,0.00743343300624845,0,0,0.11994458734989166
1222396158653259777,modelb,43,0.025460430328248324,0,0,0.13994939625263214
1217246308743962624,modelb,43,0.029708913805467647,0,0,0.17496301233768463
1382668135690428419,modelb,43,0.025845522244284873,0,0,0.1076868325471878
1650582626758180865,modelb,43,0.0,0,0,0.2364671528339386
1252009084078997505,modelb,43,0.15046792498401274,1,0,0.16474586725234985
1248241876005724161,modelb,43,0.021696996895583517,0,0,0.15044988691806793
1543360155651391500,modelb,43,0.10233346926143627,0,1,0.965502142906189
1318980851808481281,modelb,43,0.06494682089532564,0,0,0.12069625407457352
1397587532574040069,modelb,43,0.055542184277401506,0,0,0.10864649713039398
1466454112279662604,modelb,43,0.17116320919191402,0,0,0.06160319223999977
1526762269064974346,modelb,43,0.11651305267219395,1,1,0.9424784779548645
1566132180467814400,modelb,43,0.04927975134905888,0,0,0.07467003911733627
1644717646246473736,modelb,43,0.136145577030306,0,0,0.06784781813621521
1573081978949505024,modelb,43,0.04498967029693415,1,1,0.9273667335510254
1544818240484155392,modelb,43,0.05534140363864091,0,0,0.17186319828033447
1121874377631465474,modelb,43,0.024645230122965458,0,0,0.097092404961586
1291623819572989955,modelb,43,0.16266194865795222,1,1,0.9531714916229248
1580600904746962945,modelb,43,0.02461777075275706,1,1,0.9648200869560242
1428807603031789569,modelb,43,0.02712084600193339,0,0,0.3697624206542969
1109061649242226688,modelb,43,0.07806941936112467,0,0,0.21793954074382782
1392756158914600960,modelb,43,0.07637463038800117,0,0,0.15533395111560822
1133067761184378885,modelb,43,0.3770209223415382,1,1,0.9696692824363708
1468658508014911492,modelb,43,0.1336790909101769,0,0,0.1716630756855011
1579549222038560768,modelb,43,0.025088469906352207,0,0,0.08968435227870941
1644465858670993409,modelb,43,0.13486830329849234,1,0,0.3597894012928009
1506076192130191360,modelb,43,0.034603575985170984,0,0,0.0890035554766655
1159696677130948608,modelb,43,0.00016311770708778633,0,0,0.16781534254550934
1633114503305936899,modelb,43,0.07134420756674675,0,1,0.9611009359359741
1128058851188670470,modelb,43,0.1278239176014164,0,0,0.16640084981918335
1296858111521648640,modelb,43,0.10848607777418258,0,1,0.9415223002433777
1187403288007888898,modelb,43,0.0,0,0,0.22249570488929749
1458036894860775426,modelb,43,0.03609228105454286,0,0,0.1181931272149086
1356378388164976645,modelb,43,0.042885874561488395,0,0,0.12624363601207733
1517749284304695298,modelb,43,0.030407464119178714,0,0,0.32470592856407166
1256562515288494082,modelb,43,0.14064795587647996,0,0,0.0887945219874382
1526056251007852544,modelb,43,0.010357886658443671,0,0,0.2546405792236328
1352771322863116288,modelb,43,0.030400620363177835,0,1,0.9260396361351013
1393789126772543490,modelb,43,0.43426812278713317,0,0,0.11854758113622665
1360239202827403267,modelb,43,0.16601214135825826,0,0,0.09305448830127716
1353190490305392640,modelb,43,0.02644980660050505,0,0,0.4092327356338501
1357201397838618624,modelb,43,0.12892204159568654,0,0,0.13527852296829224
1255823949532987397,modelb,43,0.08697938729175711,1,0,0.4858452081680298
1272891981480497152,modelb,43,0.10762574350499057,0,0,0.11074502766132355
1354349851581034498,modelb,43,0.07653645869294384,0,0,0.11841175705194473
1120663055526957062,modelb,43,0.19456973585735057,0,0,0.14722533524036407
1283401552032456705,modelb,43,0.06757663210538738,0,0,0.09419361501932144
1524755538415861761,modelb,43,0.035165317673799844,0,1,0.9271889925003052
1399745357555322889,modelb,43,0.08132787094602172,0,0,0.24527417123317719
1519841120473202688,modelb,43,0.06397575922307834,0,0,0.1127936840057373
1300150538668060674,modelb,43,0.12529286454443972,0,0,0.25579705834388733
1209982157982248961,modelb,43,0.12890333256471445,0,1,0.8841001391410828
1645009221635694593,modelb,43,0.00653665760504266,1,1,0.9660941362380981
1215515751496339456,modelb,43,0.024661276858937244,0,0,0.10409633070230484
1426471423086764033,modelb,43,0.0947136193861909,1,1,0.8601847887039185
1232887804969078789,modelb,43,0.03241845187679468,1,1,0.9560691118240356
1407469081494757382,modelb,43,0.029351879335185065,0,0,0.07111716270446777
1470482593539837954,modelb,43,0.04080006181764029,0,0,0.10080981254577637
1413068266759655427,modelb,43,0.10724273593007566,0,0,0.13647472858428955
1229152388851929091,modelb,43,0.022010524835165936,0,0,0.12633831799030304
1286027681230753793,modelb,43,0.08681961729783678,0,0,0.10208743810653687
1415047667613327369,modelb,43,0.21465861279239387,0,0,0.26065516471862793
1394017841121308673,modelb,43,0.029164230100379836,1,1,0.9668073058128357
1085296318040473600,modelb,43,0.06012941147083047,0,0,0.1647392362356186
1434894931143929858,modelb,43,0.051231929366658456,0,0,0.16392260789871216
1256536483332317184,modelb,43,0.09040009197470456,0,0,0.22756044566631317
1600224079482454016,modelb,43,0.09428634755063522,0,0,0.09732887893915176
1567171489509564416,modelb,43,0.146445628182605,0,0,0.14940620958805084
1556401396651397120,modelb,43,0.0197760801965816,0,0,0.09143906831741333
1258474383900893189,modelb,43,0.09912094292685175,0,0,0.14817050099372864
1207550765260132353,modelb,43,0.027459444303750132,0,0,0.09644710272550583
1449058322360020992,modelb,43,0.08755336622892629,0,0,0.12744608521461487
1455148755435630594,modelb,43,0.13712405678486222,0,0,0.06482278555631638
1223994516903997444,modelb,43,0.050294582471378246,0,0,0.12170246243476868
1284281138467319808,modelb,43,0.06149585164631556,0,0,0.3734857439994812
1578140790592782336,modelb,43,0.04044925815505076,1,0,0.1549633890390396
1222708257648594944,modelb,43,0.09907505817630403,0,0,0.26358211040496826
1250166932768088064,modelb,43,0.17441551144100087,1,1,0.9693509340286255
1232852903909441537,modelb,43,0.1864896917713438,1,1,0.9698325395584106
1311402290167783424,modelb,43,0.12808828656764698,0,0,0.2238234579563141
1245701249732734977,modelb,43,0.06754235907370722,1,0,0.14274589717388153
1212868104658849795,modelb,43,0.14175918152487102,0,0,0.13225561380386353
1352210396833337345,modelb,43,0.17685027194425337,0,0,0.1250152885913849
1241946825055141889,modelb,43,0.11714585193519839,0,0,0.09924110025167465
1260225918980816902,modelb,43,0.05515613530086748,0,0,0.10307903587818146
1393777583414669317,modelb,43,0.09845488357689225,0,0,0.09063561260700226
1229308060419514369,modelb,43,0.3816270812113685,0,0,0.08871626853942871
1229222882112348166,modelb,43,0.03301065465420767,0,0,0.0998399406671524
1588261196573986816,modelb,43,0.00020565576573832792,1,1,0.9634992480278015
1462395459557810176,modelb,43,0.02121157271624339,0,0,0.1658696085214615
1442869344946454529,modelb,43,0.000418043985711448,0,0,0.10023124516010284
1255605234619072519,modelb,43,0.4587572803208988,0,0,0.1500297337770462
1499012058175655938,modelb,43,0.06359388070571366,0,0,0.14072339236736298
1462851931945283589,modelb,43,0.0906445660404105,0,0,0.16512629389762878
1247576003800686600,modelb,43,0.0022646258252578184,0,0,0.0979703962802887
1104601295523000323,modelb,43,0.13544153117739527,1,1,0.7807631492614746
1263682260768681986,modelb,43,0.11664060702955535,0,0,0.18274246156215668
1123871012746092545,modelb,43,0.12289019202217807,0,0,0.09923466295003891
1600150773924450304,modelb,43,0.03294512954290401,0,1,0.917352020740509
1236854787334909953,modelb,43,0.141768768726543,0,0,0.2552820146083832
1397658343041339392,modelb,43,0.16628119332420932,0,1,0.6446757316589355
1454323555420803073,modelb,43,0.10148530277448366,0,0,0.2795308232307434
1619614295335239680,modelb,43,0.0089506518262963,0,0,0.11420774459838867
1345745635924992000,modelb,43,0.14603986926626614,1,1,0.7193154692649841
1219355089854439424,modelb,43,0.047375488803566464,1,1,0.5379478931427002
1233846578366078986,modelb,43,0.04563263208431622,1,1,0.8892121911048889
1310174329653530624,modelb,43,0.05568403931792716,0,0,0.1716165840625763
1421844891404062726,modelb,43,0.08218819859233771,0,0,0.3751292824745178
1393372156482949129,modelb,43,0.2048898820797144,0,0,0.35355913639068604
1267842168128966657,modelb,43,0.034160034614904335,0,1,0.8320960402488708
1555651653453348865,modelb,43,0.08106988477298081,0,0,0.26151707768440247
1389360261270806533,modelb,43,0.12042063879304127,0,0,0.13476607203483582
1576232372063772672,modelb,43,0.00921426328020017,0,0,0.24655920267105103
1518769899996606464,modelb,43,0.054293296169969966,0,0,0.33236682415008545
1298736963000901632,modelb,43,0.08554326010105008,0,1,0.7394645810127258
1194722327952547844,modelb,43,0.15774641748921947,1,1,0.9495720863342285
1604141984712531968,modelb,43,0.13401530150005136,1,1,0.7797778248786926
1266753810392854529,modelb,43,0.029026866551076995,0,0,0.10375318676233292
1417123755390689287,modelb,43,0.2002867509597773,0,0,0.20515207946300507
1288838940569620483,modelb,43,0.014837144846883196,0,0,0.16846276819705963
1412564686516666369,modelb,43,0.01910412886208028,0,0,0.10081502050161362
1376823894569443329,modelb,43,0.050812906343760525,0,0,0.06508505344390869
1369368335532589061,modelb,43,0.34530877611588534,0,0,0.13617217540740967
1224738215652814849,modelb,43,0.08158800555903907,0,0,0.10754542052745819
1185557829501018114,modelb,43,0.2554814395731145,1,0,0.08657042682170868
1274205440239374337,modelb,43,0.2260981201863502,0,0,0.10576250404119492
1509567860095569937,modelb,43,0.022196588603193297,0,0,0.12961027026176453
1457557396973187088,modelb,43,0.17855074983896616,0,0,0.10704401880502701
1238978053633716226,modelb,43,0.09056942559893393,0,0,0.10029193758964539
1137416842560118784,modelb,43,0.01742848844876241,0,0,0.08396679162979126
1474945563271606273,modelb,43,0.03161959894006866,0,0,0.11810081452131271
1601901750096924674,modelb,43,0.19916915117413744,0,0,0.26197779178619385
1249002861129863170,modelb,43,0.08337832496370007,0,0,0.16506527364253998
1289575405611921411,modelb,43,0.03801524541762063,0,0,0.16793760657310486
1263521952364474368,modelb,43,0.046975287600364214,0,1,0.5116063952445984
1468332039216803847,modelb,43,0.019131698011743286,0,0,0.22631773352622986
1487758635275014149,modelb,43,0.282108922175374,0,0,0.21475940942764282
1609464228045365248,modelb,43,0.0,0,0,0.14821679890155792
1355618686770569219,modelb,43,0.04599959570114948,0,0,0.08853898197412491
1232922381544386560,modelb,43,0.15738624609532514,1,1,0.9693489074707031
1345353737368457221,modelb,43,0.39184926883157883,0,1,0.6208629608154297
1263926391474491392,modelb,43,0.02371951339904848,0,1,0.9619714021682739
1262954263384334338,modelb,43,0.037265175347659156,0,0,0.10900229215621948
1355356438714003459,modelb,43,0.03430459147426031,0,0,0.09973321110010147
1478755285934252032,modelb,43,0.09923962127242755,0,0,0.13836659491062164
1247933746881462273,modelb,43,0.03800038259108967,0,1,0.7573813796043396
1114201210960085002,modelb,43,0.07604896943972708,0,0,0.07314936071634293
1567548400983228421,modelb,43,0.01900114661222675,1,0,0.19319859147071838
1393566849275555845,modelb,43,0.1495150729071432,0,0,0.23542533814907074
1440444267135004681,modelb,43,0.04803461972462446,0,0,0.21562549471855164
1569022602882039812,modelb,43,0.053744107978424216,0,0,0.37590929865837097
1268796619761291264,modelb,43,0.00037894157798735333,0,0,0.193484827876091
1466588575697309698,modelb,43,0.10786844353496042,0,0,0.12343516200780869
1358471344753569792,modelb,43,0.13393049652202585,0,0,0.18393507599830627
1466314626426146818,modelb,43,0.0609746572927971,0,0,0.10541682690382004
1559265728037109765,modelb,43,0.09221515904941241,0,0,0.17705732583999634
1285236887599419392,modelb,43,0.024069027515486795,0,0,0.07438185065984726
1421202358105690121,modelb,43,0.09599904472606963,0,0,0.11083164811134338
1230462416368099328,modelb,43,0.2608367544658495,0,0,0.11556120216846466
1276280108278415360,modelb,43,0.022102086270664782,0,0,0.13264356553554535
1251955772797399044,modelb,43,0.12317730307753308,0,0,0.15510958433151245
1252583581685252097,modelb,43,0.04162739086571192,0,0,0.09941588342189789
1564590802348949504,modelb,43,0.0,0,0,0.1726716160774231
1566917637564768256,modelb,43,0.010003010206275972,0,0,0.1814768761396408
1599649990762434560,modelb,43,0.015007423061326556,0,0,0.24353325366973877
1575021890040537090,modelb,43,0.15011136037200323,0,0,0.24477221071720123
1645040637119438848,modelb,43,0.1332430016993883,0,0,0.07125244289636612
1594193136632623104,modelb,43,0.3544374739338244,0,1,0.8002249002456665
1188204586290561026,modelb,44,0.1682345256921579,1,1,0.9883424639701843
1393758809622032390,modelb,44,0.03236254956248129,0,0,0.01954186148941517
1229832103891595264,modelb,44,0.1677042205922871,0,0,0.010776679031550884
1125194075316064256,modelb,44,0.334704984087223,0,1,0.9642843008041382
1523450483053973504,modelb,44,0.2219419690165459,0,0,0.02518486976623535
1345256046571495424,modelb,44,0.0833288867001356,0,0,0.02166396751999855
1236714045341929481,modelb,44,0.14176200498984035,0,0,0.013676331378519535
1394295651266187265,modelb,44,0.12862425183661982,0,1,0.8761387467384338
1154438465280516096,modelb,44,0.013711895647262943,0,0,0.011484603397548199
1619516286312263681,modelb,44,0.04612583539425489,0,0,0.13697388768196106
1396537342085718017,modelb,44,0.12485703972112583,0,0,0.0382985845208168
1443682627614093314,modelb,44,0.03498711845594092,0,0,0.03803449124097824
1465147721724178432,modelb,44,0.056761537748448734,1,1,0.9833294153213501
1255492458164752387,modelb,44,0.021749560048578885,0,0,0.01646307297050953
1290986576667869185,modelb,44,0.5491921265519103,0,0,0.3570072054862976
1514288582332145670,modelb,44,0.04907662299601798,0,0,0.029316963627934456
1272357521324474368,modelb,44,0.10369316417862424,0,0,0.021294206380844116
1487252560700481537,modelb,44,0.21167293384882216,0,1,0.8899428248405457
1273740261621809154,modelb,44,0.09896957282873768,0,0,0.012105385772883892
1317661755363921920,modelb,44,0.06277197955490126,0,0,0.02409273013472557
1468405253758406661,modelb,44,0.0635857851013913,0,0,0.023561790585517883
1514920455643279365,modelb,44,0.015576241418948415,0,0,0.01713656261563301
1291784215021805569,modelb,44,0.04375870541759065,0,0,0.02744072675704956
1357469393727365122,modelb,44,0.053131570009261136,0,0,0.030527818948030472
1248174910977040385,modelb,44,0.03925578492250216,0,0,0.023852365091443062
1287073267526897666,modelb,44,0.17053511068110797,0,0,0.028209244832396507
1116066316874670081,modelb,44,0.1971898085745057,1,1,0.9850305914878845
1296511371367124992,modelb,44,0.20388111849968063,0,0,0.015430926345288754
1345166234330017792,modelb,44,0.03656074382573903,0,0,0.03209366276860237
1245501628112867328,modelb,44,0.008362235970375267,0,0,0.01624925620853901
1578931526238343168,modelb,44,0.07377717568681451,0,0,0.04050406068563461
1286957308447260673,modelb,44,0.09778257740109358,1,1,0.9844157099723816
1393552840891719685,modelb,44,0.03696400975011897,0,0,0.030358577147126198
1262815859732611075,modelb,44,0.12264527296895729,1,1,0.9468501210212708
1599404086688092160,modelb,44,0.15238168221637885,0,0,0.03127826377749443
1648029372983439367,modelb,44,0.048830544306652277,0,0,0.01217392086982727
1265957010501230593,modelb,44,0.000469382058484387,0,0,0.01730218715965748
1246464469087256576,modelb,44,0.144068643522161,1,0,0.03913748264312744
1211183459105796098,modelb,44,0.00989460219619713,0,0,0.012922266498208046
1118338313876844544,modelb,44,0.009806879461890928,0,0,0.015031937509775162
1135216071525511173,modelb,44,0.36358336109908673,0,0,0.10502824187278748
1527387745693224986,modelb,44,0.43047683731109954,0,0,0.0127622215077281
1232990916899561473,modelb,44,0.32900623179334126,1,1,0.9893361330032349
1345987250904068096,modelb,44,0.02727399532491586,0,0,0.01792694441974163
1546816084149501953,modelb,44,0.18183495465257726,0,0,0.01474169734865427
1457806433853005827,modelb,44,0.06884185264445437,0,0,0.030294544994831085
1402937907342544899,modelb,44,0.13030816966972814,0,0,0.02151322551071644
1603080434526859264,modelb,44,0.026252199102064146,0,0,0.0500192828476429
1109748138515054592,modelb,44,0.2050613122908934,1,1,0.9881738424301147
1488409288750284801,modelb,44,0.06866148212634055,0,0,0.016999095678329468
1532553712199245827,modelb,44,0.22663579594407302,0,0,0.060911066830158234
1491463980329570304,modelb,44,0.051040951472600016,0,0,0.01319857221096754
1611222836924010498,modelb,44,0.028533122321074213,0,1,0.6405578255653381
1537808851155795975,modelb,44,0.04082417329873492,0,0,0.03462138772010803
1630179384375263232,modelb,44,0.18381878991843645,0,0,0.013578183948993683
1393745779857272832,modelb,44,0.03847993176585444,1,1,0.9812803864479065
1509126359607660551,modelb,44,0.14795781815408818,0,0,0.014344431459903717
1126878156294586368,modelb,44,0.11206295136146896,0,0,0.013473305851221085
1225297729506594818,modelb,44,0.34414703179413325,0,0,0.10782922059297562
1394107831834476547,modelb,44,0.11548240368235756,0,0,0.03506191074848175
1260269776150159360,modelb,44,0.04416257499980999,0,0,0.03288869559764862
1488747638602153986,modelb,44,0.14038329538930275,0,0,0.017290880903601646
1270348242543423488,modelb,44,0.08336276887279555,0,0,0.016870535910129547
1244176666802479104,modelb,44,0.34601285009938615,0,0,0.016401316970586777
1539951759405109249,modelb,44,0.0715571502816222,0,0,0.027682125568389893
1395747592307417092,modelb,44,0.032282671411909825,0,0,0.04859613999724388
1508152963587579909,modelb,44,0.14390968357971354,0,0,0.032624706625938416
1224025761092448257,modelb,44,0.11009699332069574,0,1,0.7055503726005554
1263867135194996737,modelb,44,0.08707115568195123,0,0,0.0149833420291543
1577071902572818434,modelb,44,0.031774966211649346,0,0,0.014767060056328773
1508857749089787912,modelb,44,0.04892365511741853,0,0,0.02616729959845543
1224373966363512833,modelb,44,0.01823741971183676,0,0,0.10653987526893616
1103282085832343555,modelb,44,0.17543344471690428,0,0,0.012968512251973152
1109170436078817282,modelb,44,0.04202017359520255,0,0,0.01442867610603571
1098057857482641408,modelb,44,0.368823709044621,1,1,0.9871683120727539
1261011012100198404,modelb,44,0.0,1,0,0.3594512939453125
1237111189722640385,modelb,44,0.015890226220947996,0,0,0.023728929460048676
1115609269838024704,modelb,44,0.17422323601517112,0,0,0.014345090836286545
1293886666080260097,modelb,44,0.010123167972961753,0,0,0.018063105642795563
1395833782863814657,modelb,44,0.0,0,0,0.029801655560731888
1247909286568701958,modelb,44,0.2226286596789098,0,0,0.028610166162252426
1352044283587489792,modelb,44,0.1969948317367665,0,0,0.026831991970539093
1258110002906136578,modelb,44,0.050864968963010376,0,0,0.030833063647150993
1461202741666140161,modelb,44,0.016991925660049992,0,0,0.027825623750686646
1258017440362979332,modelb,44,0.055218720179145676,0,0,0.023626668378710747
1393327980387131398,modelb,44,0.02542090409533353,0,0,0.031726378947496414
1648322447089840140,modelb,44,0.07464473793484751,0,0,0.06872857362031937
1356256969359822851,modelb,44,0.015092986562992683,0,0,0.015355560928583145
1199437211772575744,modelb,44,0.24356112570749738,0,0,0.023411940783262253
1345112406326915074,modelb,44,0.016112131636001475,0,0,0.02533409558236599
1345737420101324806,modelb,44,0.012254756078074455,0,0,0.023729903623461723
1392990438546710533,modelb,44,0.03719394291940866,0,0,0.4338422119617462
1451592600918663172,modelb,44,0.10932898240031586,0,0,0.012358481995761395
1547841356113948674,modelb,44,0.0,0,0,0.046924225986003876
1313636764506968064,modelb,44,0.06932766959961949,0,0,0.017894545570015907
1354461395862040576,modelb,44,0.04529277233780854,0,0,0.011980481445789337
1255336798319972356,modelb,44,0.06801847329631378,0,0,0.012500838376581669
1346224388128051200,modelb,44,0.011695975843184426,0,0,0.035057879984378815
1193142802965782528,modelb,44,0.13440993870615892,1,1,0.9890612363815308
1392146737423290368,modelb,44,0.02591205414455669,0,0,0.028658490628004074
1226462657177210880,modelb,44,0.10400300907290132,1,1,0.9825103878974915
1345755511002689545,modelb,44,0.05590787872994469,1,1,0.9847325682640076
1593588138030804992,modelb,44,0.00558849901682438,0,0,0.02898884005844593
1641175481511714816,modelb,44,0.0197558727654344,0,0,0.40387436747550964
1565180170016735233,modelb,44,0.0,0,0,0.05341089889407158
1577125319710248960,modelb,44,0.10192244860603322,0,0,0.021574359387159348
1548349221429866498,modelb,44,0.0008606112609095531,0,0,0.029782095924019814
1298217767297003521,modelb,44,0.01422701817984513,0,0,0.01910189725458622
1124008705845026823,modelb,44,0.11098437699627553,0,0,0.013804508373141289
1246121373472378880,modelb,44,0.32711002269708456,1,1,0.9339981079101562
1345778047421562880,modelb,44,0.04766036959966033,1,1,0.9822036027908325
1444988795108139008,modelb,44,0.019275557952559617,1,0,0.06815250217914581
1275278623860305922,modelb,44,0.24598927161708592,0,0,0.017021197825670242
1223263760950775808,modelb,44,0.1068800857533842,0,0,0.021074077114462852
1466446193337196552,modelb,44,0.01952019385469661,0,0,0.02728118933737278
1512367141198213123,modelb,44,0.030491711536801223,0,0,0.015261651016771793
1451346708579897345,modelb,44,0.15682689255885188,0,0,0.011597749777138233
1359732117211668481,modelb,44,0.013220720764406252,0,0,0.06169493496417999
1204634292044697600,modelb,44,0.0812041087215672,0,0,0.013133849017322063
1242197959413989377,modelb,44,0.07335992921893783,0,0,0.025750914588570595
1345415514424750083,modelb,44,0.027489654322161036,0,0,0.01730777509510517
1628172722969751552,modelb,44,0.09580092441964232,0,0,0.0399097241461277
1123014488888893440,modelb,44,0.03462121603784294,0,0,0.03315959870815277
1345690021563654144,modelb,44,0.0419684930368423,0,0,0.10407832264900208
1504459560207147011,modelb,44,0.07431316587893876,0,0,0.08181373029947281
1507052730803802122,modelb,44,0.07787563980967602,0,0,0.1335359811782837
1270803144147075075,modelb,44,0.0033516939517788105,1,1,0.9429022073745728
1274310552161079297,modelb,44,0.3817951246083383,0,0,0.012014305219054222
1564334956100423680,modelb,44,0.0020187944100681886,0,0,0.0369328148663044
1388425054665510912,modelb,44,0.052335129917195626,0,0,0.0281953327357769
1585359766754586624,modelb,44,0.014830010322054454,1,1,0.9863210320472717
1463617131946205187,modelb,44,0.0679503516496843,1,1,0.8459457755088806
1222296463822049281,modelb,44,0.07613608838170512,0,0,0.0304443147033453
1218986472197566464,modelb,44,0.21989039128918006,0,0,0.02997218258678913
1594755480441733131,modelb,44,0.7659709583236397,1,1,0.9748177528381348
1508215661482463238,modelb,44,0.062574186979165,0,0,0.024708254262804985
1216725210507902979,modelb,44,0.0007469283063404673,0,0,0.023977477103471756
1192249138957582338,modelb,44,0.20286762014182108,0,0,0.019255008548498154
1452130397932998657,modelb,44,0.20137662805863316,0,0,0.025406889617443085
1117368474597318661,modelb,44,0.1369334646387914,0,0,0.012954444624483585
1491416161812361216,modelb,44,0.1584401589150119,0,1,0.7018224596977234
1307141355915927553,modelb,44,0.3977709022033285,1,1,0.8178014159202576
1519509018271789056,modelb,44,0.0,0,0,0.031480081379413605
1482268883465777157,modelb,44,0.06931815042379687,0,0,0.018217047676444054
1291416524264222721,modelb,44,0.07973096004838401,0,0,0.023007363080978394
1530459713028390913,modelb,44,0.07697782142388225,0,0,0.017628923058509827
1606670420719067139,modelb,44,0.2934851861657865,1,0,0.1961613893508911
1514890228493963265,modelb,44,0.0,0,0,0.03892871364951134
1499672184414998536,modelb,44,0.1088459220743265,0,0,0.18370090425014496
1347316666028478466,modelb,44,0.022806270716332094,0,0,0.019691886380314827
1648058784890372097,modelb,44,0.031404708107528816,0,0,0.01689935475587845
1227781168109506560,modelb,44,0.14732945195417627,0,0,0.024324117228388786
1379807592143290370,modelb,44,0.12355633907950571,0,0,0.015339991077780724
1487026637099126784,modelb,44,0.030548976993899916,0,0,0.011567517183721066
1355165540453642240,modelb,44,0.07869140799917364,0,0,0.014074256643652916
1298413749121024004,modelb,44,0.3423961487158688,0,0,0.034527748823165894
1575263521750847491,modelb,44,0.0,0,0,0.02942018210887909
1233438028846125058,modelb,44,0.2511282847864354,0,0,0.02829916775226593
1628082486772215841,modelb,44,0.18322198679296756,0,0,0.030944421887397766
1399046300872675328,modelb,44,0.11710519012394636,0,0,0.017755357548594475
1259954791591133185,modelb,44,0.04172467791410418,1,0,0.01665438525378704
1586732526223040512,modelb,44,0.2077873132722345,0,0,0.017694205045700073
1445380143384514561,modelb,44,0.04999486249507143,0,0,0.021055446937680244
1498475514394288129,modelb,44,0.024412980808766648,0,0,0.015254659578204155
1190205141380583424,modelb,44,0.33065565172253913,1,1,0.988889217376709
1377716013916172292,modelb,44,0.04355918921797539,0,0,0.015617640689015388
1355641493956874241,modelb,44,0.14700241194973176,0,0,0.048929911106824875
1393667052968333318,modelb,44,0.19559490816877195,0,0,0.10868334025144577
1587412786375557120,modelb,44,0.21828069060269512,1,1,0.8308283686637878
1300489088198496258,modelb,44,0.1969443779667675,0,0,0.017206132411956787
1637493415016296449,modelb,44,0.10346696208717526,0,0,0.04493691399693489
1380751228171354112,modelb,44,0.10218683173078534,0,0,0.012127907946705818
1120860417645895680,modelb,44,0.23076121909257108,1,1,0.9675167202949524
1319668055367208961,modelb,44,0.02772968137035099,0,0,0.01982259564101696
1392520237539549188,modelb,44,0.06408563518732116,0,0,0.02674730308353901
1397398267806236676,modelb,44,0.03026947657172174,0,0,0.015713080763816833
1407216852875452443,modelb,44,0.030408748087383267,0,0,0.02535785548388958
1393616932696432640,modelb,44,0.18708089377840784,0,0,0.015260662883520126
1445042996408246275,modelb,44,0.0029898170638687055,1,1,0.9790788888931274
1592051401177591808,modelb,44,0.09463502857934289,1,0,0.03038427047431469
1297284021282537472,modelb,44,0.06312817134498276,0,0,0.048216812312603
1639011015076478977,modelb,44,0.08808034311024553,0,0,0.33371230959892273
1405155653988098056,modelb,44,0.0587437749435426,0,0,0.03873246908187866
1298280815273672705,modelb,44,0.17025958300937036,0,0,0.04276490956544876
1600473720186773505,modelb,44,0.16109172587619608,1,0,0.2544799745082855
1469703539081449472,modelb,44,0.01866947723143019,0,0,0.020934933796525
1268558839214899201,modelb,44,0.0008086168610806841,0,0,0.028434786945581436
1345451046475354112,modelb,44,0.08815125966614608,1,1,0.9701277017593384
1270982396121214978,modelb,44,0.13908394969180393,1,0,0.01785700023174286
1411961344962686978,modelb,44,0.1697938326148297,0,0,0.01434644777327776
1276793702472716289,modelb,44,0.016596361898329828,0,0,0.0268172025680542
1556353135844679680,modelb,44,0.19490389878525455,0,1,0.9817650318145752
1293954705257684992,modelb,44,0.12118667019220083,0,0,0.028434373438358307
1171163784762839042,modelb,44,0.06622190020964008,0,0,0.020036203786730766
1122994928299036677,modelb,44,0.21922182438559576,1,1,0.9882853031158447
1298402312868724736,modelb,44,0.00732862394234273,0,0,0.025727082043886185
1286786961542455298,modelb,44,0.07084467697161581,0,0,0.02104591578245163
1396689194106294278,modelb,44,0.09395266130250055,0,1,0.6911047697067261
1563287160908042241,modelb,44,0.04746219440882711,0,0,0.2832718789577484
1541730204648935425,modelb,44,0.15809326673691113,1,1,0.9867554306983948
1268895623278850050,modelb,44,0.19951171454993974,0,0,0.013216869905591011
1451370158367264777,modelb,44,0.257394458658454,0,1,0.8625872135162354
1491958977667682308,modelb,44,0.13860476697326493,0,0,0.014387568458914757
1396966089708425218,modelb,44,0.09593393605138399,0,0,0.011595378629863262
1442978128394014722,modelb,44,0.0892176566480401,0,0,0.019442133605480194
1458514255716786182,modelb,44,0.18265956536364678,0,0,0.10260432958602905
1321845326555176960,modelb,44,0.013027903901478378,0,0,0.020586008206009865
1633559221227642883,modelb,44,0.08270473162430447,0,0,0.08061524480581284
1586647573368037376,modelb,44,0.03080871220948292,1,1,0.9831679463386536
1241856213811412992,modelb,44,0.1374672128180724,0,0,0.012186042033135891
1647374538324189184,modelb,44,0.010147524103850274,0,1,0.7697447538375854
1345235597749854208,modelb,44,0.07845884320846826,1,1,0.9842272400856018
1239012712673411078,modelb,44,0.0,0,1,0.8722196221351624
1582437173277601792,modelb,44,0.12461592298988264,0,0,0.017253316938877106
1120591069526228997,modelb,44,0.13200260943326275,0,0,0.012512692250311375
1283422598613868546,modelb,44,0.04800803542684117,0,0,0.012700751423835754
1196747794264051713,modelb,44,0.07346359361889922,0,0,0.02262549288570881
1300022096064520193,modelb,44,0.011139811252154588,1,0,0.28759920597076416
1347894076318879744,modelb,44,0.11149355360840774,0,0,0.06915660947561264
1343348218743164928,modelb,44,0.14563309914712896,0,0,0.017843397334218025
1288266046248562689,modelb,44,0.1442156279667582,0,0,0.0486726388335228
1394273212100456448,modelb,44,0.03613665764458423,1,1,0.9842267632484436
1345212454469566466,modelb,44,0.06582088062441835,0,0,0.0483468659222126
1316806707725709314,modelb,44,0.04634594230314595,0,1,0.594058632850647
1274382276730802176,modelb,44,0.011188095625621067,0,1,0.6833899617195129
1630353342328107008,modelb,44,0.12281733212302755,0,0,0.023961227387189865
1518388184870178816,modelb,44,0.1446317167520659,0,0,0.011274946853518486
1597318794422411265,modelb,44,0.07419647925146843,0,0,0.029735583811998367
1297728264358813698,modelb,44,0.022029084485687214,0,0,0.0166484285145998
1092607702524743680,modelb,44,0.06698229792338137,0,0,0.03285320848226547
1558159706383912964,modelb,44,0.07854763805167712,0,0,0.013092671521008015
1574261143576535040,modelb,44,0.09160695329576485,1,1,0.9835631847381592
1401102417559580678,modelb,44,0.050078120132342564,0,0,0.06595563888549805
1308105045452390403,modelb,44,0.18883692454295375,0,0,0.022288938984274864
1508194787001831431,modelb,44,0.05751299572647442,0,0,0.020981276407837868
1232601234143678464,modelb,44,0.10567568858468293,0,0,0.25021737813949585
1283393408778870785,modelb,44,0.04752825100142186,0,0,0.024108892306685448
1515204878397849601,modelb,44,0.37622898296028096,0,0,0.01751278154551983
1542274011576602626,modelb,44,0.017649265877333956,0,1,0.9311654567718506
1293974461662793728,modelb,44,0.11569547952959489,0,0,0.04909762740135193
1211490408754270210,modelb,44,0.09830572064985282,0,0,0.01528781559318304
1097212292893196289,modelb,44,0.6309691362120097,1,1,0.9890133142471313
1581970735957872640,modelb,44,0.28576596935952303,0,0,0.01552108209580183
1225984535046840320,modelb,44,0.020771386975423058,1,1,0.96622633934021
1604186809625415680,modelb,44,0.006372161272685288,0,0,0.017658105120062828
1163972893765775365,modelb,44,0.3118790907930652,0,0,0.013957600109279156
1341775550189350912,modelb,44,0.0062433813912104175,0,0,0.031797200441360474
1286748877563891713,modelb,44,0.055984118648407244,0,0,0.017429526895284653
1460712630553923584,modelb,44,0.12955581830010385,0,0,0.01161776203662157
1477825713206177792,modelb,44,0.02002556416757188,0,0,0.02123851887881756
1284434882140176389,modelb,44,0.21843575110156913,1,1,0.9667591452598572
1255205589396979724,modelb,44,0.0261145385317374,0,0,0.01922241784632206
1449353935626588163,modelb,44,0.010753782952979487,0,0,0.034318748861551285
1287098479496634370,modelb,44,0.057254389204514325,0,0,0.013073878362774849
1241902809592803328,modelb,44,0.4669211954704062,1,1,0.9855207800865173
1235962772770283522,modelb,44,0.09714147898982113,0,0,0.02445150353014469
1448053433374740482,modelb,44,0.004449730291994377,0,0,0.021182814612984657
1282333713267859458,modelb,44,0.1687557967240247,1,1,0.859801709651947
1325795907514863622,modelb,44,0.008405778445288318,0,0,0.012829484418034554
1417228816808820741,modelb,44,0.1258634676711933,0,0,0.01698015257716179
1611744750368956416,modelb,44,0.07208410990492568,0,0,0.012993658892810345
1521292300260888578,modelb,44,0.0216229907118445,0,0,0.022301265969872475
1203555334805164033,modelb,44,0.44167426959670575,1,1,0.9866136908531189
1580245639979749377,modelb,44,0.07020767376392222,0,0,0.019349604845046997
1463578662922604548,modelb,44,0.28223832464014315,0,0,0.014491057023406029
1449684061912510466,modelb,44,0.02699512551223911,0,0,0.018571248278021812
1152034933176590336,modelb,44,0.3664053073900443,1,1,0.9854508638381958
1584558203626434560,modelb,44,0.12250616460168265,0,0,0.014286620542407036
1553717576458534912,modelb,44,0.05333556592621129,0,0,0.012518415227532387
1255567029551144964,modelb,44,0.0837220746984146,0,0,0.01572314277291298
1545151228413415425,modelb,44,0.4874898890368704,1,1,0.9858400821685791
1468967696523878410,modelb,44,0.06499086362694866,0,0,0.058744676411151886
1489845616750444545,modelb,44,0.03654100532013984,0,0,0.01610228605568409
1393522778440093700,modelb,44,0.04710335895250667,0,0,0.013111117295920849
1345567610780397570,modelb,44,0.016621420359140358,0,0,0.02725190483033657
1547669888851795979,modelb,44,0.5516103406825816,0,1,0.9534550309181213
1513201920797810690,modelb,44,0.12694436621727362,0,1,0.9013391137123108
1284847378499944449,modelb,44,0.03521306490394646,0,0,0.017778024077415466
1516924289143951360,modelb,44,0.5087330844146101,0,0,0.03451905772089958
1449714900805242883,modelb,44,0.17595857461874054,0,0,0.030259456485509872
1258707209304891392,modelb,44,0.00901611223078762,0,0,0.013255294412374496
1511107589932830723,modelb,44,0.028365575981305763,0,0,0.08529538661241531
1219921409415270400,modelb,44,0.009005737565540059,0,0,0.021169165149331093
1542857597589528577,modelb,44,0.0,1,1,0.9783523082733154
1620508837328588803,modelb,44,0.07653069928119853,1,0,0.021363424137234688
1144672451592413185,modelb,44,0.4028000332207511,1,1,0.9876585602760315
1198999631323115520,modelb,44,0.09329089923607832,0,0,0.026232415810227394
1365488105378230278,modelb,44,0.07161734065116425,0,0,0.02194230444729328
1637857580776312834,modelb,44,0.13286562377482114,1,0,0.03496084362268448
1539994279455719424,modelb,44,0.014066738938328781,0,0,0.06909897178411484
1551584334104215552,modelb,44,0.09398314971702504,0,0,0.012685990892350674
1283750313418055681,modelb,44,0.04261772809275153,0,0,0.01051382627338171
1392197387427274755,modelb,44,0.04942708635785267,0,0,0.02142575941979885
1233959222305607680,modelb,44,0.3118744209714537,1,1,0.9819350242614746
1625906106156429330,modelb,44,0.0038441731875330015,1,0,0.020854389294981956
1619534124024487937,modelb,44,0.007291011921313811,0,0,0.01602298952639103
1509027883716526080,modelb,44,0.005542316151730263,0,0,0.13647843897342682
1293924575890345985,modelb,44,0.05031781821224286,0,0,0.01756949909031391
1646011668751699972,modelb,44,0.17659397016892164,0,0,0.01860591396689415
1506007293728591873,modelb,44,0.12823163276182134,0,0,0.03310156986117363
1643707401512550400,modelb,44,0.011593551313300324,0,0,0.14280575513839722
1210275610813054976,modelb,44,0.05846964158236624,0,0,0.01334924902766943
1635345125575626752,modelb,44,0.0396340651094755,0,0,0.01222323626279831
1381927979090075651,modelb,44,0.14917605991207408,0,0,0.012250902131199837
1345012434608795650,modelb,44,0.004476180116320062,0,1,0.9546684622764587
1286035333755305984,modelb,44,0.045575202137461523,0,0,0.07973205298185349
1554196257270284294,modelb,44,0.057906543725023296,0,0,0.024589505046606064
1090985813398061056,modelb,44,0.6400388400031147,1,1,0.9853493571281433
1212830436012908544,modelb,44,0.2712809114594778,0,0,0.05165408179163933
1539054160896827392,modelb,44,0.008437323673842907,0,0,0.050344083458185196
1270774783958016005,modelb,44,0.09038888301551934,0,0,0.02142748050391674
1205464611157413888,modelb,44,0.15573440649690934,1,1,0.9793198704719543
1470443338213957637,modelb,44,0.009519475130887335,0,0,0.1983649581670761
1646682021396115456,modelb,44,0.03016190802877603,0,0,0.019572889432311058
1103688981038985217,modelb,44,0.02101075765690478,0,0,0.013583504594862461
1396961028102053893,modelb,44,0.04610467656312732,1,0,0.03122631087899208
1103013290916175874,modelb,44,0.03820291931040687,0,0,0.013929652981460094
1284764621560315904,modelb,44,0.03592151095767545,0,0,0.017192630097270012
1281292234013446145,modelb,44,0.03968432796612312,0,0,0.015493100509047508
1636400650786426883,modelb,44,0.2718710288261734,0,0,0.027494588866829872
1219628821881802753,modelb,44,0.06757005842546866,0,0,0.10971523076295853
1585465243727056896,modelb,44,0.0,0,0,0.05439688637852669
1517548575332265984,modelb,44,0.043454200551357666,0,0,0.02082485519349575
1223652621153722372,modelb,44,0.07949417173747551,0,0,0.016275139525532722
1106562886778998785,modelb,44,0.0,1,1,0.980076253414154
1518553007582892032,modelb,44,0.03529888587971568,0,0,0.023975612595677376
1397954044455391233,modelb,44,0.16131006126703118,0,0,0.0441577322781086
1252073855046352897,modelb,44,0.16839862799657163,0,0,0.026345087215304375
1515229140768546819,modelb,44,0.06380876327526816,1,1,0.5649225115776062
1542539148841607169,modelb,44,0.0359506940829967,0,0,0.3528047204017639
1427586547621236739,modelb,44,0.09911448567244086,0,0,0.015321684069931507
1177946201179578368,modelb,44,0.5194066988582853,0,1,0.8653860688209534
1253687689410416641,modelb,44,0.1076523137222573,0,0,0.020080452784895897
1222396158653259777,modelb,44,0.0038028752249856623,0,0,0.024942509829998016
1217246308743962624,modelb,44,0.06469970964089924,0,0,0.48220545053482056
1382668135690428419,modelb,44,0.011153732636037075,0,0,0.02284144051373005
1650582626758180865,modelb,44,0.0,0,0,0.03390352800488472
1252009084078997505,modelb,44,0.11388338588310082,1,0,0.015460795722901821
1248241876005724161,modelb,44,0.03602751525998962,0,0,0.018935294821858406
1543360155651391500,modelb,44,0.15229879885446268,0,1,0.9799321293830872
1318980851808481281,modelb,44,0.11955135029753251,0,0,0.017326129600405693
1397587532574040069,modelb,44,0.013756427049998403,0,0,0.013940953649580479
1466454112279662604,modelb,44,0.24085647953455003,0,0,0.012756196781992912
1526762269064974346,modelb,44,0.39293752636384277,1,1,0.8676846623420715
1566132180467814400,modelb,44,0.03837854381913167,0,0,0.01574604958295822
1644717646246473736,modelb,44,0.2812780735348303,0,0,0.013307029381394386
1573081978949505024,modelb,44,0.053870870721844544,1,0,0.3103642761707306
1544818240484155392,modelb,44,0.0347651889213127,0,0,0.04361123964190483
1121874377631465474,modelb,44,0.3022294615444924,0,0,0.015449258498847485
1291623819572989955,modelb,44,0.17124838623649621,1,0,0.12127896398305893
1580600904746962945,modelb,44,0.0828529564183272,1,1,0.9853604435920715
1428807603031789569,modelb,44,0.03664711878249043,0,0,0.1285761147737503
1109061649242226688,modelb,44,0.041419305212307536,0,0,0.030187882483005524
1392756158914600960,modelb,44,0.023885575467308566,0,0,0.029711702838540077
1133067761184378885,modelb,44,0.44259084049163566,1,1,0.9889580011367798
1468658508014911492,modelb,44,0.14918198995217052,0,0,0.01906493864953518
1579549222038560768,modelb,44,0.2833317817877477,0,0,0.017034273594617844
1644465858670993409,modelb,44,0.01825863377678306,1,1,0.5175981521606445
1506076192130191360,modelb,44,0.060282321651814345,0,0,0.013828000985085964
1159696677130948608,modelb,44,0.1924497307790918,0,0,0.013489910401403904
1633114503305936899,modelb,44,0.057584575668113064,0,1,0.9734687209129333
1128058851188670470,modelb,44,0.07255502288490286,0,0,0.03925477713346481
1296858111521648640,modelb,44,0.4528413989301124,0,1,0.9763918519020081
1187403288007888898,modelb,44,0.0,0,0,0.026147814467549324
1458036894860775426,modelb,44,0.010401622393029468,0,0,0.01692732609808445
1356378388164976645,modelb,44,0.04775241669105134,0,0,0.03650578856468201
1517749284304695298,modelb,44,0.0007874561342319402,0,0,0.2257799208164215
1256562515288494082,modelb,44,0.1656433441550285,0,0,0.012908504344522953
1526056251007852544,modelb,44,0.004074714369462027,0,0,0.03652290999889374
1352771322863116288,modelb,44,0.11290742052287925,0,1,0.911296010017395
1393789126772543490,modelb,44,0.20924537986632455,0,0,0.014539049006998539
1360239202827403267,modelb,44,0.24856019640471055,0,0,0.01589532569050789
1353190490305392640,modelb,44,0.1593500749201832,0,0,0.308921754360199
1357201397838618624,modelb,44,0.21335189836338658,0,0,0.01826041378080845
1255823949532987397,modelb,44,0.006019128227118229,1,0,0.020833393558859825
1272891981480497152,modelb,44,0.12968617525642748,0,0,0.010883462615311146
1354349851581034498,modelb,44,0.21828402355022009,0,0,0.01764756254851818
1120663055526957062,modelb,44,0.13127141926132493,0,0,0.025728704407811165
1283401552032456705,modelb,44,0.08166382983079283,0,0,0.01571374386548996
1524755538415861761,modelb,44,0.04889350445961835,0,0,0.3854709565639496
1399745357555322889,modelb,44,0.052564616662995244,0,0,0.06864089518785477
1519841120473202688,modelb,44,0.13576120323757138,0,0,0.016357434913516045
1300150538668060674,modelb,44,0.12692128611313033,0,0,0.023902926594018936
1209982157982248961,modelb,44,0.1833321376076309,0,1,0.7373517751693726
1645009221635694593,modelb,44,0.015180329435466731,1,1,0.9840481281280518
1215515751496339456,modelb,44,0.06943409381814515,0,0,0.025888172909617424
1426471423086764033,modelb,44,0.11437784824679513,1,1,0.9824507832527161
1232887804969078789,modelb,44,0.0730969770395871,1,1,0.9696434140205383
1407469081494757382,modelb,44,0.07073395168402545,0,0,0.0125307347625494
1470482593539837954,modelb,44,0.012102205714321438,0,0,0.02195727452635765
1413068266759655427,modelb,44,0.20992806545665132,0,0,0.01627284102141857
1229152388851929091,modelb,44,0.006973843818751938,0,0,0.0304880291223526
1286027681230753793,modelb,44,0.1573623529082954,0,0,0.03172457963228226
1415047667613327369,modelb,44,0.16746601779605463,0,0,0.2876904308795929
1394017841121308673,modelb,44,0.006553613789198059,1,1,0.9826179146766663
1085296318040473600,modelb,44,0.014483720994036008,0,0,0.01685733161866665
1434894931143929858,modelb,44,0.001059147006995615,0,0,0.020754192024469376
1256536483332317184,modelb,44,0.05788500515346501,0,0,0.016764115542173386
1600224079482454016,modelb,44,0.06072010955319684,0,0,0.026161279529333115
1567171489509564416,modelb,44,0.14227274150258976,0,0,0.021633582189679146
1556401396651397120,modelb,44,0.019782401519692516,0,0,0.01876869611442089
1258474383900893189,modelb,44,0.09976928634432689,0,0,0.02451137639582157
1207550765260132353,modelb,44,0.19354811223425966,0,0,0.01678038388490677
1449058322360020992,modelb,44,0.4022896009522882,0,0,0.01455275435000658
1455148755435630594,modelb,44,0.2297969387968875,0,0,0.013958138413727283
1223994516903997444,modelb,44,0.12248058358526981,0,0,0.018675291910767555
1284281138467319808,modelb,44,0.13669982256630744,0,0,0.06647080183029175
1578140790592782336,modelb,44,0.015344164810736291,1,0,0.031070133671164513
1222708257648594944,modelb,44,0.02121569649378438,0,0,0.01759875752031803
1250166932768088064,modelb,44,0.4937118447797038,1,1,0.9895510077476501
1232852903909441537,modelb,44,0.30994276970612394,1,1,0.988573431968689
1311402290167783424,modelb,44,0.066711552779117,0,0,0.02880513109266758
1245701249732734977,modelb,44,0.2132563704697764,1,0,0.024865562096238136
1212868104658849795,modelb,44,0.07936697655744136,0,0,0.022897424176335335
1352210396833337345,modelb,44,0.04048609424128919,0,0,0.023506591096520424
1241946825055141889,modelb,44,0.06494883552659272,0,0,0.011255884543061256
1260225918980816902,modelb,44,0.12414019668970515,0,0,0.018801497295498848
1393777583414669317,modelb,44,0.12183587609692559,0,0,0.010620652697980404
1229308060419514369,modelb,44,0.39225234439026896,0,0,0.011150284670293331
1229222882112348166,modelb,44,0.11271949980992041,0,0,0.019269434735178947
1588261196573986816,modelb,44,0.00884689961311148,1,1,0.9814903736114502
1462395459557810176,modelb,44,0.04003185736244434,0,0,0.03132779896259308
1442869344946454529,modelb,44,0.02213073162444841,0,0,0.024267779663205147
1255605234619072519,modelb,44,0.048091708697072515,0,0,0.08182628452777863
1499012058175655938,modelb,44,0.05426335055490051,0,0,0.02918323129415512
1462851931945283589,modelb,44,0.37359301699049086,0,0,0.012713829055428505
1247576003800686600,modelb,44,0.041208094007304755,0,0,0.021162748336791992
1104601295523000323,modelb,44,0.22628374303416526,1,1,0.7885313630104065
1263682260768681986,modelb,44,0.18614191078705292,0,0,0.12311957031488419
1123871012746092545,modelb,44,0.33813448918411265,0,0,0.01222304068505764
1600150773924450304,modelb,44,0.037682039893520064,0,1,0.9216964244842529
1236854787334909953,modelb,44,0.2780416447099497,0,0,0.020035158842802048
1397658343041339392,modelb,44,0.13450742166821714,0,0,0.10861624032258987
1454323555420803073,modelb,44,0.05435855182018805,0,0,0.08262792229652405
1619614295335239680,modelb,44,0.000942030493588932,0,0,0.025194939225912094
1345745635924992000,modelb,44,0.1412430560551021,1,0,0.11912988126277924
1219355089854439424,modelb,44,0.13575990024204607,1,0,0.2963661253452301
1233846578366078986,modelb,44,0.10007641426842606,1,1,0.9778344631195068
1310174329653530624,modelb,44,0.17238250833870014,0,0,0.030794529244303703
1421844891404062726,modelb,44,0.23712969795957614,0,0,0.031636014580726624
1393372156482949129,modelb,44,0.3918789206115369,0,1,0.8560163378715515
1267842168128966657,modelb,44,0.045623367220850385,0,1,0.5297744274139404
1555651653453348865,modelb,44,0.18403039750132955,0,0,0.03544666990637779
1389360261270806533,modelb,44,0.16636047535506043,0,0,0.026208266615867615
1576232372063772672,modelb,44,0.05415017973908786,0,0,0.02587243542075157
1518769899996606464,modelb,44,0.156991808858778,0,0,0.025888701900839806
1298736963000901632,modelb,44,0.032106238193080505,0,0,0.12332543730735779
1194722327952547844,modelb,44,0.12672278007786872,1,1,0.9812514781951904
1604141984712531968,modelb,44,0.03885536599105244,1,1,0.5878292322158813
1266753810392854529,modelb,44,0.044088918593070736,0,0,0.025841539725661278
1417123755390689287,modelb,44,0.20866982961041078,0,0,0.03757394105195999
1288838940569620483,modelb,44,0.02939896393586227,0,0,0.0273079015314579
1412564686516666369,modelb,44,0.025606864926182797,0,0,0.013912017457187176
1376823894569443329,modelb,44,0.039822530455298294,0,0,0.014642944559454918
1369368335532589061,modelb,44,0.11112044610782991,0,0,0.01850159652531147
1224738215652814849,modelb,44,0.1319790213818128,0,0,0.01675538346171379
1185557829501018114,modelb,44,0.2374143848187011,1,0,0.01715782657265663
1274205440239374337,modelb,44,0.3124684874384927,0,0,0.013696580193936825
1509567860095569937,modelb,44,0.023743918800880906,0,0,0.019903235137462616
1457557396973187088,modelb,44,0.127124417015727,0,0,0.014727478846907616
1238978053633716226,modelb,44,0.15862144206423723,0,0,0.012817207723855972
1137416842560118784,modelb,44,0.02858736253890491,0,0,0.015971841290593147
1474945563271606273,modelb,44,0.08786723486992398,0,0,0.010767477564513683
1601901750096924674,modelb,44,0.1252465083447317,0,0,0.032540831714868546
1249002861129863170,modelb,44,0.10677154901580035,0,0,0.028538808226585388
1289575405611921411,modelb,44,0.05891929915598954,0,0,0.020564118400216103
1263521952364474368,modelb,44,0.1671115849218069,0,0,0.09628418833017349
1468332039216803847,modelb,44,0.10337273943649661,0,0,0.023530172184109688
1487758635275014149,modelb,44,0.22897751415269435,0,0,0.03371352329850197
1609464228045365248,modelb,44,0.0,0,0,0.03737321496009827
1355618686770569219,modelb,44,0.016956352730472146,0,0,0.017541060224175453
1232922381544386560,modelb,44,0.18251637643258642,1,1,0.987319827079773
1345353737368457221,modelb,44,0.42994866448048,0,0,0.047872863709926605
1263926391474491392,modelb,44,0.021914927390243137,0,1,0.9816856384277344
1262954263384334338,modelb,44,0.061127526723519364,0,0,0.013157039880752563
1355356438714003459,modelb,44,0.05797920368842915,0,0,0.01242324709892273
1478755285934252032,modelb,44,0.055310960592473285,0,0,0.02638179436326027
1247933746881462273,modelb,44,0.038647713857048904,0,0,0.41677823662757874
1114201210960085002,modelb,44,0.041680185210277935,0,0,0.01173129677772522
1567548400983228421,modelb,44,0.03835588624152485,1,0,0.04175129532814026
1393566849275555845,modelb,44,0.05316365083345844,0,0,0.03100760467350483
1440444267135004681,modelb,44,0.21478318479574832,0,0,0.03255479410290718
1569022602882039812,modelb,44,0.03170632816600754,0,0,0.028662558645009995
1268796619761291264,modelb,44,0.024527488074121414,0,0,0.03049168922007084
1466588575697309698,modelb,44,0.25991962676969554,0,0,0.020159950479865074
1358471344753569792,modelb,44,0.16174693163030324,0,1,0.8816648125648499
1466314626426146818,modelb,44,0.011036806944134255,0,0,0.014554874040186405
1559265728037109765,modelb,44,0.33095451457673236,0,0,0.03483389690518379
1285236887599419392,modelb,44,0.057075781797544634,0,0,0.01114674098789692
1421202358105690121,modelb,44,0.07267685540584916,0,0,0.022796688601374626
1230462416368099328,modelb,44,0.25189279493757305,0,0,0.012888936325907707
1276280108278415360,modelb,44,0.06988724199457115,0,0,0.02419639378786087
1251955772797399044,modelb,44,0.20854818556706342,0,0,0.01839360035955906
1252583581685252097,modelb,44,0.054290004324852474,0,0,0.01581318862736225
1564590802348949504,modelb,44,0.0,0,0,0.030563779175281525
1566917637564768256,modelb,44,0.011228585972613161,0,0,0.01908060535788536
1599649990762434560,modelb,44,0.023142861009834176,0,0,0.021952226758003235
1575021890040537090,modelb,44,0.033918008717102176,0,0,0.281394898891449
1645040637119438848,modelb,44,0.24513808756065222,0,0,0.014031952247023582
1594193136632623104,modelb,44,0.03899461241668556,0,0,0.12516748905181885
1188204586290561026,modelb,45,0.04115425674277211,1,1,0.9990069270133972
1393758809622032390,modelb,45,0.0068676716984761915,0,0,0.0008144928142428398
1229832103891595264,modelb,45,0.02882501871406429,0,0,0.0009746073046699166
1125194075316064256,modelb,45,0.17984601529308883,0,1,0.6512265801429749
1523450483053973504,modelb,45,0.09745081765855708,0,0,0.0010269001359120011
1345256046571495424,modelb,45,0.0516754892155352,0,0,0.0009023064631037414
1236714045341929481,modelb,45,0.2761107343944669,0,0,0.001965087838470936
1394295651266187265,modelb,45,0.046843889148280665,0,1,0.8936354517936707
1154438465280516096,modelb,45,0.02430468563302359,0,0,0.0009976493893191218
1619516286312263681,modelb,45,0.08887300013942272,0,1,0.8597208857536316
1396537342085718017,modelb,45,0.030486059906865533,0,0,0.0027766742277890444
1443682627614093314,modelb,45,0.006496581358798148,0,0,0.0011603882303461432
1465147721724178432,modelb,45,0.0368552707539852,1,1,0.9988538026809692
1255492458164752387,modelb,45,0.1367251531259346,0,0,0.0017515269573777914
1290986576667869185,modelb,45,0.32875368071702543,0,0,0.00877013336867094
1514288582332145670,modelb,45,0.09097068832604728,0,0,0.06942317634820938
1272357521324474368,modelb,45,0.046665411046373395,0,0,0.0007851888658478856
1487252560700481537,modelb,45,0.34281508263522825,0,0,0.0699683278799057
1273740261621809154,modelb,45,0.022133163169754867,0,0,0.0013452472630888224
1317661755363921920,modelb,45,0.10621363044531802,0,0,0.002293723402544856
1468405253758406661,modelb,45,0.04420774678715909,0,0,0.007830501534044743
1514920455643279365,modelb,45,0.03848396411392763,0,0,0.0009299558587372303
1291784215021805569,modelb,45,0.04405133652188881,0,0,0.0059953718446195126
1357469393727365122,modelb,45,0.0024004866066688357,0,0,0.002339512575417757
1248174910977040385,modelb,45,0.24960816640279462,0,0,0.001225398271344602
1287073267526897666,modelb,45,0.08122920899360228,0,0,0.0009131020633503795
1116066316874670081,modelb,45,0.04034725492740441,1,1,0.9990043044090271
1296511371367124992,modelb,45,0.09775997718764257,0,0,0.0033300186041742563
1345166234330017792,modelb,45,0.0012372869218637136,0,0,0.0013298316625878215
1245501628112867328,modelb,45,0.06936909487568145,0,0,0.0015869922935962677
1578931526238343168,modelb,45,0.04859280498166716,0,0,0.000968921696767211
1286957308447260673,modelb,45,0.030219257622311882,1,1,0.9989676475524902
1393552840891719685,modelb,45,0.06631270387067753,0,0,0.0017771595157682896
1262815859732611075,modelb,45,0.16200694942940752,1,1,0.9928274750709534
1599404086688092160,modelb,45,0.10045606790519117,0,0,0.002375579671934247
1648029372983439367,modelb,45,0.01862205516779497,0,0,0.0008754589944146574
1265957010501230593,modelb,45,0.048149052755778826,0,0,0.0011892704060301185
1246464469087256576,modelb,45,0.24806667379184447,1,0,0.003957534208893776
1211183459105796098,modelb,45,0.024666469957994985,0,0,0.0009502263856120408
1118338313876844544,modelb,45,0.04376324907350798,0,0,0.0012550378451123834
1135216071525511173,modelb,45,0.003938089427134177,0,0,0.0022338309790939093
1527387745693224986,modelb,45,0.003345600922725125,0,0,0.0015650504501536489
1232990916899561473,modelb,45,0.18772128027076362,1,1,0.9989181756973267
1345987250904068096,modelb,45,0.013663858836400382,0,0,0.0007456977618858218
1546816084149501953,modelb,45,0.01415945951582012,0,0,0.0009086611680686474
1457806433853005827,modelb,45,0.008966717972302198,0,0,0.010354998521506786
1402937907342544899,modelb,45,0.11626672602124007,0,0,0.000931977410800755
1603080434526859264,modelb,45,0.05294726920975539,0,0,0.16826879978179932
1109748138515054592,modelb,45,0.0828519013037602,1,1,0.9990298748016357
1488409288750284801,modelb,45,0.0133584775047105,0,0,0.001397396670654416
1532553712199245827,modelb,45,0.20477270942370504,0,0,0.005319022107869387
1491463980329570304,modelb,45,0.13536360791368784,0,0,0.0016542089870199561
1611222836924010498,modelb,45,0.07915823980581198,0,0,0.0024716954212635756
1537808851155795975,modelb,45,0.03580301750574699,0,0,0.0012181306956335902
1630179384375263232,modelb,45,0.04552362881921393,0,0,0.0010628498857840896
1393745779857272832,modelb,45,0.06739977126940144,1,1,0.9986584186553955
1509126359607660551,modelb,45,0.058354882575271015,0,0,0.0010371804237365723
1126878156294586368,modelb,45,0.016908048999773974,0,0,0.0011340004857629538
1225297729506594818,modelb,45,0.017904570080678726,0,0,0.016342919319868088
1394107831834476547,modelb,45,0.1768138527282934,0,0,0.0038449668791145086
1260269776150159360,modelb,45,0.10157024796091234,0,0,0.002102426253259182
1488747638602153986,modelb,45,0.09419117423878806,0,0,0.0012888401979580522
1270348242543423488,modelb,45,0.12611387646201289,0,0,0.0011054043425247073
1244176666802479104,modelb,45,0.05405005520237618,0,0,0.0008874065824784338
1539951759405109249,modelb,45,0.009655264424244058,0,0,0.011463683098554611
1395747592307417092,modelb,45,0.006714720282672883,0,0,0.04257156327366829
1508152963587579909,modelb,45,0.012031487538510532,0,0,0.0010590350721031427
1224025761092448257,modelb,45,0.27215977199116015,0,0,0.012030134908854961
1263867135194996737,modelb,45,0.004283683292545679,0,0,0.0007949387072585523
1577071902572818434,modelb,45,0.0685721884860103,0,0,0.0014342006761580706
1508857749089787912,modelb,45,0.06412446280931908,0,0,0.0008031876641325653
1224373966363512833,modelb,45,0.10384553956364471,0,0,0.0014049246674403548
1103282085832343555,modelb,45,0.17332396078551968,0,0,0.0008459991659037769
1109170436078817282,modelb,45,0.07824127004008037,0,0,0.001435493235476315
1098057857482641408,modelb,45,0.40332229687007043,1,1,0.9989733695983887
1261011012100198404,modelb,45,0.0,1,1,0.9941347241401672
1237111189722640385,modelb,45,0.06000188152151942,0,0,0.0009176198509521782
1115609269838024704,modelb,45,0.23113820690361467,0,0,0.0015923186438158154
1293886666080260097,modelb,45,0.03188515162940296,0,0,0.0008373971795663238
1395833782863814657,modelb,45,0.0,0,0,0.0010131862945854664
1247909286568701958,modelb,45,0.046537702131124035,0,0,0.0010645027505233884
1352044283587489792,modelb,45,0.012148053646618027,0,0,0.001315553905442357
1258110002906136578,modelb,45,0.18089908039608296,0,0,0.0008304370567202568
1461202741666140161,modelb,45,0.16963470755488924,0,0,0.025415057316422462
1258017440362979332,modelb,45,0.10365211292863002,0,0,0.0009670016006566584
1393327980387131398,modelb,45,0.08826980336546605,0,0,0.001077453256584704
1648322447089840140,modelb,45,0.08090948535153909,0,1,0.6075074672698975
1356256969359822851,modelb,45,0.0005226381603061665,0,0,0.001636670669540763
1199437211772575744,modelb,45,0.07594420237973307,0,0,0.0020028739236295223
1345112406326915074,modelb,45,0.028447514871914405,0,0,0.0007320768781937659
1345737420101324806,modelb,45,0.018496404355622928,0,0,0.0013746931217610836
1392990438546710533,modelb,45,0.0780738889017921,0,0,0.2533062696456909
1451592600918663172,modelb,45,0.07580725403033259,0,0,0.0007994187762960792
1547841356113948674,modelb,45,0.0,0,0,0.0012374864891171455
1313636764506968064,modelb,45,0.06386943184092382,0,0,0.0008749077096581459
1354461395862040576,modelb,45,0.004396145048176912,0,0,0.0008283798233605921
1255336798319972356,modelb,45,0.07082143775753676,0,0,0.0007892449502833188
1346224388128051200,modelb,45,0.02709169524731385,0,0,0.0012414935044944286
1193142802965782528,modelb,45,0.10225487534673466,1,1,0.9989847540855408
1392146737423290368,modelb,45,0.05055570536959902,0,0,0.011888672597706318
1226462657177210880,modelb,45,0.18288352454265278,1,0,0.013997084461152554
1345755511002689545,modelb,45,0.06437954233022915,1,1,0.9987342953681946
1593588138030804992,modelb,45,0.053128997718826024,0,0,0.001807903521694243
1641175481511714816,modelb,45,0.08696030873519829,0,0,0.05942939221858978
1565180170016735233,modelb,45,0.0,0,0,0.0018030786886811256
1577125319710248960,modelb,45,0.031975422550999624,0,0,0.001101602567359805
1548349221429866498,modelb,45,0.04342229623322981,0,0,0.0007878573960624635
1298217767297003521,modelb,45,0.02162881705105784,0,0,0.002968400716781616
1124008705845026823,modelb,45,0.016178732425467184,0,0,0.0008373305317945778
1246121373472378880,modelb,45,0.03177682347265747,1,1,0.9981695413589478
1345778047421562880,modelb,45,0.014008554939228582,1,1,0.9990309476852417
1444988795108139008,modelb,45,0.07403773337597849,1,0,0.006682056002318859
1275278623860305922,modelb,45,0.17750421208256678,0,0,0.012446827255189419
1223263760950775808,modelb,45,0.13131695007389604,0,0,0.0015663056401535869
1466446193337196552,modelb,45,0.16248436269301209,0,0,0.0011408383725211024
1512367141198213123,modelb,45,0.019742336428300148,0,0,0.0008164109312929213
1451346708579897345,modelb,45,0.21522559923799264,0,0,0.0008745052618905902
1359732117211668481,modelb,45,0.014390433140928681,0,0,0.002502875169739127
1204634292044697600,modelb,45,0.09573879887826325,0,0,0.001054687425494194
1242197959413989377,modelb,45,0.1362457624904803,0,0,0.001465486828237772
1345415514424750083,modelb,45,0.018435897141033938,0,0,0.007385815493762493
1628172722969751552,modelb,45,0.22956604498374603,0,1,0.9671082496643066
1123014488888893440,modelb,45,0.01908164553551741,0,0,0.0012301028473302722
1345690021563654144,modelb,45,0.004593653888431949,0,0,0.008514337241649628
1504459560207147011,modelb,45,0.005259882219025421,0,0,0.02599090151488781
1507052730803802122,modelb,45,0.12536895783475385,0,0,0.006543479394167662
1270803144147075075,modelb,45,0.15222850721653974,1,1,0.9988976716995239
1274310552161079297,modelb,45,0.16451547589521334,0,0,0.0009753374615684152
1564334956100423680,modelb,45,0.016564177823079222,0,0,0.0036181872710585594
1388425054665510912,modelb,45,0.15532484370942348,0,0,0.003156950930133462
1585359766754586624,modelb,45,0.02594500177618656,1,1,0.9989563226699829
1463617131946205187,modelb,45,0.11733570448343676,1,1,0.9329580068588257
1222296463822049281,modelb,45,0.20708183808446634,0,0,0.00100999535061419
1218986472197566464,modelb,45,0.08006488850054466,0,0,0.002024737885221839
1594755480441733131,modelb,45,0.6281924558321814,1,1,0.9984530210494995
1508215661482463238,modelb,45,0.03836550091953581,0,0,0.0027709484566003084
1216725210507902979,modelb,45,0.018047038920330292,0,0,0.0009353065397590399
1192249138957582338,modelb,45,0.10215768538711265,0,0,0.0008827598067000508
1452130397932998657,modelb,45,0.021006877078999956,0,0,0.0010287801269441843
1117368474597318661,modelb,45,0.07955804365820539,0,0,0.0011610996443778276
1491416161812361216,modelb,45,0.07948331859222434,0,0,0.02023223787546158
1307141355915927553,modelb,45,0.2301852870559237,1,0,0.006369500886648893
1519509018271789056,modelb,45,0.0,0,0,0.004846734460443258
1482268883465777157,modelb,45,0.0630130480851003,0,0,0.00257268943823874
1291416524264222721,modelb,45,0.10025393033751104,0,0,0.0009018359123729169
1530459713028390913,modelb,45,0.030557908287608133,0,0,0.0008646617061458528
1606670420719067139,modelb,45,0.03379081312416305,1,0,0.001786081469617784
1514890228493963265,modelb,45,0.0,0,0,0.002867995761334896
1499672184414998536,modelb,45,0.0676806291158871,0,0,0.005223129875957966
1347316666028478466,modelb,45,0.02436346461439567,0,0,0.002286030910909176
1648058784890372097,modelb,45,0.07110729019554173,0,0,0.0007801114115864038
1227781168109506560,modelb,45,0.11500661408204049,0,0,0.0019129614811390638
1379807592143290370,modelb,45,0.03255825245794275,0,0,0.0008165987674146891
1487026637099126784,modelb,45,0.016492971264966322,0,0,0.0017550453776493669
1355165540453642240,modelb,45,0.02006729990739843,0,0,0.0015019801212474704
1298413749121024004,modelb,45,0.1525689748043338,0,0,0.0015126337530091405
1575263521750847491,modelb,45,0.0,0,0,0.0016236138762906194
1233438028846125058,modelb,45,0.07074294476819028,0,0,0.0010783517500385642
1628082486772215841,modelb,45,0.20339021455709566,0,0,0.007097933907061815
1399046300872675328,modelb,45,0.17491299754310638,0,0,0.0022186452988535166
1259954791591133185,modelb,45,0.014461451718750098,1,0,0.001740741659887135
1586732526223040512,modelb,45,0.11977025956655117,0,0,0.0014099556719884276
1445380143384514561,modelb,45,0.0699037516664936,0,0,0.0018887689802795649
1498475514394288129,modelb,45,0.0032448471605627457,0,0,0.0008177161798812449
1190205141380583424,modelb,45,0.2652440514486293,1,1,0.9988490343093872
1377716013916172292,modelb,45,0.025952203735178436,0,0,0.0007973394822329283
1355641493956874241,modelb,45,0.20276727445480777,0,0,0.0024348061997443438
1393667052968333318,modelb,45,0.0006640890268168485,0,0,0.06486444920301437
1587412786375557120,modelb,45,0.16092284545196148,1,1,0.9984498023986816
1300489088198496258,modelb,45,0.027895075065037384,0,0,0.0010890730191022158
1637493415016296449,modelb,45,0.029649865263768338,0,0,0.0012609907425940037
1380751228171354112,modelb,45,0.07079302789568614,0,0,0.0010246670572087169
1120860417645895680,modelb,45,0.3551875985435012,1,1,0.9868926405906677
1319668055367208961,modelb,45,0.010253934217842419,0,0,0.0007615105132572353
1392520237539549188,modelb,45,0.14604625349968098,0,0,0.0018989171367138624
1397398267806236676,modelb,45,0.09933428054626178,0,0,0.0009103163029067218
1407216852875452443,modelb,45,0.013497716146361468,0,0,0.0008839011425152421
1393616932696432640,modelb,45,0.1095012759930858,0,0,0.0008794038440100849
1445042996408246275,modelb,45,0.031049527078813872,1,1,0.9989713430404663
1592051401177591808,modelb,45,0.0018951743685518062,1,0,0.0013605095446109772
1297284021282537472,modelb,45,0.19790709336917806,0,0,0.00147591985296458
1639011015076478977,modelb,45,0.030948965368135573,0,0,0.0032611005008220673
1405155653988098056,modelb,45,0.1448128659850967,0,0,0.0013467291137203574
1298280815273672705,modelb,45,0.09231989297548303,0,0,0.0037957429885864258
1600473720186773505,modelb,45,0.2045674395949286,1,1,0.9906801581382751
1469703539081449472,modelb,45,0.020579228795131986,0,0,0.0007995314663276076
1268558839214899201,modelb,45,0.01712649012253382,0,0,0.0009266316192224622
1345451046475354112,modelb,45,0.0663454238653903,1,1,0.9987290501594543
1270982396121214978,modelb,45,0.012858621461136484,1,0,0.0014327946119010448
1411961344962686978,modelb,45,0.056707484126643726,0,0,0.0007851839764043689
1276793702472716289,modelb,45,0.030482368158686213,0,0,0.0009008607594296336
1556353135844679680,modelb,45,0.15861329795436793,0,1,0.9980785846710205
1293954705257684992,modelb,45,0.03411125877112793,0,0,0.008421629667282104
1171163784762839042,modelb,45,0.06052370706468869,0,0,0.0008706847438588738
1122994928299036677,modelb,45,0.06268482688710275,1,1,0.9989019632339478
1298402312868724736,modelb,45,0.00847681673283245,0,0,0.0014689797535538673
1286786961542455298,modelb,45,0.04283160678541818,0,0,0.0009388228645548224
1396689194106294278,modelb,45,0.07303174540248741,0,0,0.01568455807864666
1563287160908042241,modelb,45,0.1822992654108597,0,0,0.021991554647684097
1541730204648935425,modelb,45,0.03801665322624738,1,1,0.9988516569137573
1268895623278850050,modelb,45,0.17635817447224048,0,0,0.0008796029142104089
1451370158367264777,modelb,45,0.07191962399718173,0,1,0.9722563028335571
1491958977667682308,modelb,45,0.11888768567357773,0,0,0.0014647947391495109
1396966089708425218,modelb,45,0.08045054898116327,0,0,0.0008091597119346261
1442978128394014722,modelb,45,0.07549426307109833,0,0,0.0015860043931752443
1458514255716786182,modelb,45,0.004456177037758742,0,0,0.0009736866340972483
1321845326555176960,modelb,45,0.021697227966798037,0,0,0.0011709661921486259
1633559221227642883,modelb,45,0.20587574822894447,0,0,0.0023200635332614183
1586647573368037376,modelb,45,0.029101295605208584,1,1,0.9990381002426147
1241856213811412992,modelb,45,0.07081307336194914,0,0,0.000775741005782038
1647374538324189184,modelb,45,0.03840823368695757,0,1,0.9923973679542542
1345235597749854208,modelb,45,0.009500235342905953,1,1,0.9989228844642639
1239012712673411078,modelb,45,0.0,0,1,0.76007479429245
1582437173277601792,modelb,45,0.23164254921659178,0,0,0.0008628552895970643
1120591069526228997,modelb,45,0.08730634865836363,0,0,0.0008786102407611907
1283422598613868546,modelb,45,0.015884238495454454,0,0,0.0006571151898242533
1196747794264051713,modelb,45,0.10979346915609595,0,0,0.21672427654266357
1300022096064520193,modelb,45,0.15226899132675445,1,0,0.009847861714661121
1347894076318879744,modelb,45,0.029895929754081205,0,0,0.013604438863694668
1343348218743164928,modelb,45,0.048303287023105185,0,0,0.0007653638022020459
1288266046248562689,modelb,45,0.05994725534446936,0,0,0.0012120867613703012
1394273212100456448,modelb,45,0.0368099263571287,1,1,0.9988964796066284
1345212454469566466,modelb,45,0.07287032242617492,0,0,0.0020254114642739296
1316806707725709314,modelb,45,0.004361063386698734,0,0,0.0020724586211144924
1274382276730802176,modelb,45,0.06316169092844218,0,0,0.0040264129638671875
1630353342328107008,modelb,45,0.10730868286924895,0,0,0.0010416106088086963
1518388184870178816,modelb,45,0.016748079288285995,0,0,0.0008384606917388737
1597318794422411265,modelb,45,0.055740405245907426,0,0,0.0012611696729436517
1297728264358813698,modelb,45,0.011609219366341284,0,0,0.0009118049638345838
1092607702524743680,modelb,45,0.04776285747247198,0,0,0.0009518570150248706
1558159706383912964,modelb,45,0.15719032211533807,0,0,0.0007198711391538382
1574261143576535040,modelb,45,0.046102009452117045,1,1,0.9990113973617554
1401102417559580678,modelb,45,0.017165802719572392,0,0,0.0011404259130358696
1308105045452390403,modelb,45,0.06040150189329654,0,0,0.0020028299186378717
1508194787001831431,modelb,45,0.03327524274810233,0,0,0.002424732083454728
1232601234143678464,modelb,45,0.1562960388258159,0,1,0.9948693513870239
1283393408778870785,modelb,45,0.01790536321973858,0,0,0.0013532513985410333
1515204878397849601,modelb,45,0.09187281536750343,0,0,0.0009121677139773965
1542274011576602626,modelb,45,0.03564263179556887,0,0,0.0536690317094326
1293974461662793728,modelb,45,0.03524468099427847,0,0,0.05782543122768402
1211490408754270210,modelb,45,0.042566524656042014,0,0,0.0007626077858731151
1097212292893196289,modelb,45,0.4557045343557964,1,1,0.9988620281219482
1581970735957872640,modelb,45,0.09527996542324137,0,0,0.004378933925181627
1225984535046840320,modelb,45,0.002520661535319121,1,1,0.9985920786857605
1604186809625415680,modelb,45,0.04150414538190022,0,0,0.0009152561542578042
1163972893765775365,modelb,45,0.1797775609081828,0,0,0.0008260695030912757
1341775550189350912,modelb,45,0.15026813223604124,0,0,0.0017160631250590086
1286748877563891713,modelb,45,0.13089209511422864,0,0,0.002578224753960967
1460712630553923584,modelb,45,0.05536068844622005,0,0,0.0008647075155749917
1477825713206177792,modelb,45,0.00547272389322981,0,0,0.00150748947635293
1284434882140176389,modelb,45,0.0947954745213946,1,1,0.9948171973228455
1255205589396979724,modelb,45,0.03759280189354189,0,0,0.0008163669845089316
1449353935626588163,modelb,45,0.03805502611461724,0,0,0.0014158085687085986
1287098479496634370,modelb,45,0.058174095288877535,0,0,0.0015136963920667768
1241902809592803328,modelb,45,0.4242720088872507,1,1,0.9989603757858276
1235962772770283522,modelb,45,0.08764503784858162,0,0,0.0008952411008067429
1448053433374740482,modelb,45,0.01769082181276598,0,0,0.0009990747785195708
1282333713267859458,modelb,45,0.06971926107076787,1,1,0.9986792206764221
1325795907514863622,modelb,45,0.15062487518497183,0,0,0.0009791026823222637
1417228816808820741,modelb,45,0.015756019977608223,0,0,0.0008677408332005143
1611744750368956416,modelb,45,0.001709819563040998,0,0,0.0009904588805511594
1521292300260888578,modelb,45,0.025954812381024036,0,0,0.0012780980905517936
1203555334805164033,modelb,45,0.4460704842888261,1,1,0.9989770650863647
1580245639979749377,modelb,45,0.026448035179218267,0,0,0.001368147088214755
1463578662922604548,modelb,45,0.0750925879995561,0,0,0.0023303660564124584
1449684061912510466,modelb,45,0.02891333098638421,0,0,0.0010895213345065713
1152034933176590336,modelb,45,0.14528059842199875,1,1,0.9989929795265198
1584558203626434560,modelb,45,0.05316026135349641,0,0,0.0007766437483951449
1553717576458534912,modelb,45,0.040406440749578956,0,0,0.0010274891974404454
1255567029551144964,modelb,45,0.1516585274780795,0,0,0.001402794267050922
1545151228413415425,modelb,45,0.36539733811498426,1,1,0.9989619255065918
1468967696523878410,modelb,45,0.021388843154290398,0,0,0.002097718883305788
1489845616750444545,modelb,45,0.005042885534127201,0,0,0.001993925776332617
1393522778440093700,modelb,45,0.0109582292723157,0,0,0.0011820726795122027
1345567610780397570,modelb,45,0.02514355384500134,0,0,0.001520449761301279
1547669888851795979,modelb,45,0.07932800055965573,0,1,0.99643874168396
1513201920797810690,modelb,45,0.05151967165488555,0,1,0.8420150876045227
1284847378499944449,modelb,45,0.02964315057785589,0,0,0.0011742052156478167
1516924289143951360,modelb,45,0.0929205800645616,0,0,0.002189739840105176
1449714900805242883,modelb,45,0.031190002950814845,0,0,0.0017003128305077553
1258707209304891392,modelb,45,0.013978433170145837,0,0,0.0010934195015579462
1511107589932830723,modelb,45,0.05756376520474187,0,0,0.0012640649219974875
1219921409415270400,modelb,45,0.03724469715798881,0,0,0.0009481130400672555
1542857597589528577,modelb,45,0.0,1,1,0.9989492297172546
1620508837328588803,modelb,45,0.16145548384214173,1,0,0.001834291499108076
1144672451592413185,modelb,45,0.3866177713940302,1,1,0.9989045858383179
1198999631323115520,modelb,45,0.14681348711144793,0,0,0.006201956421136856
1365488105378230278,modelb,45,0.07077551911478593,0,0,0.0010343549074605107
1637857580776312834,modelb,45,0.08580261480218888,1,0,0.003639472648501396
1539994279455719424,modelb,45,0.0710184738953301,0,0,0.01313074678182602
1551584334104215552,modelb,45,0.03520241815234081,0,0,0.0008799549541436136
1283750313418055681,modelb,45,0.0015294453138798019,0,0,0.025382542982697487
1392197387427274755,modelb,45,0.03790659210633575,0,0,0.0030613814014941454
1233959222305607680,modelb,45,0.1780538739290662,1,1,0.9988262057304382
1625906106156429330,modelb,45,0.06151702639321789,1,0,0.07948889583349228
1619534124024487937,modelb,45,0.021534856683932752,0,0,0.0007781161111779511
1509027883716526080,modelb,45,0.04651678896996012,0,0,0.0017718719318509102
1293924575890345985,modelb,45,0.021456971303599307,0,0,0.001282916753552854
1646011668751699972,modelb,45,0.05636882252755079,0,1,0.9423844814300537
1506007293728591873,modelb,45,0.13811060761974336,0,0,0.0022846402134746313
1643707401512550400,modelb,45,0.027577491801413334,0,1,0.7383683323860168
1210275610813054976,modelb,45,0.12193380321956847,0,0,0.0006771557964384556
1635345125575626752,modelb,45,0.05997647440237762,0,0,0.0013961942167952657
1381927979090075651,modelb,45,0.07036780543451074,0,0,0.001059798989444971
1345012434608795650,modelb,45,0.0454505345413246,0,0,0.4416877329349518
1286035333755305984,modelb,45,0.04023041674596147,0,0,0.001141672139056027
1554196257270284294,modelb,45,0.03481656461150406,0,0,0.0009727107244543731
1090985813398061056,modelb,45,0.5599430995748211,1,1,0.9988020658493042
1212830436012908544,modelb,45,0.13501605997963248,0,0,0.0022287662141025066
1539054160896827392,modelb,45,0.004915384707792552,0,0,0.0011846697889268398
1270774783958016005,modelb,45,0.03865691571975536,0,0,0.000983128440566361
1205464611157413888,modelb,45,0.04161750367373195,1,1,0.9983043670654297
1470443338213957637,modelb,45,0.012143118816911904,0,0,0.002106990199536085
1646682021396115456,modelb,45,0.029038914600613194,0,0,0.000955988303758204
1103688981038985217,modelb,45,0.0077556658671026875,0,0,0.001171771204099059
1396961028102053893,modelb,45,0.08616664580643042,1,0,0.0011865654960274696
1103013290916175874,modelb,45,0.07082968279901736,0,0,0.0008463580161333084
1284764621560315904,modelb,45,0.03405674268841675,0,0,0.0009290400776080787
1281292234013446145,modelb,45,0.0027983840065048003,0,0,0.0007514874450862408
1636400650786426883,modelb,45,0.10421084550460906,0,0,0.0038437116891145706
1219628821881802753,modelb,45,0.11826670078783914,0,0,0.003937804140150547
1585465243727056896,modelb,45,0.0,0,0,0.002535411389544606
1517548575332265984,modelb,45,0.07097465807439404,0,0,0.0009715839987620711
1223652621153722372,modelb,45,0.013538580561396832,0,0,0.0016364401672035456
1106562886778998785,modelb,45,0.0,1,1,0.9983623623847961
1518553007582892032,modelb,45,0.0014266674671371314,0,0,0.0010480777127668262
1397954044455391233,modelb,45,0.06567145392046411,0,0,0.016550887376070023
1252073855046352897,modelb,45,0.07357151119008072,0,1,0.9288092851638794
1515229140768546819,modelb,45,0.0021066526084858473,1,0,0.04822017252445221
1542539148841607169,modelb,45,0.035068294739909696,0,1,0.9975246787071228
1427586547621236739,modelb,45,0.04627944082194663,0,0,0.0008627442293800414
1177946201179578368,modelb,45,0.3976944650571515,0,0,0.0033545242622494698
1253687689410416641,modelb,45,0.11138706685399292,0,0,0.0008613321697339416
1222396158653259777,modelb,45,0.00988345531526937,0,0,0.0008087765891104937
1217246308743962624,modelb,45,0.04269353193456089,0,0,0.0009802001295611262
1382668135690428419,modelb,45,0.03766643738668915,0,0,0.001146362628787756
1650582626758180865,modelb,45,0.0,0,0,0.0011062455596402287
1252009084078997505,modelb,45,0.08028323834309652,1,0,0.0038072452880442142
1248241876005724161,modelb,45,0.03489438201545814,0,0,0.0008389792637899518
1543360155651391500,modelb,45,0.020116581410566513,0,1,0.9987990856170654
1318980851808481281,modelb,45,0.002073213515101115,0,0,0.000848031893838197
1397587532574040069,modelb,45,0.018436804926929975,0,0,0.0008076583035290241
1466454112279662604,modelb,45,0.009929254890351888,0,0,0.0008951174095273018
1526762269064974346,modelb,45,0.06264382222179336,1,1,0.997310996055603
1566132180467814400,modelb,45,0.016409956213675955,0,0,0.0009408466285094619
1644717646246473736,modelb,45,0.04187720852324646,0,0,0.0009016444091685116
1573081978949505024,modelb,45,0.09226334462085536,1,1,0.9971413016319275
1544818240484155392,modelb,45,0.015046897263674227,0,0,0.001512882299721241
1121874377631465474,modelb,45,0.034957422232449686,0,0,0.0007625056896358728
1291623819572989955,modelb,45,0.060479335642896426,1,0,0.0032827018294483423
1580600904746962945,modelb,45,0.023942733073968433,1,1,0.9989275336265564
1428807603031789569,modelb,45,0.06681498079596486,0,0,0.004346929956227541
1109061649242226688,modelb,45,0.05886662905632672,0,0,0.002205226104706526
1392756158914600960,modelb,45,0.07613918988503439,0,0,0.007110149599611759
1133067761184378885,modelb,45,0.20733011433858242,1,1,0.9988584518432617
1468658508014911492,modelb,45,0.22219417793759794,0,0,0.004079375881701708
1579549222038560768,modelb,45,0.07472092330400786,0,0,0.0010004901560023427
1644465858670993409,modelb,45,0.02513157558117274,1,0,0.005600346252322197
1506076192130191360,modelb,45,0.03871977896976608,0,0,0.0007517840713262558
1159696677130948608,modelb,45,0.039062277335142365,0,0,0.0008778650080785155
1633114503305936899,modelb,45,0.05695612042678625,0,1,0.8561850190162659
1128058851188670470,modelb,45,0.13104820348272975,0,0,0.008903221227228642
1296858111521648640,modelb,45,0.04976361557117183,0,1,0.9986332058906555
1187403288007888898,modelb,45,0.0,0,0,0.0008908843738026917
1458036894860775426,modelb,45,0.07004235246133259,0,0,0.0039376807399094105
1356378388164976645,modelb,45,0.1954895131754559,0,0,0.001056993962265551
1517749284304695298,modelb,45,0.00013837593346346277,0,0,0.009811494499444962
1256562515288494082,modelb,45,0.10146009915022187,0,0,0.0007667800527997315
1526056251007852544,modelb,45,0.034410689889893556,0,0,0.0010403977939859033
1352771322863116288,modelb,45,0.06690671854099828,0,1,0.9932529330253601
1393789126772543490,modelb,45,0.13245283781543685,0,0,0.0008028249721974134
1360239202827403267,modelb,45,0.036926591719909876,0,0,0.002144182799383998
1353190490305392640,modelb,45,0.13637348031327645,0,0,0.0018140198662877083
1357201397838618624,modelb,45,0.03988866666225736,0,0,0.0021334877237677574
1255823949532987397,modelb,45,0.08711543626771075,1,0,0.06908820569515228
1272891981480497152,modelb,45,0.1013396597241631,0,0,0.0008368587004952133
1354349851581034498,modelb,45,0.04207664571816999,0,0,0.0008934625657275319
1120663055526957062,modelb,45,0.10956115092010345,0,0,0.00147831323556602
1283401552032456705,modelb,45,0.1499134139499076,0,0,0.0009754688944667578
1524755538415861761,modelb,45,0.016647852930384916,0,1,0.996702253818512
1399745357555322889,modelb,45,0.054459057531229496,0,1,0.9445662498474121
1519841120473202688,modelb,45,0.07269120010700757,0,0,0.0013212229823693633
1300150538668060674,modelb,45,0.031374673143278166,0,0,0.007080869749188423
1209982157982248961,modelb,45,0.07376289595592392,0,1,0.994454562664032
1645009221635694593,modelb,45,0.0029203911565902937,1,1,0.9989783763885498
1215515751496339456,modelb,45,0.047771405458032226,0,0,0.0009499554871581495
1426471423086764033,modelb,45,0.1744045169409883,1,1,0.9984455704689026
1232887804969078789,modelb,45,0.020060257312852124,1,1,0.9986775517463684
1407469081494757382,modelb,45,0.035132979543567575,0,0,0.0010581202805042267
1470482593539837954,modelb,45,0.02737608256765481,0,0,0.0011391339357942343
1413068266759655427,modelb,45,0.015505177946650274,0,0,0.0011381210060790181
1229152388851929091,modelb,45,0.05752748003956886,0,0,0.0008336098399013281
1286027681230753793,modelb,45,0.17355556868494704,0,0,0.0016799378208816051
1415047667613327369,modelb,45,0.17076426820125465,0,0,0.0019002887420356274
1394017841121308673,modelb,45,0.004564155746895511,1,1,0.9989237189292908
1085296318040473600,modelb,45,0.024515585813737986,0,0,0.0021752372849732637
1434894931143929858,modelb,45,0.051948145270437555,0,0,0.04461570456624031
1256536483332317184,modelb,45,0.018189150568230027,0,0,0.0007478897459805012
1600224079482454016,modelb,45,0.05727549955961659,0,0,0.0009979431051760912
1567171489509564416,modelb,45,0.05092822298889374,0,0,0.0008586362819187343
1556401396651397120,modelb,45,0.0311078788757718,0,0,0.0008017221698537469
1258474383900893189,modelb,45,0.1736063406593595,0,0,0.0027192127890884876
1207550765260132353,modelb,45,0.013608208807258477,0,0,0.0009072004468180239
1449058322360020992,modelb,45,0.22156809591390894,0,0,0.0018744941335171461
1455148755435630594,modelb,45,0.0271503715361312,0,0,0.0008859133813530207
1223994516903997444,modelb,45,0.01190897088918851,0,0,0.0019463171483948827
1284281138467319808,modelb,45,0.04218490779433736,0,0,0.003111541038379073
1578140790592782336,modelb,45,0.04274443058990313,1,0,0.0013026560191065073
1222708257648594944,modelb,45,0.12969769263399453,0,0,0.006004864815622568
1250166932768088064,modelb,45,0.5156112707833687,1,1,0.9989940524101257
1232852903909441537,modelb,45,0.06336263841953724,1,1,0.9988299012184143
1311402290167783424,modelb,45,0.019587025022039958,0,0,0.20069433748722076
1245701249732734977,modelb,45,0.09752573912407493,1,1,0.9943698048591614
1212868104658849795,modelb,45,0.11304611137946503,0,0,0.0020285954233258963
1352210396833337345,modelb,45,0.10795685964460429,0,0,0.0016816518036648631
1241946825055141889,modelb,45,0.04292993212614194,0,0,0.0008181238081306219
1260225918980816902,modelb,45,0.014040454082548056,0,0,0.0008456191280856729
1393777583414669317,modelb,45,0.12022900636041463,0,0,0.00088737957412377
1229308060419514369,modelb,45,0.027353089631359108,0,0,0.0008654847624711692
1229222882112348166,modelb,45,0.04675063760955517,0,0,0.000940381025429815
1588261196573986816,modelb,45,0.009346284684513989,1,1,0.9988582134246826
1462395459557810176,modelb,45,0.04033278114425808,0,0,0.0021067827474325895
1442869344946454529,modelb,45,0.018075117325516872,0,0,0.0008643598412163556
1255605234619072519,modelb,45,0.260155134263651,0,0,0.002531785750761628
1499012058175655938,modelb,45,0.06609583119994794,0,0,0.004974576644599438
1462851931945283589,modelb,45,0.15345657562527942,0,0,0.0031005057971924543
1247576003800686600,modelb,45,0.007648363601880462,0,0,0.0008192472159862518
1104601295523000323,modelb,45,0.3336436298666875,1,0,0.03485382720828056
1263682260768681986,modelb,45,0.02425187794149397,0,0,0.0023400443606078625
1123871012746092545,modelb,45,0.12932759036222344,0,0,0.0008028747979551554
1600150773924450304,modelb,45,0.030318306951862384,0,1,0.9987308382987976
1236854787334909953,modelb,45,0.013045530618375316,0,0,0.012985254637897015
1397658343041339392,modelb,45,0.23933100357284415,0,0,0.010477570816874504
1454323555420803073,modelb,45,0.010931191883466168,0,0,0.035213403403759
1619614295335239680,modelb,45,0.036099958154637686,0,0,0.0010919371852651238
1345745635924992000,modelb,45,0.0010920093653779073,1,0,0.0018604155629873276
1219355089854439424,modelb,45,0.00036407276033632375,1,0,0.0011356518371030688
1233846578366078986,modelb,45,0.0009844024403150838,1,1,0.9911466240882874
1310174329653530624,modelb,45,0.016842164847091164,0,0,0.0025137329939752817
1421844891404062726,modelb,45,0.06323583031135495,0,0,0.001020756084471941
1393372156482949129,modelb,45,0.26638863858262,0,0,0.01469641737639904
1267842168128966657,modelb,45,0.01624313762230967,0,0,0.24292698502540588
1555651653453348865,modelb,45,0.018173503862996272,0,0,0.0009361415286548436
1389360261270806533,modelb,45,0.10696534509813857,0,0,0.0009669712162576616
1576232372063772672,modelb,45,0.08365258413355778,0,0,0.011467796750366688
1518769899996606464,modelb,45,0.16798094098205177,0,0,0.017194831743836403
1298736963000901632,modelb,45,0.09517527193557244,0,0,0.006102378014475107
1194722327952547844,modelb,45,0.10222125028161762,1,1,0.9987911581993103
1604141984712531968,modelb,45,0.04376941319104795,1,0,0.0038250614888966084
1266753810392854529,modelb,45,0.016185836341228933,0,0,0.0013242674758657813
1417123755390689287,modelb,45,0.028604788930106533,0,0,0.009467254392802715
1288838940569620483,modelb,45,0.020224001881589352,0,0,0.0022533542942255735
1412564686516666369,modelb,45,0.02650843893599356,0,0,0.0007914528250694275
1376823894569443329,modelb,45,0.008572801556987987,0,0,0.0008748351829126477
1369368335532589061,modelb,45,0.20678790436951144,0,0,0.001004030811600387
1224738215652814849,modelb,45,0.06499025278587403,0,0,0.0010670373449102044
1185557829501018114,modelb,45,0.010951333453606195,1,0,0.0014639664441347122
1274205440239374337,modelb,45,0.14734378264864195,0,0,0.0010126460110768676
1509567860095569937,modelb,45,0.017219122052267697,0,0,0.0012195289600640535
1457557396973187088,modelb,45,0.010420909843626222,0,0,0.0008845962584018707
1238978053633716226,modelb,45,0.017499502104745303,0,0,0.0017063713166862726
1137416842560118784,modelb,45,0.004286068743810818,0,0,0.0007696512620896101
1474945563271606273,modelb,45,7.089126690109989e-05,0,0,0.0011170790530741215
1601901750096924674,modelb,45,0.16604560127206036,0,0,0.0030760217923671007
1249002861129863170,modelb,45,0.07657507674617296,0,0,0.0008630398660898209
1289575405611921411,modelb,45,0.008513445696302633,0,0,0.00471027847379446
1263521952364474368,modelb,45,0.16167624800298702,0,0,0.12790586054325104
1468332039216803847,modelb,45,0.11783744627279163,0,0,0.0040337685495615005
1487758635275014149,modelb,45,0.13254001290273426,0,0,0.002432712586596608
1609464228045365248,modelb,45,0.0,0,0,0.0015029972419142723
1355618686770569219,modelb,45,0.09681224974908186,0,0,0.0009877589764073491
1232922381544386560,modelb,45,0.1653777881762965,1,1,0.9988634586334229
1345353737368457221,modelb,45,0.1173461890101576,0,0,0.0009756539366208017
1263926391474491392,modelb,45,0.024838643856973645,0,1,0.9988271594047546
1262954263384334338,modelb,45,0.05740513185925107,0,0,0.0008397575584240258
1355356438714003459,modelb,45,0.06810129878296961,0,0,0.001026247744448483
1478755285934252032,modelb,45,0.02158922317498102,0,0,0.0009410621714778244
1247933746881462273,modelb,45,0.02177331224429111,0,0,0.15995405614376068
1114201210960085002,modelb,45,0.010003688695235503,0,0,0.000839397544041276
1567548400983228421,modelb,45,0.030463345048538197,1,0,0.00221815868280828
1393566849275555845,modelb,45,0.10774312352956888,0,0,0.0018382768612354994
1440444267135004681,modelb,45,0.10824950630382243,0,0,0.0032066095154732466
1569022602882039812,modelb,45,0.04923507601184723,0,0,0.002833969658240676
1268796619761291264,modelb,45,0.011952154530124496,0,0,0.0014582118019461632
1466588575697309698,modelb,45,0.1152835356158586,0,0,0.001286036567762494
1358471344753569792,modelb,45,0.07436436867481323,0,0,0.006547001656144857
1466314626426146818,modelb,45,0.0005372173870617173,0,0,0.000983949052169919
1559265728037109765,modelb,45,0.004177306174658718,0,0,0.0009461219306103885
1285236887599419392,modelb,45,0.07335543744239714,0,0,0.0007725765462964773
1421202358105690121,modelb,45,0.03513528572001599,0,0,0.0010643400019034743
1230462416368099328,modelb,45,0.052578274588539864,0,0,0.005733659490942955
1276280108278415360,modelb,45,0.010395877932071923,0,0,0.0016029449179768562
1251955772797399044,modelb,45,0.1509896425396548,0,0,0.0011581911239773035
1252583581685252097,modelb,45,0.018062843682867327,0,0,0.0008175098337233067
1564590802348949504,modelb,45,0.0,0,0,0.0014448885340243578
1566917637564768256,modelb,45,0.0049434890511138516,0,0,0.0010013668797910213
1599649990762434560,modelb,45,0.022686006279211662,0,0,0.0015682269586250186
1575021890040537090,modelb,45,0.07010449723362802,0,0,0.006020281929522753
1645040637119438848,modelb,45,0.04239306655228745,0,0,0.0009496920392848551
1594193136632623104,modelb,45,0.3694616957153886,0,0,0.3454802930355072
1188204586290561026,modelb,46,0.18431658474412832,1,1,0.9966932535171509
1393758809622032390,modelb,46,0.026777577810782768,0,0,0.007679746951907873
1229832103891595264,modelb,46,0.1599516586191144,0,0,0.009921480901539326
1125194075316064256,modelb,46,0.1754104455222476,0,1,0.9803844690322876
1523450483053973504,modelb,46,0.06363073882889335,0,0,0.01542101800441742
1345256046571495424,modelb,46,0.1307843162925666,0,0,0.00714891916140914
1236714045341929481,modelb,46,0.05205311935235246,0,0,0.012218027375638485
1394295651266187265,modelb,46,0.030164989251522747,0,1,0.5832125544548035
1154438465280516096,modelb,46,0.028004964340039643,0,0,0.0062372880056500435
1619516286312263681,modelb,46,0.04132660819437905,0,0,0.24130025506019592
1396537342085718017,modelb,46,0.038738690276656766,0,0,0.013416933827102184
1443682627614093314,modelb,46,0.04340604672942397,0,0,0.026081589981913567
1465147721724178432,modelb,46,0.08306284432674936,1,1,0.9954878687858582
1255492458164752387,modelb,46,0.12307546046885565,0,0,0.01873200573027134
1290986576667869185,modelb,46,0.17435354471640138,0,0,0.05638078600168228
1514288582332145670,modelb,46,0.0637816932327098,0,0,0.18189209699630737
1272357521324474368,modelb,46,0.07855221186129094,0,0,0.006540166214108467
1487252560700481537,modelb,46,0.4036081322832254,0,0,0.02303886227309704
1273740261621809154,modelb,46,0.07024106629368397,0,0,0.009713603183627129
1317661755363921920,modelb,46,0.06044138001010042,0,0,0.048541318625211716
1468405253758406661,modelb,46,0.0034926860914886366,0,0,0.029935479164123535
1514920455643279365,modelb,46,0.022180065177968996,0,0,0.008415093645453453
1291784215021805569,modelb,46,0.017217122649693817,0,0,0.019533293321728706
1357469393727365122,modelb,46,0.027736078805544996,0,0,0.01315971277654171
1248174910977040385,modelb,46,0.11337668355956247,0,0,0.009830200113356113
1287073267526897666,modelb,46,0.03484792817497104,0,0,0.019864724949002266
1116066316874670081,modelb,46,0.0581900319210455,1,1,0.9965113997459412
1296511371367124992,modelb,46,0.054390815032586776,0,0,0.010779736563563347
1345166234330017792,modelb,46,0.042556991264235865,0,0,0.010681718587875366
1245501628112867328,modelb,46,0.0048268735233298376,0,0,0.010292098857462406
1578931526238343168,modelb,46,0.04058604639825134,0,0,0.01162539143115282
1286957308447260673,modelb,46,0.02298230100977168,1,1,0.9727460741996765
1393552840891719685,modelb,46,0.04021887895424125,0,0,0.010232556611299515
1262815859732611075,modelb,46,0.02638509762693674,1,1,0.9899674654006958
1599404086688092160,modelb,46,0.03006939824334475,0,0,0.01564338430762291
1648029372983439367,modelb,46,0.025890796367331156,0,0,0.0058501404710114
1265957010501230593,modelb,46,0.0916339444673925,0,0,0.0170600563287735
1246464469087256576,modelb,46,0.07929578702653127,1,0,0.02501838468015194
1211183459105796098,modelb,46,0.0074771004266874245,0,0,0.006560671143233776
1118338313876844544,modelb,46,0.08555921384005026,0,0,0.00772510701790452
1135216071525511173,modelb,46,0.034768523598242465,0,0,0.008399520069360733
1527387745693224986,modelb,46,0.01744440869114781,0,0,0.010701469145715237
1232990916899561473,modelb,46,0.35824320722406516,1,1,0.9966191053390503
1345987250904068096,modelb,46,0.0661216146657402,0,0,0.007808072958141565
1546816084149501953,modelb,46,0.010752229681476641,0,0,0.007968301884829998
1457806433853005827,modelb,46,0.03173248889549358,0,0,0.014581522904336452
1402937907342544899,modelb,46,0.04234739710940269,0,0,0.012645919807255268
1603080434526859264,modelb,46,0.14338874790760855,0,0,0.14319105446338654
1109748138515054592,modelb,46,0.1404386697625246,1,1,0.9967308044433594
1488409288750284801,modelb,46,0.02077065551049529,0,0,0.00645865686237812
1532553712199245827,modelb,46,0.09861587889348342,0,1,0.6310229897499084
1491463980329570304,modelb,46,0.05799571207033925,0,0,0.007586767431348562
1611222836924010498,modelb,46,0.042102319748493794,0,0,0.021160375326871872
1537808851155795975,modelb,46,0.0019621239710416287,0,0,0.01026254054158926
1630179384375263232,modelb,46,0.021571825857163798,0,0,0.009083813987672329
1393745779857272832,modelb,46,0.06304858910016063,1,1,0.9929070472717285
1509126359607660551,modelb,46,0.06756112269229432,0,0,0.009331547655165195
1126878156294586368,modelb,46,0.06672684871743124,0,0,0.02253667451441288
1225297729506594818,modelb,46,0.10313685988868782,0,0,0.0448957234621048
1394107831834476547,modelb,46,0.050827429770174536,0,0,0.057866841554641724
1260269776150159360,modelb,46,0.04542693483082668,0,0,0.010911418125033379
1488747638602153986,modelb,46,0.036463931689715144,0,0,0.013765697367489338
1270348242543423488,modelb,46,0.051192706598744045,0,0,0.2165413796901703
1244176666802479104,modelb,46,0.08421415953167447,0,0,0.011246914975345135
1539951759405109249,modelb,46,0.016149685980152786,0,0,0.01793459616601467
1395747592307417092,modelb,46,0.018683499170332064,0,0,0.04855240508913994
1508152963587579909,modelb,46,0.06005661088000823,0,0,0.006899644620716572
1224025761092448257,modelb,46,0.15062412187604432,0,0,0.12869058549404144
1263867135194996737,modelb,46,0.020511983415595524,0,0,0.009871009737253189
1577071902572818434,modelb,46,0.030106853602937675,0,0,0.008373585529625416
1508857749089787912,modelb,46,0.024453626805499114,0,0,0.007174843456596136
1224373966363512833,modelb,46,0.04353334461409419,0,0,0.013151696883141994
1103282085832343555,modelb,46,0.10001849218956826,0,0,0.01541221048682928
1109170436078817282,modelb,46,0.03595872940738966,0,0,0.006631437223404646
1098057857482641408,modelb,46,0.42268520590896813,1,1,0.9963669776916504
1261011012100198404,modelb,46,0.0,1,1,0.9700616598129272
1237111189722640385,modelb,46,0.046929214306299434,0,0,0.008167533203959465
1115609269838024704,modelb,46,0.15565948210293118,0,0,0.011577210389077663
1293886666080260097,modelb,46,0.038680333986251855,0,0,0.00672371219843626
1395833782863814657,modelb,46,0.0,0,0,0.013072839938104153
1247909286568701958,modelb,46,0.013515199785051214,0,0,0.0078355073928833
1352044283587489792,modelb,46,0.033736398889293626,0,0,0.007564686704427004
1258110002906136578,modelb,46,0.020271798891023585,0,0,0.010261906310915947
1461202741666140161,modelb,46,0.013508344953080766,0,0,0.013837479054927826
1258017440362979332,modelb,46,0.05514255710822055,0,0,0.007172167766839266
1393327980387131398,modelb,46,0.043588494543277574,0,0,0.011974316090345383
1648322447089840140,modelb,46,0.13096028080366928,0,0,0.3058444857597351
1356256969359822851,modelb,46,0.003520573610303936,0,0,0.011071393266320229
1199437211772575744,modelb,46,0.0008290578819646134,0,0,0.01036646869033575
1345112406326915074,modelb,46,0.06418667113018757,0,0,0.011239280924201012
1345737420101324806,modelb,46,0.04064303938900536,0,0,0.007037215866148472
1392990438546710533,modelb,46,0.0700724059353791,0,0,0.08087261766195297
1451592600918663172,modelb,46,0.040198653414014955,0,0,0.007928912527859211
1547841356113948674,modelb,46,0.0,0,0,0.013221491128206253
1313636764506968064,modelb,46,0.03583268401610543,0,0,0.0065169925801455975
1354461395862040576,modelb,46,0.014632029604836212,0,0,0.006899043917655945
1255336798319972356,modelb,46,0.04628118494631382,0,0,0.006975778844207525
1346224388128051200,modelb,46,0.07040232326182584,0,0,0.04233887791633606
1193142802965782528,modelb,46,0.18712714202145214,1,1,0.9968088269233704
1392146737423290368,modelb,46,0.06087159043079495,0,0,0.014263244345784187
1226462657177210880,modelb,46,0.1314575827841344,1,0,0.019569601863622665
1345755511002689545,modelb,46,0.012721269468717716,1,1,0.9947209358215332
1593588138030804992,modelb,46,0.01824552877104044,0,0,0.019209031015634537
1641175481511714816,modelb,46,0.061021778602797644,0,0,0.024610981345176697
1565180170016735233,modelb,46,0.0,0,0,0.021180488169193268
1577125319710248960,modelb,46,0.050795433867642105,0,0,0.008919819258153439
1548349221429866498,modelb,46,0.004270135697446563,0,0,0.012250261381268501
1298217767297003521,modelb,46,0.10567331089672549,0,0,0.010178061202168465
1124008705845026823,modelb,46,0.03704035487115211,0,0,0.00694336136803031
1246121373472378880,modelb,46,0.07630282899739076,1,1,0.9202905893325806
1345778047421562880,modelb,46,0.047355938151294664,1,1,0.9963316321372986
1444988795108139008,modelb,46,0.04603236663665616,1,0,0.07202719151973724
1275278623860305922,modelb,46,0.005680777878898554,0,0,0.00915623176842928
1223263760950775808,modelb,46,0.05158413538388653,0,0,0.03294465318322182
1466446193337196552,modelb,46,0.032926612894894285,0,0,0.009431065991520882
1512367141198213123,modelb,46,0.0012584731464951662,0,0,0.005940297152847052
1451346708579897345,modelb,46,0.06791569865115239,0,0,0.00781111279502511
1359732117211668481,modelb,46,0.026619952469452826,0,0,0.05111243203282356
1204634292044697600,modelb,46,0.05754564916627188,0,0,0.010278856381773949
1242197959413989377,modelb,46,0.04897222008732586,0,0,0.045323677361011505
1345415514424750083,modelb,46,0.002826203150959592,0,0,0.03274991735816002
1628172722969751552,modelb,46,0.4180456485348838,0,1,0.8058331608772278
1123014488888893440,modelb,46,0.14278117683023459,0,0,0.010095941834151745
1345690021563654144,modelb,46,0.027924368800340844,0,0,0.03204892575740814
1504459560207147011,modelb,46,0.038814437065176566,0,0,0.016919828951358795
1507052730803802122,modelb,46,0.422387466428755,0,0,0.21586480736732483
1270803144147075075,modelb,46,0.07191430414382768,1,1,0.9929377436637878
1274310552161079297,modelb,46,0.05189537277528746,0,0,0.00683485995978117
1564334956100423680,modelb,46,0.02409787886097475,0,0,0.01453784853219986
1388425054665510912,modelb,46,0.07615545707271924,0,0,0.31757843494415283
1585359766754586624,modelb,46,0.03054962319683245,1,1,0.9959582686424255
1463617131946205187,modelb,46,0.20862226065430972,1,0,0.04277896136045456
1222296463822049281,modelb,46,0.05783037657074936,0,0,0.013141513802111149
1218986472197566464,modelb,46,0.12040158547053452,0,0,0.019658133387565613
1594755480441733131,modelb,46,0.5524985660848657,1,1,0.989198625087738
1508215661482463238,modelb,46,0.08327145836714354,0,0,0.025653276592493057
1216725210507902979,modelb,46,0.02272311453523551,0,0,0.008329907432198524
1192249138957582338,modelb,46,0.06384480583004383,0,0,0.00605383375659585
1452130397932998657,modelb,46,0.0074150546252847414,0,0,0.01051533967256546
1117368474597318661,modelb,46,0.02905052763592163,0,0,0.011417918838560581
1491416161812361216,modelb,46,0.05539353259247378,0,0,0.04219071939587593
1307141355915927553,modelb,46,0.16388814694445036,1,0,0.014912694692611694
1519509018271789056,modelb,46,0.0,0,0,0.11105981469154358
1482268883465777157,modelb,46,0.0021078687480051792,0,0,0.012821207754313946
1291416524264222721,modelb,46,0.07989545845814706,0,0,0.012753554619848728
1530459713028390913,modelb,46,0.02182792025875533,0,0,0.007886513136327267
1606670420719067139,modelb,46,0.07060734169880309,1,0,0.009027631022036076
1514890228493963265,modelb,46,0.0,0,0,0.01628679409623146
1499672184414998536,modelb,46,0.04548179038283698,0,0,0.011134465225040913
1347316666028478466,modelb,46,0.04882130308645937,0,0,0.0105636827647686
1648058784890372097,modelb,46,0.02285381048409771,0,0,0.009853814728558064
1227781168109506560,modelb,46,0.0870112680808998,0,0,0.011434352025389671
1379807592143290370,modelb,46,0.003155906309712953,0,0,0.006033250596374273
1487026637099126784,modelb,46,0.05447526610002754,0,0,0.010342526249587536
1355165540453642240,modelb,46,0.03691053871605449,0,0,0.011144155636429787
1298413749121024004,modelb,46,0.34361175822961776,0,0,0.03355688974261284
1575263521750847491,modelb,46,0.0,0,0,0.033421725034713745
1233438028846125058,modelb,46,0.015654097347725285,0,0,0.009961950592696667
1628082486772215841,modelb,46,0.08822933333911043,0,0,0.023859769105911255
1399046300872675328,modelb,46,0.018468795937290974,0,0,0.009765327908098698
1259954791591133185,modelb,46,0.0049359103214347486,1,0,0.013200020417571068
1586732526223040512,modelb,46,0.04896723397192451,0,0,0.010852701030671597
1445380143384514561,modelb,46,0.04038823612000807,0,0,0.01152699813246727
1498475514394288129,modelb,46,0.019129105352393982,0,0,0.005564388819038868
1190205141380583424,modelb,46,0.4265558193097051,1,1,0.9964775443077087
1377716013916172292,modelb,46,0.021192925060478623,0,0,0.006522564683109522
1355641493956874241,modelb,46,0.006591589886460597,0,0,0.018102627247571945
1393667052968333318,modelb,46,0.06188493329969047,0,1,0.7638553977012634
1587412786375557120,modelb,46,0.1775191250242663,1,1,0.9870628714561462
1300489088198496258,modelb,46,0.01474882788614829,0,0,0.008284524083137512
1637493415016296449,modelb,46,0.11276217307667914,0,0,0.01775204949080944
1380751228171354112,modelb,46,0.07254047126199178,0,0,0.007113207131624222
1120860417645895680,modelb,46,0.4212736275475503,1,0,0.18864330649375916
1319668055367208961,modelb,46,0.022629816898813385,0,0,0.0066957357339560986
1392520237539549188,modelb,46,0.05544153432145595,0,0,0.00927670393139124
1397398267806236676,modelb,46,0.13168542995150231,0,0,0.014736039564013481
1407216852875452443,modelb,46,0.030996964277662915,0,0,0.010804260149598122
1393616932696432640,modelb,46,0.025569044897313712,0,0,0.008955356664955616
1445042996408246275,modelb,46,0.025866343446282653,1,1,0.9961317777633667
1592051401177591808,modelb,46,0.01352994336009128,1,0,0.010617510415613651
1297284021282537472,modelb,46,0.007079567138022203,0,0,0.014887750148773193
1639011015076478977,modelb,46,0.09437971458816342,0,0,0.24394987523555756
1405155653988098056,modelb,46,0.13434528434746693,0,0,0.010443341918289661
1298280815273672705,modelb,46,0.059767024501579176,0,0,0.04311410337686539
1600473720186773505,modelb,46,0.15513720524525965,1,0,0.4969312846660614
1469703539081449472,modelb,46,0.0031151445518834637,0,0,0.007208849769085646
1268558839214899201,modelb,46,0.008626226024151418,0,0,0.03732527047395706
1345451046475354112,modelb,46,0.08708765251604937,1,1,0.9590968489646912
1270982396121214978,modelb,46,0.0005497192892161874,1,0,0.016401663422584534
1411961344962686978,modelb,46,0.09595796474944476,0,0,0.009406638331711292
1276793702472716289,modelb,46,0.025539113338360068,0,0,0.008461277931928635
1556353135844679680,modelb,46,0.04972971917509141,0,1,0.9782143831253052
1293954705257684992,modelb,46,0.12155433868635958,0,0,0.018133047968149185
1171163784762839042,modelb,46,0.028855996762006307,0,0,0.006748984567821026
1122994928299036677,modelb,46,0.18951421042539743,1,1,0.9966436624526978
1298402312868724736,modelb,46,0.0240819516081408,0,0,0.007798813749104738
1286786961542455298,modelb,46,0.0037627678111851305,0,0,0.010904761031270027
1396689194106294278,modelb,46,0.06876027183640271,0,0,0.0773606151342392
1563287160908042241,modelb,46,0.14805049742537446,0,0,0.16138093173503876
1541730204648935425,modelb,46,0.11379219062521834,1,1,0.9964743256568909
1268895623278850050,modelb,46,0.1658257697134987,0,0,0.013267156668007374
1451370158367264777,modelb,46,0.29103254471061396,0,1,0.8407290577888489
1491958977667682308,modelb,46,0.02190701560812484,0,0,0.03593183681368828
1396966089708425218,modelb,46,0.07403793875840832,0,0,0.0059872702695429325
1442978128394014722,modelb,46,0.029309251859265292,0,0,0.01533579733222723
1458514255716786182,modelb,46,0.2047884872922276,0,0,0.037394504994153976
1321845326555176960,modelb,46,0.02560168498761846,0,0,0.03088613599538803
1633559221227642883,modelb,46,0.14207752206258045,0,0,0.10826714336872101
1586647573368037376,modelb,46,0.05950292083902159,1,1,0.996222734451294
1241856213811412992,modelb,46,0.061151761399678255,0,0,0.006764894817024469
1647374538324189184,modelb,46,0.007767291586756523,0,1,0.9693472385406494
1345235597749854208,modelb,46,0.05261913196227888,1,1,0.9963157773017883
1239012712673411078,modelb,46,0.0,0,0,0.278291255235672
1582437173277601792,modelb,46,0.03037573938906446,0,0,0.08868077397346497
1120591069526228997,modelb,46,0.12667338560850025,0,0,0.009630268439650536
1283422598613868546,modelb,46,0.02646820411491119,0,0,0.006554651074111462
1196747794264051713,modelb,46,0.08621452001972443,0,0,0.058224622160196304
1300022096064520193,modelb,46,0.05511329975343258,1,0,0.0160800963640213
1347894076318879744,modelb,46,0.024820362309619003,0,0,0.05964687466621399
1343348218743164928,modelb,46,0.12375865872036394,0,0,0.0086879413574934
1288266046248562689,modelb,46,0.04894840534682633,0,0,0.011610664427280426
1394273212100456448,modelb,46,0.0620525613103735,1,1,0.9961477518081665
1345212454469566466,modelb,46,0.08274668188469937,0,0,0.037963226437568665
1316806707725709314,modelb,46,0.009484804803437446,0,0,0.008426807820796967
1274382276730802176,modelb,46,0.03173098942543004,0,0,0.057860296219587326
1630353342328107008,modelb,46,0.1502011143178207,0,0,0.019640233367681503
1518388184870178816,modelb,46,0.034317020107820055,0,0,0.006982705090194941
1597318794422411265,modelb,46,0.012318538180146464,0,0,0.015862056985497475
1297728264358813698,modelb,46,0.005065638234741701,0,0,0.008562887087464333
1092607702524743680,modelb,46,0.09254313815659823,0,0,0.019462771713733673
1558159706383912964,modelb,46,0.06665950563298824,0,0,0.006258803885430098
1574261143576535040,modelb,46,0.06261723879061645,1,1,0.9962884187698364
1401102417559580678,modelb,46,0.017949449923504383,0,0,0.013199237175285816
1308105045452390403,modelb,46,0.08245595667405717,0,0,0.026609228923916817
1508194787001831431,modelb,46,0.0031693536176996356,0,0,0.02108481153845787
1232601234143678464,modelb,46,0.05296801178138942,0,0,0.09901884198188782
1283393408778870785,modelb,46,0.002078777505562624,0,0,0.006889265961945057
1515204878397849601,modelb,46,0.0589390974824782,0,0,0.005603385157883167
1542274011576602626,modelb,46,0.08168609960367752,0,1,0.8522778749465942
1293974461662793728,modelb,46,0.07986107368168253,0,0,0.026977377012372017
1211490408754270210,modelb,46,0.0022800662332308976,0,0,0.00949365459382534
1097212292893196289,modelb,46,0.6508571578743989,1,1,0.9966307282447815
1581970735957872640,modelb,46,0.20069514594394117,0,0,0.025851713493466377
1225984535046840320,modelb,46,0.07970276206982753,1,1,0.9911603331565857
1604186809625415680,modelb,46,0.010098780127270272,0,0,0.008692183531820774
1163972893765775365,modelb,46,0.12390979623302774,0,0,0.008838005363941193
1341775550189350912,modelb,46,0.04873584122876374,0,0,0.019664211198687553
1286748877563891713,modelb,46,0.09638858853453548,0,0,0.010416627861559391
1460712630553923584,modelb,46,0.09612704898455882,0,0,0.00730833550915122
1477825713206177792,modelb,46,0.01924299364488185,0,0,0.015465709380805492
1284434882140176389,modelb,46,0.052970762079335064,1,1,0.9350019097328186
1255205589396979724,modelb,46,0.00539271528674548,0,0,0.006169587839394808
1449353935626588163,modelb,46,4.9566075662140655e-05,0,0,0.010816897265613079
1287098479496634370,modelb,46,0.016795751426467363,0,0,0.008649998344480991
1241902809592803328,modelb,46,0.4230413515828831,1,1,0.9951567053794861
1235962772770283522,modelb,46,0.08011515075876634,0,0,0.005594567861407995
1448053433374740482,modelb,46,0.04509734046063064,0,0,0.007785816676914692
1282333713267859458,modelb,46,0.029618345116705205,1,1,0.9889764189720154
1325795907514863622,modelb,46,0.02199354984202387,0,0,0.006485300604254007
1417228816808820741,modelb,46,0.012331211303090736,0,0,0.010139907710254192
1611744750368956416,modelb,46,0.005854448404048978,0,0,0.013151794672012329
1521292300260888578,modelb,46,0.01810008392386727,0,0,0.012572660110890865
1203555334805164033,modelb,46,0.5596527822142221,1,1,0.9957081079483032
1580245639979749377,modelb,46,0.006518115350769991,0,0,0.020599011331796646
1463578662922604548,modelb,46,0.0501327440323456,0,0,0.008721054531633854
1449684061912510466,modelb,46,0.002240169155811203,0,0,0.00783113855868578
1152034933176590336,modelb,46,0.4495728673951212,1,1,0.9960004687309265
1584558203626434560,modelb,46,0.049376157028758194,0,0,0.017100371420383453
1553717576458534912,modelb,46,0.024934642035467355,0,0,0.008104023523628712
1255567029551144964,modelb,46,0.062059619028306166,0,0,0.017170945182442665
1545151228413415425,modelb,46,0.40379883477373546,1,1,0.9957094192504883
1468967696523878410,modelb,46,0.002910524005094303,0,0,0.012664634734392166
1489845616750444545,modelb,46,0.012526693494392387,0,0,0.01618507131934166
1393522778440093700,modelb,46,0.011811697248871144,0,0,0.00760418176651001
1345567610780397570,modelb,46,0.025058799511932562,0,0,0.010253149084746838
1547669888851795979,modelb,46,0.612298448042651,0,1,0.9789099097251892
1513201920797810690,modelb,46,0.18819834074195635,0,1,0.8753617405891418
1284847378499944449,modelb,46,0.2583076682566482,0,0,0.008359936997294426
1516924289143951360,modelb,46,0.03368971116108456,0,0,0.03762732073664665
1449714900805242883,modelb,46,0.07250248578058073,0,0,0.0187174454331398
1258707209304891392,modelb,46,0.022296498407749027,0,0,0.008095541037619114
1511107589932830723,modelb,46,0.09910102075475434,0,0,0.029268817976117134
1219921409415270400,modelb,46,0.019473084847992195,0,0,0.008713011629879475
1542857597589528577,modelb,46,0.0,1,1,0.9928408861160278
1620508837328588803,modelb,46,0.24465017300400643,1,0,0.03147368133068085
1144672451592413185,modelb,46,0.2937666615487648,1,1,0.9957807064056396
1198999631323115520,modelb,46,0.1768008753592973,0,0,0.019425012171268463
1365488105378230278,modelb,46,0.009988441413679812,0,0,0.006588532589375973
1637857580776312834,modelb,46,0.05468599473687616,1,0,0.0684603676199913
1539994279455719424,modelb,46,0.05453771591878323,0,1,0.7834843397140503
1551584334104215552,modelb,46,0.059662482810121466,0,0,0.006528808269649744
1283750313418055681,modelb,46,0.01225794649299553,0,0,0.009272603318095207
1392197387427274755,modelb,46,0.1174319631836772,0,0,0.02286660112440586
1233959222305607680,modelb,46,0.1594166222517629,1,1,0.9952225089073181
1625906106156429330,modelb,46,0.023563053219325465,1,0,0.017163295298814774
1619534124024487937,modelb,46,0.0017999227291070835,0,0,0.007658245973289013
1509027883716526080,modelb,46,0.03341503977256418,0,0,0.034786783158779144
1293924575890345985,modelb,46,0.04344523136642432,0,0,0.008172906935214996
1646011668751699972,modelb,46,0.017992770931816147,0,1,0.8754281401634216
1506007293728591873,modelb,46,0.011008081484993933,0,0,0.12434915453195572
1643707401512550400,modelb,46,0.12151187418351708,0,0,0.13308390974998474
1210275610813054976,modelb,46,0.03131935409959861,0,0,0.007236599922180176
1635345125575626752,modelb,46,0.016723401271043655,0,0,0.007124295458197594
1381927979090075651,modelb,46,0.06310016125127699,0,0,0.01786166802048683
1345012434608795650,modelb,46,0.03025614271052572,0,0,0.3047465980052948
1286035333755305984,modelb,46,0.022188898255897354,0,0,0.010809767059981823
1554196257270284294,modelb,46,0.01565374510806643,0,0,0.006831449922174215
1090985813398061056,modelb,46,0.3393168533930725,1,1,0.9960558414459229
1212830436012908544,modelb,46,0.0055021966505005016,0,0,0.024505367502570152
1539054160896827392,modelb,46,0.013211983123355387,0,0,0.016086699441075325
1270774783958016005,modelb,46,0.03674368054726721,0,0,0.008153322152793407
1205464611157413888,modelb,46,0.11987332464628324,1,1,0.9960883855819702
1470443338213957637,modelb,46,0.007841026551748656,0,0,0.011095915921032429
1646682021396115456,modelb,46,0.06056938705493775,0,0,0.0074340528808534145
1103688981038985217,modelb,46,0.02997431637436044,0,0,0.00987854041159153
1396961028102053893,modelb,46,0.07144507151986798,1,0,0.030988426879048347
1103013290916175874,modelb,46,0.06276841465872132,0,0,0.007606441155076027
1284764621560315904,modelb,46,0.025782587927139944,0,0,0.010437666438519955
1281292234013446145,modelb,46,0.014465731123915375,0,0,0.005825007800012827
1636400650786426883,modelb,46,0.1039083614127731,0,0,0.10401930660009384
1219628821881802753,modelb,46,0.028723492155861004,0,0,0.10644622892141342
1585465243727056896,modelb,46,0.0,0,0,0.015688767656683922
1517548575332265984,modelb,46,0.06700659436638853,0,0,0.007633538916707039
1223652621153722372,modelb,46,0.049443542982694544,0,0,0.0083782272413373
1106562886778998785,modelb,46,0.0,1,1,0.9906435608863831
1518553007582892032,modelb,46,0.023026441534731858,0,0,0.0074937171302735806
1397954044455391233,modelb,46,0.08956208637435815,0,0,0.061491116881370544
1252073855046352897,modelb,46,0.04464597183011186,0,0,0.02325589582324028
1515229140768546819,modelb,46,0.007051118683599623,1,0,0.06074782460927963
1542539148841607169,modelb,46,0.14650686899509888,0,0,0.10959608852863312
1427586547621236739,modelb,46,0.01664370550905492,0,0,0.008322552777826786
1177946201179578368,modelb,46,0.41099916286712945,0,0,0.023094261065125465
1253687689410416641,modelb,46,0.03438293722959503,0,0,0.007059659343212843
1222396158653259777,modelb,46,0.010822059449038088,0,0,0.008498789742588997
1217246308743962624,modelb,46,0.12220688349918768,0,0,0.024513985961675644
1382668135690428419,modelb,46,0.0214519884777495,0,0,0.007363560143858194
1650582626758180865,modelb,46,0.0,0,0,0.014437162317335606
1252009084078997505,modelb,46,0.02975303471809601,1,0,0.019609639421105385
1248241876005724161,modelb,46,0.008662672071321759,0,0,0.00872388668358326
1543360155651391500,modelb,46,0.04313776543775053,0,0,0.4864198565483093
1318980851808481281,modelb,46,0.010040137294607222,0,0,0.008377783000469208
1397587532574040069,modelb,46,0.027018380925061074,0,0,0.011625677347183228
1466454112279662604,modelb,46,0.007188906831454653,0,0,0.006156221032142639
1526762269064974346,modelb,46,0.10002520937419601,1,1,0.9721289873123169
1566132180467814400,modelb,46,0.02170112657543981,0,0,0.006687726825475693
1644717646246473736,modelb,46,0.048413090977260126,0,0,0.00585381081327796
1573081978949505024,modelb,46,0.14187382411006175,1,0,0.1343178004026413
1544818240484155392,modelb,46,0.014947673588496165,0,0,0.011496417224407196
1121874377631465474,modelb,46,0.020477266202775294,0,0,0.008117388002574444
1291623819572989955,modelb,46,0.10780117949216,1,0,0.37247902154922485
1580600904746962945,modelb,46,0.06863749692556319,1,1,0.9963352680206299
1428807603031789569,modelb,46,0.04248894983106482,0,0,0.09091875702142715
1109061649242226688,modelb,46,0.000356243927622944,0,0,0.012058630585670471
1392756158914600960,modelb,46,0.05273467350993706,0,0,0.008952737785875797
1133067761184378885,modelb,46,0.5449509917878947,1,1,0.9961106181144714
1468658508014911492,modelb,46,0.10741289313727848,0,0,0.01727195642888546
1579549222038560768,modelb,46,0.037121465667694115,0,0,0.007936965674161911
1644465858670993409,modelb,46,0.029469254227420368,1,0,0.014601076953113079
1506076192130191360,modelb,46,0.07635285627189049,0,0,0.0065472121350467205
1159696677130948608,modelb,46,0.1300426165532403,0,0,0.012500285170972347
1633114503305936899,modelb,46,0.03767306823875645,0,1,0.9946152567863464
1128058851188670470,modelb,46,0.11646162095617112,0,0,0.0665380135178566
1296858111521648640,modelb,46,0.07318996172456102,0,1,0.9922730326652527
1187403288007888898,modelb,46,0.0,0,0,0.009293240495026112
1458036894860775426,modelb,46,0.018593339105516877,0,0,0.014366899617016315
1356378388164976645,modelb,46,0.05913870722000654,0,0,0.009340672753751278
1517749284304695298,modelb,46,0.031770963813803024,0,0,0.13352487981319427
1256562515288494082,modelb,46,0.05104948989409825,0,0,0.007105815224349499
1526056251007852544,modelb,46,0.010723477324148918,0,0,0.011088891886174679
1352771322863116288,modelb,46,0.11035961242101931,0,1,0.9851995706558228
1393789126772543490,modelb,46,0.0276153165308895,0,0,0.008753159083425999
1360239202827403267,modelb,46,0.04381152538982266,0,0,0.010240096598863602
1353190490305392640,modelb,46,0.025678508106686482,0,0,0.025282887741923332
1357201397838618624,modelb,46,0.013099639731799508,0,0,0.0325850248336792
1255823949532987397,modelb,46,0.11145335606445655,1,0,0.06401238590478897
1272891981480497152,modelb,46,0.031217055900529363,0,0,0.008255674503743649
1354349851581034498,modelb,46,0.04198054180210426,0,0,0.0072992839850485325
1120663055526957062,modelb,46,0.06583648654443429,0,0,0.015828385949134827
1283401552032456705,modelb,46,0.005560713700194983,0,0,0.008994328789412975
1524755538415861761,modelb,46,0.017529178632863983,0,1,0.9900317192077637
1399745357555322889,modelb,46,0.08093939670152579,0,0,0.025196820497512817
1519841120473202688,modelb,46,0.02046551543922687,0,0,0.008477792143821716
1300150538668060674,modelb,46,0.055342102388677136,0,0,0.015315183438360691
1209982157982248961,modelb,46,0.331686612732193,0,1,0.6263269782066345
1645009221635694593,modelb,46,0.001852394938342294,1,1,0.9960836172103882
1215515751496339456,modelb,46,0.03108528747744609,0,0,0.011219481006264687
1426471423086764033,modelb,46,0.3022926776940621,1,0,0.49977102875709534
1232887804969078789,modelb,46,0.07022956245890084,1,0,0.37270352244377136
1407469081494757382,modelb,46,0.037773000274236405,0,0,0.0068750036880373955
1470482593539837954,modelb,46,0.026141412288129807,0,0,0.00799998827278614
1413068266759655427,modelb,46,0.03248989027261298,0,0,0.007733104284852743
1229152388851929091,modelb,46,0.08092843257807382,0,0,0.01724604330956936
1286027681230753793,modelb,46,0.05845225733067695,0,0,0.015593680553138256
1415047667613327369,modelb,46,0.08273344814281226,0,0,0.009797374717891216
1394017841121308673,modelb,46,0.02296722877946367,1,1,0.9961187839508057
1085296318040473600,modelb,46,0.13483174651647784,0,0,0.010212225839495659
1434894931143929858,modelb,46,0.03531812862337845,0,0,0.012832311913371086
1256536483332317184,modelb,46,0.007839725005995241,0,0,0.009392913430929184
1600224079482454016,modelb,46,0.0017751083128773853,0,0,0.008085805922746658
1567171489509564416,modelb,46,0.0015391845816197628,0,0,0.010364806279540062
1556401396651397120,modelb,46,0.029626922889524402,0,0,0.008299067616462708
1258474383900893189,modelb,46,0.030651238157664663,0,0,0.017741020768880844
1207550765260132353,modelb,46,0.017384079177105084,0,0,0.005972251296043396
1449058322360020992,modelb,46,0.15559225081093775,0,0,0.016351722180843353
1455148755435630594,modelb,46,0.013641313016846051,0,0,0.0061567602679133415
1223994516903997444,modelb,46,0.008988371390330771,0,0,0.010962565429508686
1284281138467319808,modelb,46,0.025625322760904953,0,0,0.08271022886037827
1578140790592782336,modelb,46,0.0027452056469295656,1,0,0.01045690756291151
1222708257648594944,modelb,46,0.1488740297168762,0,0,0.021654877811670303
1250166932768088064,modelb,46,0.4760528808415134,1,1,0.9963341951370239
1232852903909441537,modelb,46,0.3073885301898684,1,1,0.9960336089134216
1311402290167783424,modelb,46,0.11511330151915246,0,0,0.09558235108852386
1245701249732734977,modelb,46,0.0809641322873441,1,0,0.046049684286117554
1212868104658849795,modelb,46,0.10437712724766145,0,0,0.015426435507833958
1352210396833337345,modelb,46,0.0463498208170477,0,0,0.02035394310951233
1241946825055141889,modelb,46,0.015834788896597674,0,0,0.0061031850054860115
1260225918980816902,modelb,46,0.033738305182575166,0,0,0.006391435861587524
1393777583414669317,modelb,46,0.07718467347343055,0,0,0.008244686760008335
1229308060419514369,modelb,46,0.11579348657217187,0,0,0.007211248856037855
1229222882112348166,modelb,46,0.0311335869570957,0,0,0.006294648628681898
1588261196573986816,modelb,46,0.034606565687220175,1,1,0.9959037899971008
1462395459557810176,modelb,46,0.12906889392782903,0,0,0.060486964881420135
1442869344946454529,modelb,46,0.026806621177714676,0,0,0.005963046569377184
1255605234619072519,modelb,46,0.205407689139808,0,0,0.07598645985126495
1499012058175655938,modelb,46,0.03922606002532064,0,0,0.011698179878294468
1462851931945283589,modelb,46,0.08229646658059529,0,0,0.03369465470314026
1247576003800686600,modelb,46,0.01129099771807956,0,0,0.006799785420298576
1104601295523000323,modelb,46,0.1130285324358389,1,0,0.013202330097556114
1263682260768681986,modelb,46,0.06801371023817993,0,0,0.01451210305094719
1123871012746092545,modelb,46,0.18467245917982514,0,0,0.006358880549669266
1600150773924450304,modelb,46,0.0009439644284481211,0,1,0.9882251024246216
1236854787334909953,modelb,46,0.0973884568792186,0,0,0.0883689671754837
1397658343041339392,modelb,46,0.09192767151732684,0,1,0.5608929991722107
1454323555420803073,modelb,46,0.011726845662241941,0,0,0.37896928191185
1619614295335239680,modelb,46,0.010007637424873437,0,0,0.007074880879372358
1345745635924992000,modelb,46,0.16187179724172704,1,0,0.035098399966955185
1219355089854439424,modelb,46,0.03144183229425314,1,0,0.009777240455150604
1233846578366078986,modelb,46,0.05307194044105899,1,1,0.9911859631538391
1310174329653530624,modelb,46,0.0027816160984026014,0,0,0.017004940658807755
1421844891404062726,modelb,46,0.017169322420163464,0,0,0.009109573438763618
1393372156482949129,modelb,46,0.1973904131385165,0,0,0.0170661099255085
1267842168128966657,modelb,46,0.0016785667854720052,0,1,0.5004788637161255
1555651653453348865,modelb,46,0.034961309506025266,0,0,0.008773342706263065
1389360261270806533,modelb,46,0.029776435328898062,0,0,0.007173273712396622
1576232372063772672,modelb,46,0.016362718627454958,0,0,0.010579339228570461
1518769899996606464,modelb,46,0.02951163199787607,0,0,0.010056677274405956
1298736963000901632,modelb,46,0.1044734160481715,0,0,0.0910421758890152
1194722327952547844,modelb,46,0.1480583990780119,1,1,0.9963713884353638
1604141984712531968,modelb,46,0.007739253053788045,1,0,0.12990371882915497
1266753810392854529,modelb,46,0.0574131288807063,0,0,0.012805267237126827
1417123755390689287,modelb,46,0.14940407475876705,0,0,0.016699260100722313
1288838940569620483,modelb,46,0.020430224064371977,0,0,0.009490329772233963
1412564686516666369,modelb,46,0.018991752995041862,0,0,0.005975342821329832
1376823894569443329,modelb,46,0.0031677760845275505,0,0,0.0061696115881204605
1369368335532589061,modelb,46,0.11589256835122845,0,0,0.01284034177660942
1224738215652814849,modelb,46,0.006552007516972225,0,0,0.008379938080906868
1185557829501018114,modelb,46,0.11774616772672268,1,0,0.006942851934581995
1274205440239374337,modelb,46,0.07508768589082729,0,0,0.00617398414760828
1509567860095569937,modelb,46,0.05365840963434234,0,0,0.007033185102045536
1457557396973187088,modelb,46,0.09769043526015522,0,0,0.00636655930429697
1238978053633716226,modelb,46,0.09034577005579668,0,0,0.013350424356758595
1137416842560118784,modelb,46,0.0048700997362640976,0,0,0.006457301322370768
1474945563271606273,modelb,46,0.01012331480251577,0,0,0.007652153726667166
1601901750096924674,modelb,46,0.15326492620550158,0,0,0.020245201885700226
1249002861129863170,modelb,46,0.012407390503342771,0,0,0.007852326147258282
1289575405611921411,modelb,46,0.02943734105016727,0,0,0.016866439953446388
1263521952364474368,modelb,46,0.09011707678789561,0,0,0.12856318056583405
1468332039216803847,modelb,46,0.06825174337138137,0,0,0.009335326962172985
1487758635275014149,modelb,46,0.07499251237647403,0,0,0.10276846587657928
1609464228045365248,modelb,46,0.0,0,0,0.011015769094228745
1355618686770569219,modelb,46,0.0003693800623881832,0,0,0.006893502082675695
1232922381544386560,modelb,46,0.24285634074104556,1,1,0.9964073300361633
1345353737368457221,modelb,46,0.12168865625282763,0,0,0.011751974001526833
1263926391474491392,modelb,46,0.033413118761548385,0,1,0.9933522939682007
1262954263384334338,modelb,46,0.0105733667616915,0,0,0.007457540836185217
1355356438714003459,modelb,46,0.06190962532075032,0,0,0.007823447696864605
1478755285934252032,modelb,46,0.04195445051410264,0,0,0.008514059707522392
1247933746881462273,modelb,46,0.009601658641288218,0,0,0.351289838552475
1114201210960085002,modelb,46,0.0579947616635839,0,0,0.006108331028372049
1567548400983228421,modelb,46,0.008015835706819196,1,0,0.033490728586912155
1393566849275555845,modelb,46,0.19168062925966964,0,0,0.03346572443842888
1440444267135004681,modelb,46,0.14805968845927087,0,0,0.022788263857364655
1569022602882039812,modelb,46,0.00256567692954101,0,0,0.013855892233550549
1268796619761291264,modelb,46,0.03396597940694858,0,0,0.014785771258175373
1466588575697309698,modelb,46,0.04281206862851415,0,0,0.006838616915047169
1358471344753569792,modelb,46,0.030037954112978726,0,0,0.014888462610542774
1466314626426146818,modelb,46,0.022483881428169986,0,0,0.014811700209975243
1559265728037109765,modelb,46,0.003851295959948974,0,0,0.012617586180567741
1285236887599419392,modelb,46,0.0979498373312296,0,0,0.005951739847660065
1421202358105690121,modelb,46,0.007021961862286008,0,0,0.007269509136676788
1230462416368099328,modelb,46,0.2860708524583514,0,0,0.04759252071380615
1276280108278415360,modelb,46,0.034100290911832976,0,0,0.007251791190356016
1251955772797399044,modelb,46,0.10909887326750523,0,0,0.015133385546505451
1252583581685252097,modelb,46,0.013073443556440327,0,0,0.007213778793811798
1564590802348949504,modelb,46,0.0,0,0,0.023018382489681244
1566917637564768256,modelb,46,0.007518425443562267,0,0,0.00966749619692564
1599649990762434560,modelb,46,0.016428503007337582,0,0,0.016789494082331657
1575021890040537090,modelb,46,0.06466192470928549,0,0,0.03350089117884636
1645040637119438848,modelb,46,0.024645263833389736,0,0,0.005915368907153606
1594193136632623104,modelb,46,0.401046386064858,0,1,0.9393883347511292
1188204586290561026,modelb,47,0.08449559126190197,1,1,0.999660849571228
1393758809622032390,modelb,47,0.05110115180283562,0,0,0.000445801968453452
1229832103891595264,modelb,47,0.07732823795545309,0,0,0.000454888358945027
1125194075316064256,modelb,47,0.1978253315392426,0,1,0.9870114326477051
1523450483053973504,modelb,47,0.07923780922960953,0,0,0.0010876056039705873
1345256046571495424,modelb,47,0.1487099898266249,0,0,0.0004852816346101463
1236714045341929481,modelb,47,0.01164986763930634,0,0,0.0005764649831689894
1394295651266187265,modelb,47,0.04093458094287141,0,0,0.0036131334491074085
1154438465280516096,modelb,47,0.018647668862509563,0,0,0.00042675164877437055
1619516286312263681,modelb,47,0.16132703463458173,0,0,0.005322045646607876
1396537342085718017,modelb,47,0.0456275472399584,0,0,0.001033243490383029
1443682627614093314,modelb,47,0.022345173868766943,0,0,0.0006222209776751697
1465147721724178432,modelb,47,0.025447767853273278,1,1,0.9994767308235168
1255492458164752387,modelb,47,0.011144568602715663,0,1,0.8866080045700073
1290986576667869185,modelb,47,0.42478867462247283,0,1,0.9667915105819702
1514288582332145670,modelb,47,0.10270026042105518,0,0,0.0031673593912273645
1272357521324474368,modelb,47,0.04113400703539182,0,0,0.0005363658419810236
1487252560700481537,modelb,47,0.4064675735872792,0,0,0.011026193387806416
1273740261621809154,modelb,47,0.08525923993038964,0,0,0.0008993680821731687
1317661755363921920,modelb,47,0.09006265170191236,0,0,0.0011311053531244397
1468405253758406661,modelb,47,0.03567004969576958,0,0,0.0006759349489584565
1514920455643279365,modelb,47,0.023167246080105827,0,0,0.0006154549191705883
1291784215021805569,modelb,47,0.04791415070307874,0,0,0.05773577466607094
1357469393727365122,modelb,47,0.0278273919917235,0,0,0.0014614813262596726
1248174910977040385,modelb,47,0.033242298609523394,0,0,0.00613965792581439
1287073267526897666,modelb,47,0.0590157243036044,0,0,0.001049304730258882
1116066316874670081,modelb,47,0.093937513073582,1,1,0.9997569918632507
1296511371367124992,modelb,47,0.13132196953998976,0,0,0.001316396170295775
1345166234330017792,modelb,47,0.08496690302801116,0,0,0.0019862717017531395
1245501628112867328,modelb,47,0.013323076863275437,0,0,0.0008650267845951021
1578931526238343168,modelb,47,0.04427314758664348,0,0,0.011162024922668934
1286957308447260673,modelb,47,0.042567978313446685,1,1,0.9997077584266663
1393552840891719685,modelb,47,0.02950993110715627,0,0,0.0014538386603817344
1262815859732611075,modelb,47,0.012122709414012015,1,1,0.9993359446525574
1599404086688092160,modelb,47,0.14857791185932545,0,0,0.0011751160491257906
1648029372983439367,modelb,47,0.009979363299215213,0,0,0.00044428909313865006
1265957010501230593,modelb,47,0.0861191819027842,0,0,0.002734990091994405
1246464469087256576,modelb,47,0.1906509810436884,1,0,0.0010022760834544897
1211183459105796098,modelb,47,0.04817371940121357,0,0,0.0008067841408774257
1118338313876844544,modelb,47,0.08107302244356325,0,0,0.0008295527659356594
1135216071525511173,modelb,47,0.23267163029337026,0,0,0.014880548231303692
1527387745693224986,modelb,47,0.3074928522175013,0,0,0.0008392263553105295
1232990916899561473,modelb,47,0.1423953130185602,1,1,0.9998055100440979
1345987250904068096,modelb,47,0.07621687727158354,0,0,0.0004357526486273855
1546816084149501953,modelb,47,0.028909392604225096,0,0,0.00043224578257650137
1457806433853005827,modelb,47,0.005768842037267412,0,0,0.002978981239721179
1402937907342544899,modelb,47,0.058369644395174294,0,0,0.001401899615302682
1603080434526859264,modelb,47,0.018631702271111734,0,1,0.6316038966178894
1109748138515054592,modelb,47,0.07531643465716896,1,1,0.9997395873069763
1488409288750284801,modelb,47,0.024169339529765112,0,0,0.000714541005436331
1532553712199245827,modelb,47,0.09857264535656503,0,0,0.0007720609428361058
1491463980329570304,modelb,47,0.020206624892156515,0,0,0.0009089165832847357
1611222836924010498,modelb,47,0.08903589636096984,0,0,0.02802659571170807
1537808851155795975,modelb,47,0.0343055047493759,0,0,0.0005893674679100513
1630179384375263232,modelb,47,0.002198936005464794,0,0,0.0004573754849843681
1393745779857272832,modelb,47,0.06917021108104779,1,1,0.5324389338493347
1509126359607660551,modelb,47,0.03471989532123901,0,0,0.00046564897638745606
1126878156294586368,modelb,47,0.012534682058996894,0,0,0.0016863734927028418
1225297729506594818,modelb,47,0.06496034105260928,0,1,0.7407928705215454
1394107831834476547,modelb,47,0.04600831490083279,0,0,0.004662439692765474
1260269776150159360,modelb,47,0.3051574888144706,0,0,0.0007898001349531114
1488747638602153986,modelb,47,0.029044016516400855,0,0,0.0004086284025106579
1270348242543423488,modelb,47,0.03060005952906065,0,0,0.0023929723538458347
1244176666802479104,modelb,47,0.22041978249997551,0,0,0.000666946405544877
1539951759405109249,modelb,47,5.457141213118102e-05,0,0,0.000767224351875484
1395747592307417092,modelb,47,0.028007505202432784,0,0,0.0035505450796335936
1508152963587579909,modelb,47,0.014312321638200117,0,0,0.0021329750306904316
1224025761092448257,modelb,47,0.07486196842901813,0,1,0.9718352556228638
1263867135194996737,modelb,47,0.012378913617288928,0,0,0.00047288238420151174
1577071902572818434,modelb,47,0.0912749547894798,0,0,0.0007748688803985715
1508857749089787912,modelb,47,0.03401165209285759,0,0,0.0008854057523421943
1224373966363512833,modelb,47,0.042424243747578104,0,0,0.002189225284382701
1103282085832343555,modelb,47,0.1068359830991135,0,0,0.0007265415624715388
1109170436078817282,modelb,47,0.14023360403238777,0,0,0.00042846830911003053
1098057857482641408,modelb,47,0.19680528210499695,1,1,0.9997815489768982
1261011012100198404,modelb,47,0.0,1,0,0.16410575807094574
1237111189722640385,modelb,47,0.016369133909903896,0,0,0.0006537831504829228
1115609269838024704,modelb,47,0.012094555007744156,0,0,0.0004653698415495455
1293886666080260097,modelb,47,0.020930979962492446,0,0,0.0004245811724103987
1395833782863814657,modelb,47,0.0,0,0,0.0018146182410418987
1247909286568701958,modelb,47,0.05945735719783097,0,0,0.0006255923071876168
1352044283587489792,modelb,47,0.05518016299669711,0,0,0.002236004453152418
1258110002906136578,modelb,47,0.17157369237748227,0,0,0.0009100334718823433
1461202741666140161,modelb,47,0.2801049548643917,0,0,0.008628320880234241
1258017440362979332,modelb,47,0.018221945611761724,0,0,0.002765876241028309
1393327980387131398,modelb,47,0.0032901482450510677,0,0,0.007454452570527792
1648322447089840140,modelb,47,0.027941890882254426,0,0,0.35816824436187744
1356256969359822851,modelb,47,0.0031698318019295476,0,0,0.0009908503852784634
1199437211772575744,modelb,47,0.04358006566757443,0,0,0.0019754732493311167
1345112406326915074,modelb,47,0.0471495474595205,0,0,0.0008060951950028539
1345737420101324806,modelb,47,0.01994507919848241,0,0,0.0008140826248563826
1392990438546710533,modelb,47,0.008586480674217408,0,1,0.9914829134941101
1451592600918663172,modelb,47,0.03289027914983531,0,0,0.0005318666808307171
1547841356113948674,modelb,47,0.0,0,0,0.0012615848099812865
1313636764506968064,modelb,47,0.029622663706321866,0,0,0.0005149637581780553
1354461395862040576,modelb,47,0.014983298254968358,0,0,0.00037787092151120305
1255336798319972356,modelb,47,0.022157334467683688,0,0,0.0004934398457407951
1346224388128051200,modelb,47,0.08925205554809418,0,0,0.0011359872296452522
1193142802965782528,modelb,47,0.077021517711774,1,1,0.9997730851173401
1392146737423290368,modelb,47,0.08614360707858183,0,0,0.004157240502536297
1226462657177210880,modelb,47,0.5513711743466955,1,1,0.9989789724349976
1345755511002689545,modelb,47,0.0064636608224758795,1,1,0.9995007514953613
1593588138030804992,modelb,47,0.06263294551702589,0,0,0.002393167233094573
1641175481511714816,modelb,47,0.15329096046287555,0,1,0.9931372404098511
1565180170016735233,modelb,47,0.0,0,0,0.009877766482532024
1577125319710248960,modelb,47,0.0005157303802780873,0,0,0.0006166768143884838
1548349221429866498,modelb,47,0.05267892992810271,0,0,0.000636577547993511
1298217767297003521,modelb,47,0.012138013883352056,0,0,0.0010681840358301997
1124008705845026823,modelb,47,0.00982120294557412,0,0,0.0004921260406263173
1246121373472378880,modelb,47,0.302590608380158,1,1,0.9964547157287598
1345778047421562880,modelb,47,0.039706488469484054,1,1,0.99959796667099
1444988795108139008,modelb,47,0.003544265281210409,1,1,0.8807100057601929
1275278623860305922,modelb,47,0.5487289672209995,0,0,0.0013321425067260861
1223263760950775808,modelb,47,0.06652249656692684,0,0,0.0008096880046650767
1466446193337196552,modelb,47,0.11057895955676086,0,0,0.003263665596023202
1512367141198213123,modelb,47,0.0003076465825760817,0,0,0.0004279525892343372
1451346708579897345,modelb,47,0.029735317513219003,0,0,0.0004023129877168685
1359732117211668481,modelb,47,0.0024635102110290605,0,0,0.0006027573253959417
1204634292044697600,modelb,47,0.002386431155361097,0,0,0.0004506507539190352
1242197959413989377,modelb,47,0.0028627082696862944,0,0,0.0009549373644404113
1345415514424750083,modelb,47,0.04774202257427494,0,0,0.001820649136789143
1628172722969751552,modelb,47,0.3400259553142192,0,0,0.27044832706451416
1123014488888893440,modelb,47,0.057742194999119374,0,0,0.0006238486967049539
1345690021563654144,modelb,47,0.030787258365452944,0,0,0.005040210206061602
1504459560207147011,modelb,47,0.051214178014799626,0,0,0.007012300193309784
1507052730803802122,modelb,47,0.058688554669827475,0,0,0.04989345371723175
1270803144147075075,modelb,47,0.05476789612145577,1,1,0.9928156137466431
1274310552161079297,modelb,47,0.003814259465775902,0,0,0.0004948514979332685
1564334956100423680,modelb,47,0.030382739535694956,0,0,0.0019359244033694267
1388425054665510912,modelb,47,0.08661640616072346,0,0,0.0006271770689636469
1585359766754586624,modelb,47,0.07055231112923765,1,1,0.9997715353965759
1463617131946205187,modelb,47,0.08959659706717403,1,0,0.07027652859687805
1222296463822049281,modelb,47,0.05122636837739286,0,0,0.0005592243396677077
1218986472197566464,modelb,47,0.035040605214471124,0,0,0.0009834475349634886
1594755480441733131,modelb,47,0.40875254345507855,1,1,0.9993599057197571
1508215661482463238,modelb,47,0.0663123272793815,0,0,0.00047104214900173247
1216725210507902979,modelb,47,0.015733129079437604,0,0,0.00047810966498218477
1192249138957582338,modelb,47,0.008979159390421614,0,0,0.000499529589433223
1452130397932998657,modelb,47,0.018819006167818883,0,0,0.0008222143515013158
1117368474597318661,modelb,47,0.008288706130521385,0,0,0.0004704020684584975
1491416161812361216,modelb,47,0.08444083990907916,0,1,0.9317776560783386
1307141355915927553,modelb,47,0.18513051782101228,1,0,0.004221082199364901
1519509018271789056,modelb,47,0.0,0,0,0.0016591808525845408
1482268883465777157,modelb,47,0.0009157850643253347,0,0,0.0007044305093586445
1291416524264222721,modelb,47,0.1214997851718736,0,0,0.0009016782278195024
1530459713028390913,modelb,47,0.035453974559091904,0,0,0.0004417876189108938
1606670420719067139,modelb,47,0.10693078392387408,1,0,0.0033204450737684965
1514890228493963265,modelb,47,0.0,0,0,0.0014425580156967044
1499672184414998536,modelb,47,0.021209452359303452,0,0,0.001236872747540474
1347316666028478466,modelb,47,0.061651952063550064,0,0,0.0010812897235155106
1648058784890372097,modelb,47,0.0391114661969966,0,0,0.00046925601782277226
1227781168109506560,modelb,47,0.05473757545061699,0,0,0.0019676238298416138
1379807592143290370,modelb,47,0.00453192356674028,0,0,0.0004295756225474179
1487026637099126784,modelb,47,0.005824410596905767,0,0,0.0004241375718265772
1355165540453642240,modelb,47,0.02312904772466795,0,0,0.00040877138962969184
1298413749121024004,modelb,47,0.12319330762859525,0,0,0.031868305057287216
1575263521750847491,modelb,47,0.0,0,0,0.001068578683771193
1233438028846125058,modelb,47,0.03139097069007527,0,0,0.000920209800824523
1628082486772215841,modelb,47,0.09006157620646056,0,0,0.001225198619067669
1399046300872675328,modelb,47,0.019846520424116495,0,0,0.0014652503887191415
1259954791591133185,modelb,47,0.04710604137157943,1,0,0.0035393943544477224
1586732526223040512,modelb,47,0.008834047694129423,0,0,0.00047883327351883054
1445380143384514561,modelb,47,0.055766379436346235,0,0,0.0005949901533313096
1498475514394288129,modelb,47,0.019929781875983352,0,0,0.0008333716541528702
1190205141380583424,modelb,47,0.31793717229045126,1,1,0.9997658133506775
1377716013916172292,modelb,47,0.02717362652327137,0,0,0.0004475293098948896
1355641493956874241,modelb,47,0.002084118234517965,0,0,0.00635861000046134
1393667052968333318,modelb,47,0.03237165706694675,0,0,0.0023078680969774723
1587412786375557120,modelb,47,0.11026125934775612,1,1,0.9841331243515015
1300489088198496258,modelb,47,0.025197890199664546,0,0,0.000801755057182163
1637493415016296449,modelb,47,0.06822532600519136,0,0,0.0008382664527744055
1380751228171354112,modelb,47,0.07122141132491762,0,0,0.0004143056576140225
1120860417645895680,modelb,47,0.23625750152221364,1,1,0.9986975193023682
1319668055367208961,modelb,47,0.01365018844661495,0,0,0.0004496996116358787
1392520237539549188,modelb,47,0.37285562177663334,0,0,0.0012724560219794512
1397398267806236676,modelb,47,0.039864727793576145,0,0,0.00044518595677800477
1407216852875452443,modelb,47,0.03671252504044311,0,0,0.0014322609640657902
1393616932696432640,modelb,47,0.13188167165437364,0,0,0.0004128390282858163
1445042996408246275,modelb,47,0.0018209459051192931,1,1,0.9995070695877075
1592051401177591808,modelb,47,0.055659205111958786,1,0,0.0017628847854211926
1297284021282537472,modelb,47,0.014689085861426544,0,0,0.012652833946049213
1639011015076478977,modelb,47,0.013632054017133412,0,0,0.12422626465559006
1405155653988098056,modelb,47,0.02928558023617045,0,0,0.00045229861279949546
1298280815273672705,modelb,47,0.054167913973496525,0,0,0.0016552922315895557
1600473720186773505,modelb,47,0.3191352080507096,1,0,0.0014800796052441
1469703539081449472,modelb,47,0.025699912228203243,0,0,0.0005031856708228588
1268558839214899201,modelb,47,0.02749540309902215,0,0,0.0025976449251174927
1345451046475354112,modelb,47,0.02193638299927095,1,1,0.9984171390533447
1270982396121214978,modelb,47,0.00937177679283784,1,0,0.0028009216766804457
1411961344962686978,modelb,47,0.060385738567732376,0,0,0.0005531454226002097
1276793702472716289,modelb,47,0.016932016901530598,0,0,0.008742157369852066
1556353135844679680,modelb,47,0.23260901470179213,0,1,0.9986538887023926
1293954705257684992,modelb,47,0.06858837182144106,0,0,0.007258233614265919
1171163784762839042,modelb,47,0.03841005485558004,0,0,0.0009687126148492098
1122994928299036677,modelb,47,0.21419669100015767,1,1,0.9997832179069519
1298402312868724736,modelb,47,0.01346131869796382,0,0,0.0015791149344295263
1286786961542455298,modelb,47,0.007714465347907873,0,0,0.0007164328126236796
1396689194106294278,modelb,47,0.10975753304490615,0,0,0.0047707874327898026
1563287160908042241,modelb,47,0.12207149062688208,0,0,0.0021862336434423923
1541730204648935425,modelb,47,0.05027326455289708,1,1,0.9996825456619263
1268895623278850050,modelb,47,0.14369681144313876,0,0,0.0005791950970888138
1451370158367264777,modelb,47,0.08474763725885034,0,0,0.006813701707869768
1491958977667682308,modelb,47,0.07944262774033445,0,0,0.0008360636420547962
1396966089708425218,modelb,47,0.008888296048321398,0,0,0.0004286574840079993
1442978128394014722,modelb,47,0.053281131238847944,0,0,0.0007627499289810658
1458514255716786182,modelb,47,0.08850945152660365,0,0,0.011854936368763447
1321845326555176960,modelb,47,0.02925184947093176,0,0,0.0007567018619738519
1633559221227642883,modelb,47,0.07920880600602082,0,0,0.12655378878116608
1586647573368037376,modelb,47,0.03113809325037925,1,1,0.9995614886283875
1241856213811412992,modelb,47,0.039526394630906715,0,0,0.0005184304900467396
1647374538324189184,modelb,47,0.009466672604756334,0,1,0.9936031699180603
1345235597749854208,modelb,47,0.02025498589247564,1,1,0.9996515512466431
1239012712673411078,modelb,47,0.0,0,1,0.9926748871803284
1582437173277601792,modelb,47,0.015409102116869298,0,0,0.004189247731119394
1120591069526228997,modelb,47,0.049192472367595455,0,0,0.0006934457924216986
1283422598613868546,modelb,47,0.01213445457759853,0,0,0.0006546610966324806
1196747794264051713,modelb,47,0.02396592946780383,0,0,0.0016165691195055842
1300022096064520193,modelb,47,0.14916186534888073,1,0,0.037789952009916306
1347894076318879744,modelb,47,0.05143856959914233,0,0,0.0010599464876577258
1343348218743164928,modelb,47,0.019348114210322526,0,0,0.0004453105211723596
1288266046248562689,modelb,47,0.003649691841580096,0,0,0.0031495017465204
1394273212100456448,modelb,47,0.04428978409729182,1,1,0.999545156955719
1345212454469566466,modelb,47,0.1418653896351473,0,0,0.0008746043313294649
1316806707725709314,modelb,47,0.01335439321951067,0,0,0.06711270660161972
1274382276730802176,modelb,47,0.05674980814439932,0,0,0.004014227539300919
1630353342328107008,modelb,47,0.09919981100150893,0,0,0.0005515002994798124
1518388184870178816,modelb,47,0.0035898465011353926,0,0,0.00047529488801956177
1597318794422411265,modelb,47,0.004489519181809386,0,0,0.0006526767974719405
1297728264358813698,modelb,47,0.001025931233761978,0,0,0.0005075098015367985
1092607702524743680,modelb,47,0.07224999607077763,0,0,0.0008648537332192063
1558159706383912964,modelb,47,0.021302806831488625,0,0,0.0006493471446447074
1574261143576535040,modelb,47,0.02506542328075966,1,1,0.9995864033699036
1401102417559580678,modelb,47,0.007313247535530565,0,0,0.0006110120448283851
1308105045452390403,modelb,47,0.1125243710330047,0,0,0.001213056850247085
1508194787001831431,modelb,47,0.04391592568611639,0,0,0.0004923508386127651
1232601234143678464,modelb,47,0.08498392490562026,0,0,0.0037228441797196865
1283393408778870785,modelb,47,0.02823589182341236,0,0,0.0008245826466009021
1515204878397849601,modelb,47,0.054972988157846896,0,0,0.001462586224079132
1542274011576602626,modelb,47,0.05174009575561846,0,1,0.6195650100708008
1293974461662793728,modelb,47,0.03455942692472514,0,0,0.003445961279794574
1211490408754270210,modelb,47,0.004709935291743137,0,0,0.0006224159151315689
1097212292893196289,modelb,47,0.3585549932027124,1,1,0.9997863173484802
1581970735957872640,modelb,47,0.18069208780506402,0,0,0.0005416942294687033
1225984535046840320,modelb,47,0.01619319010809326,1,1,0.9990504384040833
1604186809625415680,modelb,47,0.08453613007013652,0,0,0.0011851669987663627
1163972893765775365,modelb,47,0.10925789330829287,0,0,0.0005164295434951782
1341775550189350912,modelb,47,0.03124354517346,0,0,0.001123228925280273
1286748877563891713,modelb,47,0.07404406741015716,0,0,0.0007725540781393647
1460712630553923584,modelb,47,0.10088648847737076,0,0,0.0004004217335022986
1477825713206177792,modelb,47,0.010177934148394832,0,0,0.0006139707984402776
1284434882140176389,modelb,47,0.07545234897627835,1,1,0.9987176656723022
1255205589396979724,modelb,47,0.016214552179057443,0,0,0.0004449812404345721
1449353935626588163,modelb,47,0.014597352253291764,0,0,0.0015528691001236439
1287098479496634370,modelb,47,0.0044029349648871795,0,0,0.0006218203343451023
1241902809592803328,modelb,47,0.151263899612632,1,1,0.9995033740997314
1235962772770283522,modelb,47,0.11336235577228143,0,0,0.0008866349817253649
1448053433374740482,modelb,47,0.013844131550184382,0,0,0.0007260334677994251
1282333713267859458,modelb,47,0.09306120793421872,1,1,0.9978637099266052
1325795907514863622,modelb,47,0.042253581427901574,0,0,0.0004026808019261807
1417228816808820741,modelb,47,0.035445164104209254,0,0,0.00045407062862068415
1611744750368956416,modelb,47,0.011434320857845919,0,0,0.0004653135547414422
1521292300260888578,modelb,47,0.016259044998884722,0,0,0.0010635766666382551
1203555334805164033,modelb,47,0.4981330065004418,1,1,0.9995552897453308
1580245639979749377,modelb,47,0.06915443151738783,0,0,0.0018542124889791012
1463578662922604548,modelb,47,0.16103180122101668,0,0,0.0004313203098718077
1449684061912510466,modelb,47,0.008630834493217976,0,0,0.0007002682541497052
1152034933176590336,modelb,47,0.04449563424654321,1,1,0.9997429251670837
1584558203626434560,modelb,47,0.09935032441774683,0,0,0.0012434436939656734
1553717576458534912,modelb,47,0.050048108814758005,0,0,0.0004104292893316597
1255567029551144964,modelb,47,0.009459733166820089,0,0,0.0006194220623001456
1545151228413415425,modelb,47,0.18742750115453236,1,1,0.999782383441925
1468967696523878410,modelb,47,0.00677543765527585,0,0,0.002152942819520831
1489845616750444545,modelb,47,0.007744893424078355,0,0,0.0004036825557705015
1393522778440093700,modelb,47,0.020388882009477326,0,0,0.00042384755215607584
1345567610780397570,modelb,47,0.003213801946384362,0,0,0.0012068357318639755
1547669888851795979,modelb,47,0.29103514049316936,0,1,0.9845548272132874
1513201920797810690,modelb,47,0.13272817037057766,0,0,0.04453834518790245
1284847378499944449,modelb,47,0.21238749386736985,0,0,0.0004310938238631934
1516924289143951360,modelb,47,0.15188042936502535,0,0,0.0014695128193125129
1449714900805242883,modelb,47,0.050845826131730075,0,0,0.001184160471893847
1258707209304891392,modelb,47,0.028513979559858474,0,0,0.0007408810779452324
1511107589932830723,modelb,47,0.04975740422792971,0,0,0.020531198009848595
1219921409415270400,modelb,47,0.004900819169491753,0,0,0.0006949853850528598
1542857597589528577,modelb,47,0.0,1,1,0.9995394945144653
1620508837328588803,modelb,47,0.010700418667903817,1,0,0.006160948891192675
1144672451592413185,modelb,47,0.05689326404448363,1,1,0.9996389150619507
1198999631323115520,modelb,47,0.22871402621457584,0,0,0.0015221149660646915
1365488105378230278,modelb,47,0.02896490765134485,0,0,0.0006359599647112191
1637857580776312834,modelb,47,0.03297960645353963,1,0,0.018415376543998718
1539994279455719424,modelb,47,0.0661027105433621,0,1,0.9866611361503601
1551584334104215552,modelb,47,0.0797133671268139,0,0,0.0004403207858558744
1283750313418055681,modelb,47,0.0386104942123604,0,0,0.0007273537921719253
1392197387427274755,modelb,47,0.09389216667380366,0,0,0.0006660135695710778
1233959222305607680,modelb,47,0.0847283734219849,1,1,0.9997199177742004
1625906106156429330,modelb,47,0.02841458443741549,1,0,0.0008593868114985526
1619534124024487937,modelb,47,0.026534397045748476,0,0,0.00044273745152167976
1509027883716526080,modelb,47,0.006986498986088353,0,0,0.05565524473786354
1293924575890345985,modelb,47,0.09863945123017454,0,0,0.0004644106375053525
1646011668751699972,modelb,47,0.13827352375716692,0,1,0.6358169913291931
1506007293728591873,modelb,47,0.03335054931252771,0,0,0.0012557936133816838
1643707401512550400,modelb,47,0.08718685460006298,0,1,0.9112851619720459
1210275610813054976,modelb,47,0.14666754531585655,0,0,0.0005183133180253208
1635345125575626752,modelb,47,0.023833501854798246,0,0,0.0007474293815903366
1381927979090075651,modelb,47,0.051106667644494355,0,0,0.0005923482240177691
1345012434608795650,modelb,47,0.03016279910893826,0,0,0.0409737266600132
1286035333755305984,modelb,47,0.04882506102105595,0,0,0.0007314907852560282
1554196257270284294,modelb,47,0.022337298978043964,0,0,0.0004358407168183476
1090985813398061056,modelb,47,0.8026787452164503,1,1,0.999735414981842
1212830436012908544,modelb,47,0.24435243876285578,0,0,0.08070176094770432
1539054160896827392,modelb,47,0.003233017510114224,0,0,0.0010136313503608108
1270774783958016005,modelb,47,0.04968319894099445,0,0,0.0004703858867287636
1205464611157413888,modelb,47,0.037872623574336205,1,1,0.9984331727027893
1470443338213957637,modelb,47,0.0014067120174407958,0,0,0.0016499966150149703
1646682021396115456,modelb,47,0.049909850016125766,0,0,0.0004655371594708413
1103688981038985217,modelb,47,0.07214432447510508,0,0,0.0007153551559895277
1396961028102053893,modelb,47,0.22896193720126246,1,0,0.0019381903111934662
1103013290916175874,modelb,47,0.03971383423172057,0,0,0.00039236238808371127
1284764621560315904,modelb,47,0.020023044115444876,0,0,0.0004524571413639933
1281292234013446145,modelb,47,0.0064971587554385184,0,0,0.0004198427777737379
1636400650786426883,modelb,47,0.08828364732026314,0,0,0.0015191235579550266
1219628821881802753,modelb,47,0.09711827959339282,0,0,0.006384124513715506
1585465243727056896,modelb,47,0.0,0,0,0.007280462887138128
1517548575332265984,modelb,47,0.00581593955120109,0,0,0.0030886204913258553
1223652621153722372,modelb,47,0.15955450948083233,0,0,0.0011473092017695308
1106562886778998785,modelb,47,0.0,1,1,0.9993842840194702
1518553007582892032,modelb,47,0.01916961030227146,0,0,0.001034099142998457
1397954044455391233,modelb,47,0.0396596735913632,0,0,0.0015140828909352422
1252073855046352897,modelb,47,0.01143044804015139,0,0,0.0008196899434551597
1515229140768546819,modelb,47,0.08832206012565279,1,0,0.09416983276605606
1542539148841607169,modelb,47,0.060944916431301184,0,1,0.9983503818511963
1427586547621236739,modelb,47,0.024434534008385696,0,0,0.00042278526234440506
1177946201179578368,modelb,47,0.539988318637595,0,1,0.9776607751846313
1253687689410416641,modelb,47,0.2460219011713406,0,0,0.0007033357978798449
1222396158653259777,modelb,47,0.0387716197291578,0,0,0.0005716888117603958
1217246308743962624,modelb,47,0.12442944406898233,0,0,0.019120946526527405
1382668135690428419,modelb,47,0.0006462301359048429,0,0,0.0007980136433616281
1650582626758180865,modelb,47,0.0,0,0,0.0016880440525710583
1252009084078997505,modelb,47,0.12183156655322662,1,0,0.0004639462858904153
1248241876005724161,modelb,47,0.0008459516502477518,0,0,0.0007142768008634448
1543360155651391500,modelb,47,0.07347760565521266,0,1,0.9995212554931641
1318980851808481281,modelb,47,0.01801471879290393,0,0,0.0006551204714924097
1397587532574040069,modelb,47,0.019251718998176143,0,0,0.0005777020123787224
1466454112279662604,modelb,47,0.007045080813481664,0,0,0.00046820068382658064
1526762269064974346,modelb,47,0.18470603954617634,1,1,0.999107301235199
1566132180467814400,modelb,47,0.01210358424369837,0,0,0.000445658341050148
1644717646246473736,modelb,47,0.04879517597523373,0,0,0.00047328509390354156
1573081978949505024,modelb,47,0.05768825506506055,1,1,0.9935738444328308
1544818240484155392,modelb,47,0.05654809249893725,0,0,0.0011144684394821525
1121874377631465474,modelb,47,0.01401673451340544,0,0,0.0005115299136377871
1291623819572989955,modelb,47,0.10835048540058019,1,0,0.013830271549522877
1580600904746962945,modelb,47,0.11542737091067534,1,1,0.9994527697563171
1428807603031789569,modelb,47,0.021948651854559922,0,0,0.03925638645887375
1109061649242226688,modelb,47,0.10818230876655813,0,0,0.0010127134155482054
1392756158914600960,modelb,47,0.037216759015167314,0,0,0.001787355518899858
1133067761184378885,modelb,47,0.18132845104174905,1,1,0.9998111128807068
1468658508014911492,modelb,47,0.11726170378798838,0,0,0.0016755984397605062
1579549222038560768,modelb,47,0.027473500183415628,0,0,0.0008885166025720537
1644465858670993409,modelb,47,0.11653133297730277,1,0,0.12054844200611115
1506076192130191360,modelb,47,0.06365143124349056,0,0,0.000567546347156167
1159696677130948608,modelb,47,0.0374322135962424,0,0,0.000518395914696157
1633114503305936899,modelb,47,0.057863376166226076,0,0,0.12198854237794876
1128058851188670470,modelb,47,0.045906570535439326,0,0,0.010914341546595097
1296858111521648640,modelb,47,0.28013258666160545,0,1,0.998349666595459
1187403288007888898,modelb,47,0.0,0,0,0.0012420185375958681
1458036894860775426,modelb,47,0.025032026187690036,0,0,0.0011665624333545566
1356378388164976645,modelb,47,0.025613769511441786,0,0,0.00044764834456145763
1517749284304695298,modelb,47,0.012150684759845303,0,0,0.002010433003306389
1256562515288494082,modelb,47,0.029879698144751783,0,0,0.00043411290971562266
1526056251007852544,modelb,47,0.006352006774965545,0,0,0.15245148539543152
1352771322863116288,modelb,47,0.043075070086952834,0,0,0.0006253303145058453
1393789126772543490,modelb,47,0.008618195461177251,0,0,0.0004849602410104126
1360239202827403267,modelb,47,0.00302165854876389,0,0,0.00047793472185730934
1353190490305392640,modelb,47,0.03645197190140635,0,0,0.0006089931121096015
1357201397838618624,modelb,47,0.1074926642889674,0,0,0.0005311468266882002
1255823949532987397,modelb,47,0.08667939417941738,1,0,0.07312709093093872
1272891981480497152,modelb,47,0.059383284294331595,0,0,0.0005391107988543808
1354349851581034498,modelb,47,0.0020303156811851413,0,0,0.00045351177686825395
1120663055526957062,modelb,47,0.08909842559422969,0,0,0.0010127346031367779
1283401552032456705,modelb,47,0.00988683390697153,0,0,0.0005614918773062527
1524755538415861761,modelb,47,0.01991478346647199,0,1,0.9985798597335815
1399745357555322889,modelb,47,0.11854602495350199,0,0,0.008691334165632725
1519841120473202688,modelb,47,0.04636436378877174,0,0,0.0028704649303108454
1300150538668060674,modelb,47,0.014500138177414544,0,0,0.002350663999095559
1209982157982248961,modelb,47,0.3068411046746859,0,1,0.97925865650177
1645009221635694593,modelb,47,0.010694947159242574,1,1,0.999671459197998
1215515751496339456,modelb,47,0.09606088710313715,0,0,0.0010457211174070835
1426471423086764033,modelb,47,0.22335028135200777,1,1,0.9981139898300171
1232887804969078789,modelb,47,0.0038296254772150332,1,1,0.9991342425346375
1407469081494757382,modelb,47,0.017084427019956265,0,0,0.0004976691561751068
1470482593539837954,modelb,47,0.03217198267194086,0,0,0.00041427166434004903
1413068266759655427,modelb,47,0.013052943863582552,0,0,0.0009037037962116301
1229152388851929091,modelb,47,0.04548412928677652,0,0,0.0009104246855713427
1286027681230753793,modelb,47,0.07175237858490287,0,0,0.000872570788487792
1415047667613327369,modelb,47,0.04913399164554955,0,0,0.0010262957075610757
1394017841121308673,modelb,47,0.027342245825927133,1,1,0.9995653033256531
1085296318040473600,modelb,47,0.037214856781899563,0,0,0.0010355011327192187
1434894931143929858,modelb,47,0.013092054404158053,0,0,0.0005427637952379882
1256536483332317184,modelb,47,0.0006738631529637437,0,0,0.0005806456902064383
1600224079482454016,modelb,47,0.028260474311668164,0,0,0.0007804341148585081
1567171489509564416,modelb,47,0.20677112305054,0,0,0.0004320055013522506
1556401396651397120,modelb,47,0.026383034617376604,0,0,0.0004637966339942068
1258474383900893189,modelb,47,0.048312835882938734,0,0,0.0009471401572227478
1207550765260132353,modelb,47,0.0762374569253253,0,0,0.0004091251757927239
1449058322360020992,modelb,47,0.07151550764943378,0,0,0.000547745730727911
1455148755435630594,modelb,47,0.024184515642489003,0,0,0.0004986359272152185
1223994516903997444,modelb,47,0.053750477623156934,0,0,0.0014450694434344769
1284281138467319808,modelb,47,0.024382479201287784,0,0,0.0014499388635158539
1578140790592782336,modelb,47,0.024247804013898564,1,0,0.0009908542269840837
1222708257648594944,modelb,47,0.07880866438353802,0,0,0.0007519882638007402
1250166932768088064,modelb,47,0.2653989261891205,1,1,0.9997904896736145
1232852903909441537,modelb,47,0.3563791069462635,1,1,0.9998189806938171
1311402290167783424,modelb,47,0.052621238902734055,0,0,0.006778397597372532
1245701249732734977,modelb,47,0.12078777444922462,1,0,0.008081180043518543
1212868104658849795,modelb,47,0.1652356522031059,0,0,0.0014299149625003338
1352210396833337345,modelb,47,0.05324383158210396,0,0,0.000812769983895123
1241946825055141889,modelb,47,0.001890437737026748,0,0,0.00047984099364839494
1260225918980816902,modelb,47,0.03180361862838599,0,0,0.0007846443331800401
1393777583414669317,modelb,47,0.0017840891133895408,0,0,0.0004039516788907349
1229308060419514369,modelb,47,0.06713925906555239,0,0,0.00039070702041499317
1229222882112348166,modelb,47,0.02958859085279173,0,0,0.0004418028111103922
1588261196573986816,modelb,47,0.030095346880323944,1,1,0.9995354413986206
1462395459557810176,modelb,47,0.009104027059887408,0,0,0.0020679000299423933
1442869344946454529,modelb,47,0.008807170048809381,0,0,0.0007365728379227221
1255605234619072519,modelb,47,0.12537246346509728,0,0,0.008309025317430496
1499012058175655938,modelb,47,0.039158059825273324,0,0,0.001355823245830834
1462851931945283589,modelb,47,0.20135759087419092,0,0,0.0007008176762610674
1247576003800686600,modelb,47,0.009999658313065537,0,0,0.0004994212067686021
1104601295523000323,modelb,47,0.10795245808748087,1,0,0.0015967496437951922
1263682260768681986,modelb,47,0.08139841636315638,0,0,0.0006736538489349186
1123871012746092545,modelb,47,0.1882996147942988,0,0,0.0005298947799019516
1600150773924450304,modelb,47,0.04075458950127719,0,1,0.9985669255256653
1236854787334909953,modelb,47,0.11800591926224083,0,0,0.0028557125478982925
1397658343041339392,modelb,47,0.105523848734577,0,0,0.008614806458353996
1454323555420803073,modelb,47,0.06230719488272552,0,0,0.027747299522161484
1619614295335239680,modelb,47,0.03860187201186309,0,0,0.0009575074072927237
1345745635924992000,modelb,47,0.12824264049498366,1,0,0.029253100976347923
1219355089854439424,modelb,47,0.02492401678742312,1,1,0.8357714414596558
1233846578366078986,modelb,47,0.0960661228628549,1,1,0.9991605281829834
1310174329653530624,modelb,47,0.031422289324753515,0,0,0.0033293175511062145
1421844891404062726,modelb,47,0.09134359508254539,0,0,0.0008488292805850506
1393372156482949129,modelb,47,0.21214220799579045,0,0,0.07354927062988281
1267842168128966657,modelb,47,0.03238290608367764,0,0,0.01236996054649353
1555651653453348865,modelb,47,0.044018537244987506,0,0,0.00117536133620888
1389360261270806533,modelb,47,0.1912230185920436,0,0,0.0005287494277581573
1576232372063772672,modelb,47,0.024075630822083662,0,0,0.0019214912317693233
1518769899996606464,modelb,47,0.10608268881480468,0,0,0.3244938552379608
1298736963000901632,modelb,47,0.0295516527381388,0,0,0.08356287330389023
1194722327952547844,modelb,47,0.013746001882254489,1,1,0.9984844326972961
1604141984712531968,modelb,47,0.07858262813992804,1,0,0.03547343984246254
1266753810392854529,modelb,47,0.019463102011896067,0,0,0.0007286987383849919
1417123755390689287,modelb,47,0.011614235758693815,0,0,0.0030429488979279995
1288838940569620483,modelb,47,0.029133660162255392,0,0,0.0017561886925250292
1412564686516666369,modelb,47,0.02212768385421635,0,0,0.0005868347361683846
1376823894569443329,modelb,47,0.011326876521077833,0,0,0.00048733100993558764
1369368335532589061,modelb,47,0.014709282386660999,0,0,0.0005276340525597334
1224738215652814849,modelb,47,0.021871680400329364,0,0,0.0005596354603767395
1185557829501018114,modelb,47,0.02442852377179618,1,0,0.0005252072587609291
1274205440239374337,modelb,47,0.0885557032563209,0,0,0.000988984014838934
1509567860095569937,modelb,47,0.05891235979612219,0,0,0.00044052102020941675
1457557396973187088,modelb,47,0.03935833133622722,0,0,0.0004160985990893096
1238978053633716226,modelb,47,0.04548915748762113,0,0,0.0005807793349958956
1137416842560118784,modelb,47,0.003920786599691004,0,0,0.0005518668331205845
1474945563271606273,modelb,47,0.00817698747300354,0,0,0.0004036856407765299
1601901750096924674,modelb,47,0.04959749798823781,0,0,0.0034118208568543196
1249002861129863170,modelb,47,0.00340653286500423,0,0,0.0013594628544524312
1289575405611921411,modelb,47,0.016016496998551538,0,0,0.001002120436169207
1263521952364474368,modelb,47,0.010295310745430284,0,0,0.3065771460533142
1468332039216803847,modelb,47,0.1517170475591336,0,0,0.0007850788533687592
1487758635275014149,modelb,47,0.0889897714363622,0,0,0.0017880353843793273
1609464228045365248,modelb,47,0.0,0,0,0.0007804493070580065
1355618686770569219,modelb,47,0.014018679282640084,0,0,0.0007693307125009596
1232922381544386560,modelb,47,0.09271701983524452,1,1,0.9997796416282654
1345353737368457221,modelb,47,0.20272040100765326,0,0,0.0011196561390534043
1263926391474491392,modelb,47,0.010656228238632668,0,1,0.9955763816833496
1262954263384334338,modelb,47,0.013645779842179236,0,0,0.0005458403029479086
1355356438714003459,modelb,47,0.014861905074692346,0,0,0.00047044333769008517
1478755285934252032,modelb,47,0.02718559871243756,0,0,0.0008278038003481925
1247933746881462273,modelb,47,0.01804552149599388,0,1,0.9886266589164734
1114201210960085002,modelb,47,0.011028541823071095,0,0,0.0004486711404751986
1567548400983228421,modelb,47,0.01321913934562671,1,0,0.0022047311067581177
1393566849275555845,modelb,47,0.10460352404656435,0,0,0.0026707875076681376
1440444267135004681,modelb,47,0.0009263536565625608,0,0,0.01397997047752142
1569022602882039812,modelb,47,0.005174886864015924,0,0,0.0009916725102812052
1268796619761291264,modelb,47,0.06001369778696592,0,0,0.0008867270080372691
1466588575697309698,modelb,47,0.3656946782054875,0,0,0.0006294117774814367
1358471344753569792,modelb,47,0.040994894288836695,0,0,0.00046940078027546406
1466314626426146818,modelb,47,0.01817700891227059,0,0,0.0005355012253858149
1559265728037109765,modelb,47,0.03137023625301671,0,0,0.0021532808896154165
1285236887599419392,modelb,47,0.04039607584654951,0,0,0.0005960620474070311
1421202358105690121,modelb,47,0.008052460994839078,0,0,0.0009733351180329919
1230462416368099328,modelb,47,0.03613244960919058,0,0,0.00048739323392510414
1276280108278415360,modelb,47,0.05543369124422429,0,0,0.000611435913015157
1251955772797399044,modelb,47,0.04160083470833298,0,0,0.0007118006469681859
1252583581685252097,modelb,47,0.0064368027130972585,0,0,0.00043695271597243845
1564590802348949504,modelb,47,0.0,0,0,0.004159452393651009
1566917637564768256,modelb,47,0.011924482574382639,0,0,0.0011979240225628018
1599649990762434560,modelb,47,0.0018216888096686172,0,0,0.002757457084953785
1575021890040537090,modelb,47,0.09832896997571568,0,0,0.0017088556196540594
1645040637119438848,modelb,47,0.0556503829105062,0,0,0.000457041576737538
1594193136632623104,modelb,47,0.22663436618925065,0,1,0.8521578907966614
1188204586290561026,modelc,42,0.13864279057942394,1,1,0.8270527720451355
1393758809622032390,modelc,42,0.015716827632662876,0,0,0.08537311851978302
1229832103891595264,modelc,42,0.19992733175150315,0,0,0.08439767360687256
1125194075316064256,modelc,42,0.2561769938254547,0,1,0.6017554998397827
1523450483053973504,modelc,42,0.013981303423439595,0,0,0.14134225249290466
1345256046571495424,modelc,42,0.000438888430283902,0,0,0.14090342819690704
1236714045341929481,modelc,42,0.04838612564152921,0,0,0.22930940985679626
1394295651266187265,modelc,42,0.015315522540683257,0,0,0.23119446635246277
1154438465280516096,modelc,42,0.044625013794608565,0,0,0.0849568247795105
1619516286312263681,modelc,42,0.020075837010110953,0,0,0.4658626616001129
1396537342085718017,modelc,42,0.03519288312370578,0,0,0.2107962965965271
1443682627614093314,modelc,42,0.03445129424027596,0,0,0.11248818039894104
1465147721724178432,modelc,42,0.046207351268534785,1,1,0.8223167657852173
1255492458164752387,modelc,42,0.02820481873622547,0,0,0.22616086900234222
1290986576667869185,modelc,42,0.041015565615813904,0,0,0.3351781368255615
1514288582332145670,modelc,42,0.02669243504741156,0,0,0.20857268571853638
1272357521324474368,modelc,42,0.04519439854895449,0,0,0.07908746600151062
1487252560700481537,modelc,42,0.08004946872357592,0,0,0.25101760029792786
1273740261621809154,modelc,42,0.017717369836239814,0,0,0.0967344418168068
1317661755363921920,modelc,42,0.06820402106059295,0,0,0.1558922678232193
1468405253758406661,modelc,42,0.005979162575739384,0,0,0.19711290299892426
1514920455643279365,modelc,42,0.0006175263799711959,0,0,0.08236788958311081
1291784215021805569,modelc,42,0.04999666114348879,0,0,0.3256951570510864
1357469393727365122,modelc,42,0.07935766405935717,0,0,0.1330292820930481
1248174910977040385,modelc,42,0.03313614693455494,0,0,0.14043135941028595
1287073267526897666,modelc,42,0.09197851511289794,0,0,0.10882475227117538
1116066316874670081,modelc,42,0.1406181074739169,1,1,0.8260725140571594
1296511371367124992,modelc,42,0.03826466191376778,0,0,0.08043738454580307
1345166234330017792,modelc,42,0.07452317144737317,0,0,0.11427196115255356
1245501628112867328,modelc,42,0.03574745688408958,0,0,0.08160624653100967
1578931526238343168,modelc,42,0.027371121860255886,0,0,0.23337458074092865
1286957308447260673,modelc,42,0.05073474933082495,1,1,0.8032269477844238
1393552840891719685,modelc,42,0.029451844081928417,0,0,0.0935399979352951
1262815859732611075,modelc,42,0.05133892775368801,1,1,0.7307506203651428
1599404086688092160,modelc,42,0.04069408101000806,0,0,0.25855904817581177
1648029372983439367,modelc,42,0.057235488657644724,0,0,0.10721281170845032
1265957010501230593,modelc,42,0.16260922296250174,0,0,0.10236288607120514
1246464469087256576,modelc,42,0.04914271263154046,1,0,0.18585394322872162
1211183459105796098,modelc,42,0.015538462160814582,0,0,0.09099303185939789
1118338313876844544,modelc,42,0.17588535215242274,0,0,0.10919349640607834
1135216071525511173,modelc,42,0.0213274942870357,0,0,0.09476012736558914
1527387745693224986,modelc,42,0.09036798201792401,0,0,0.12083787471055984
1232990916899561473,modelc,42,0.3296671034398503,1,1,0.8244288563728333
1345987250904068096,modelc,42,0.029173652512663625,0,0,0.08795540779829025
1546816084149501953,modelc,42,0.026488382831153783,0,0,0.08223447948694229
1457806433853005827,modelc,42,0.006749413305621483,0,0,0.12995865941047668
1402937907342544899,modelc,42,0.12140439314067011,0,0,0.10958300530910492
1603080434526859264,modelc,42,0.03849900476347067,0,0,0.25165969133377075
1109748138515054592,modelc,42,0.06318930150623264,1,1,0.8236119747161865
1488409288750284801,modelc,42,0.04974370792560719,0,0,0.0886617973446846
1532553712199245827,modelc,42,0.15715060373185458,0,1,0.5283437371253967
1491463980329570304,modelc,42,0.0454828865436054,0,0,0.09280618280172348
1611222836924010498,modelc,42,0.023458144752111762,0,0,0.10690494626760483
1537808851155795975,modelc,42,0.0329230123847915,0,0,0.13732649385929108
1630179384375263232,modelc,42,0.0066972856354003026,0,0,0.088053397834301
1393745779857272832,modelc,42,0.04059952255834766,1,1,0.8245816826820374
1509126359607660551,modelc,42,0.032895509552366746,0,0,0.08879486471414566
1126878156294586368,modelc,42,0.004800542549130335,0,0,0.09594441205263138
1225297729506594818,modelc,42,0.07634664018096822,0,0,0.4075864255428314
1394107831834476547,modelc,42,0.0005678276824497029,0,0,0.22768627107143402
1260269776150159360,modelc,42,0.0966370832740513,0,0,0.1403273642063141
1488747638602153986,modelc,42,0.04030487940667311,0,0,0.10384679585695267
1270348242543423488,modelc,42,0.05333677506802925,0,0,0.22434164583683014
1244176666802479104,modelc,42,0.09445435881498834,0,0,0.08276377618312836
1539951759405109249,modelc,42,0.018134151925313504,0,0,0.17891547083854675
1395747592307417092,modelc,42,0.020759468215457887,0,0,0.16805869340896606
1508152963587579909,modelc,42,0.09589962736504182,0,0,0.09529096633195877
1224025761092448257,modelc,42,0.1095156170033338,0,0,0.2526650130748749
1263867135194996737,modelc,42,0.008548656263325894,0,0,0.08694688230752945
1577071902572818434,modelc,42,0.021849944072676274,0,0,0.1159423366189003
1508857749089787912,modelc,42,0.07178776114828798,0,0,0.0931229367852211
1224373966363512833,modelc,42,0.009381828879187747,0,0,0.08538921922445297
1103282085832343555,modelc,42,0.0566573843065023,0,0,0.20655962824821472
1109170436078817282,modelc,42,0.09011981887483562,0,0,0.08877047896385193
1098057857482641408,modelc,42,0.22180140517659014,1,1,0.7824901938438416
1261011012100198404,modelc,42,0.0,1,1,0.8194589018821716
1237111189722640385,modelc,42,0.028583255984705166,0,0,0.09107517451047897
1115609269838024704,modelc,42,0.05793988931092072,0,0,0.13177275657653809
1293886666080260097,modelc,42,0.02833550149809839,0,0,0.08873573690652847
1395833782863814657,modelc,42,0.0,0,0,0.09010980278253555
1247909286568701958,modelc,42,0.08240131498971658,0,0,0.0843011885881424
1352044283587489792,modelc,42,0.00547188356997156,0,0,0.10263022780418396
1258110002906136578,modelc,42,0.06352063924945038,0,0,0.11959350854158401
1461202741666140161,modelc,42,0.03510185898688375,0,0,0.1468222737312317
1258017440362979332,modelc,42,0.05206561817714865,0,0,0.13823603093624115
1393327980387131398,modelc,42,0.009229743579529609,0,0,0.10226578265428543
1648322447089840140,modelc,42,0.06589570572260453,0,0,0.23767618834972382
1356256969359822851,modelc,42,0.005484665042503927,0,0,0.12340831011533737
1199437211772575744,modelc,42,0.039196154918024494,0,0,0.09210766106843948
1345112406326915074,modelc,42,0.020360951359185857,0,0,0.1353580504655838
1345737420101324806,modelc,42,0.02201348999942882,0,0,0.08613625168800354
1392990438546710533,modelc,42,0.004749033393544064,0,0,0.18110448122024536
1451592600918663172,modelc,42,0.02112957684785565,0,0,0.0880105271935463
1547841356113948674,modelc,42,0.0,0,0,0.08596792817115784
1313636764506968064,modelc,42,0.025930633704536417,0,0,0.0892212986946106
1354461395862040576,modelc,42,0.01578851794611756,0,0,0.08915472775697708
1255336798319972356,modelc,42,0.024142081779830224,0,0,0.08550417423248291
1346224388128051200,modelc,42,0.037094825041410096,0,0,0.10051725804805756
1193142802965782528,modelc,42,0.13155675789757357,1,1,0.8243617415428162
1392146737423290368,modelc,42,0.029602344869987335,0,0,0.16820776462554932
1226462657177210880,modelc,42,0.5375551071980919,1,1,0.7404043078422546
1345755511002689545,modelc,42,0.05216321053014358,1,1,0.8084556460380554
1593588138030804992,modelc,42,0.04836636441774729,0,0,0.10037878155708313
1641175481511714816,modelc,42,0.03785361750554297,0,1,0.5545505881309509
1565180170016735233,modelc,42,0.0,0,0,0.4195482134819031
1577125319710248960,modelc,42,0.017498043868576167,0,0,0.08957076072692871
1548349221429866498,modelc,42,0.03603870735582009,0,0,0.13378572463989258
1298217767297003521,modelc,42,0.041979325883148615,0,0,0.10916796326637268
1124008705845026823,modelc,42,0.06255135160452138,0,0,0.09038656204938889
1246121373472378880,modelc,42,0.22182220813150816,1,1,0.7494928240776062
1345778047421562880,modelc,42,0.019995035759899634,1,1,0.8254619836807251
1444988795108139008,modelc,42,0.018366053082020318,1,0,0.2817261219024658
1275278623860305922,modelc,42,0.06262814373877833,0,0,0.0925975888967514
1223263760950775808,modelc,42,0.08532119705653628,0,0,0.19016501307487488
1466446193337196552,modelc,42,0.0015607960970820671,0,0,0.0985109806060791
1512367141198213123,modelc,42,0.00046359452533343914,0,0,0.09620165079832077
1451346708579897345,modelc,42,0.03363780464841825,0,0,0.10081274807453156
1359732117211668481,modelc,42,0.006081808403262078,0,0,0.20310498774051666
1204634292044697600,modelc,42,0.09146275584657862,0,0,0.10934299230575562
1242197959413989377,modelc,42,0.010646038773514848,0,0,0.08592775464057922
1345415514424750083,modelc,42,0.008103894639731792,0,0,0.1330239474773407
1628172722969751552,modelc,42,0.025804310843100538,0,1,0.5287321209907532
1123014488888893440,modelc,42,0.06434392009138482,0,0,0.13621945679187775
1345690021563654144,modelc,42,0.031527835635685925,0,0,0.1780545562505722
1504459560207147011,modelc,42,0.0016436588064976288,0,0,0.16579443216323853
1507052730803802122,modelc,42,0.04307190660715111,0,0,0.1613185703754425
1270803144147075075,modelc,42,0.014579923885381443,1,1,0.7842808365821838
1274310552161079297,modelc,42,0.022234442104837986,0,0,0.10278773307800293
1564334956100423680,modelc,42,0.015707428071844415,0,0,0.13741929829120636
1388425054665510912,modelc,42,0.05907470068290863,0,0,0.32301825284957886
1585359766754586624,modelc,42,0.04405432834483791,1,1,0.8143261075019836
1463617131946205187,modelc,42,0.04210291537805331,1,1,0.5006794333457947
1222296463822049281,modelc,42,0.0314245323085666,0,0,0.10431104898452759
1218986472197566464,modelc,42,0.08029003568021967,0,0,0.19638103246688843
1594755480441733131,modelc,42,0.4395327952951432,1,0,0.27656471729278564
1508215661482463238,modelc,42,0.013690933350641256,0,0,0.2914627492427826
1216725210507902979,modelc,42,0.034704692276646236,0,0,0.084382563829422
1192249138957582338,modelc,42,0.05381668053929594,0,0,0.08206240087747574
1452130397932998657,modelc,42,0.05840785030692366,0,0,0.09269150346517563
1117368474597318661,modelc,42,0.02585524369929955,0,0,0.10809550434350967
1491416161812361216,modelc,42,0.03615050387520769,0,0,0.2326614409685135
1307141355915927553,modelc,42,0.2914135406122909,1,0,0.36177048087120056
1519509018271789056,modelc,42,0.0,0,0,0.29859137535095215
1482268883465777157,modelc,42,0.004245638370277803,0,0,0.1263742446899414
1291416524264222721,modelc,42,0.06618209091718816,0,0,0.10029140114784241
1530459713028390913,modelc,42,0.018054656151709435,0,0,0.0922970324754715
1606670420719067139,modelc,42,0.13512438230497714,1,1,0.5351397395133972
1514890228493963265,modelc,42,0.0,0,0,0.10158552974462509
1499672184414998536,modelc,42,0.02211796644714075,0,0,0.10129343718290329
1347316666028478466,modelc,42,0.0739000192997118,0,0,0.15428316593170166
1648058784890372097,modelc,42,0.034521953248958216,0,0,0.08547397702932358
1227781168109506560,modelc,42,0.1508727330274018,0,0,0.097640760242939
1379807592143290370,modelc,42,0.01687946495796374,0,0,0.09362674504518509
1487026637099126784,modelc,42,0.027346915136032234,0,0,0.09516379982233047
1355165540453642240,modelc,42,0.04032417972175812,0,0,0.08817741274833679
1298413749121024004,modelc,42,0.09826033313688479,0,0,0.21347472071647644
1575263521750847491,modelc,42,0.0,0,0,0.16534993052482605
1233438028846125058,modelc,42,0.2121257726428698,0,0,0.10341861099004745
1628082486772215841,modelc,42,0.05050839634380468,0,0,0.18537575006484985
1399046300872675328,modelc,42,0.005614424960491904,0,0,0.11608884483575821
1259954791591133185,modelc,42,0.005158886788738912,1,0,0.08726351708173752
1586732526223040512,modelc,42,0.044950133427544954,0,0,0.13523077964782715
1445380143384514561,modelc,42,0.03421254407181166,0,0,0.11015231162309647
1498475514394288129,modelc,42,0.01841907285150376,0,0,0.08826334029436111
1190205141380583424,modelc,42,0.16490920653873548,1,1,0.8212583661079407
1377716013916172292,modelc,42,0.033704542396511224,0,0,0.09815520793199539
1355641493956874241,modelc,42,0.004203876907484304,0,0,0.1832912117242813
1393667052968333318,modelc,42,0.13825031810618893,0,0,0.23134957253932953
1587412786375557120,modelc,42,0.2504811790924392,1,1,0.8110095262527466
1300489088198496258,modelc,42,0.06171334800379973,0,0,0.0914841890335083
1637493415016296449,modelc,42,0.08183355704414771,0,0,0.0964113101363182
1380751228171354112,modelc,42,0.061787203279624524,0,0,0.08397576957941055
1120860417645895680,modelc,42,0.22229844293545264,1,1,0.8128308653831482
1319668055367208961,modelc,42,0.00722050468986934,0,0,0.09494078904390335
1392520237539549188,modelc,42,0.07360634915128106,0,0,0.0996016338467598
1397398267806236676,modelc,42,0.02684142368651114,0,0,0.09003646671772003
1407216852875452443,modelc,42,0.04327633863051667,0,0,0.13046790659427643
1393616932696432640,modelc,42,0.12177377970087283,0,0,0.0995212197303772
1445042996408246275,modelc,42,0.01721022517038538,1,1,0.8129664659500122
1592051401177591808,modelc,42,0.04248127727167468,1,0,0.09097261726856232
1297284021282537472,modelc,42,0.03013872391608008,0,0,0.11927854269742966
1639011015076478977,modelc,42,0.10011120078373448,0,0,0.16439957916736603
1405155653988098056,modelc,42,0.023856071955814562,0,0,0.08309163898229599
1298280815273672705,modelc,42,0.04635763877336667,0,0,0.15910892188549042
1600473720186773505,modelc,42,0.15240955418331043,1,0,0.49674102663993835
1469703539081449472,modelc,42,0.007846395750156523,0,0,0.09503141790628433
1268558839214899201,modelc,42,0.015039889828980052,0,0,0.12531889975070953
1345451046475354112,modelc,42,0.0366264501800304,1,1,0.8004436492919922
1270982396121214978,modelc,42,0.07254238719361636,1,0,0.1624009609222412
1411961344962686978,modelc,42,0.006870401332522107,0,0,0.09175638109445572
1276793702472716289,modelc,42,0.00713714646892105,0,0,0.12430328130722046
1556353135844679680,modelc,42,0.11083641206974494,0,1,0.7864773869514465
1293954705257684992,modelc,42,0.0060770899933142485,0,0,0.209708109498024
1171163784762839042,modelc,42,0.04754745229032105,0,0,0.090669646859169
1122994928299036677,modelc,42,0.15659541245107508,1,1,0.8249067068099976
1298402312868724736,modelc,42,0.0059336006206491135,0,0,0.10031203180551529
1286786961542455298,modelc,42,0.002066593899332154,0,0,0.09548472613096237
1396689194106294278,modelc,42,0.033936606343978985,0,0,0.20000769197940826
1563287160908042241,modelc,42,0.24678356994438308,0,0,0.2518983483314514
1541730204648935425,modelc,42,0.1792025252062092,1,1,0.8182848691940308
1268895623278850050,modelc,42,0.05227847065409713,0,0,0.13122709095478058
1451370158367264777,modelc,42,0.10433632702037578,0,1,0.6105354428291321
1491958977667682308,modelc,42,0.0011680903903567195,0,0,0.11569225043058395
1396966089708425218,modelc,42,0.02480198618480087,0,0,0.08529315143823624
1442978128394014722,modelc,42,0.03462508757465059,0,0,0.10671290755271912
1458514255716786182,modelc,42,0.040953885016105994,0,0,0.18681055307388306
1321845326555176960,modelc,42,0.0045475323036369515,0,0,0.11129180341959
1633559221227642883,modelc,42,0.10186333844342332,0,0,0.306360125541687
1586647573368037376,modelc,42,0.014529888319309993,1,1,0.8157294988632202
1241856213811412992,modelc,42,0.039391566543133985,0,0,0.0867280587553978
1647374538324189184,modelc,42,0.0014021545119711288,0,1,0.7439355254173279
1345235597749854208,modelc,42,0.12237513053538898,1,1,0.8147847056388855
1239012712673411078,modelc,42,0.0,0,0,0.17346210777759552
1582437173277601792,modelc,42,0.318039801046655,0,0,0.19755308330059052
1120591069526228997,modelc,42,0.13767329320335336,0,0,0.09926550835371017
1283422598613868546,modelc,42,0.005810382143292624,0,0,0.08905013650655746
1196747794264051713,modelc,42,0.11869039010030412,0,0,0.13290399312973022
1300022096064520193,modelc,42,0.07009656115710894,1,0,0.17588482797145844
1347894076318879744,modelc,42,0.046441294320400124,0,0,0.2658146023750305
1343348218743164928,modelc,42,0.06976873236947635,0,0,0.10505685955286026
1288266046248562689,modelc,42,0.10996943029619075,0,0,0.08652707934379578
1394273212100456448,modelc,42,0.0930162723517167,1,1,0.8270657658576965
1345212454469566466,modelc,42,0.15598243888563879,0,0,0.1481911689043045
1316806707725709314,modelc,42,0.09556590883238644,0,0,0.12312423437833786
1274382276730802176,modelc,42,0.009339034448831576,0,0,0.20647667348384857
1630353342328107008,modelc,42,0.031224943021844295,0,0,0.11693859845399857
1518388184870178816,modelc,42,0.029643120031326055,0,0,0.08535658568143845
1597318794422411265,modelc,42,0.011501297892453858,0,0,0.14568877220153809
1297728264358813698,modelc,42,0.0028242553096927254,0,0,0.09996755421161652
1092607702524743680,modelc,42,0.01683017409606989,0,0,0.13227075338363647
1558159706383912964,modelc,42,0.05838365357036488,0,0,0.08533114939928055
1574261143576535040,modelc,42,0.0452721926498286,1,1,0.8207191228866577
1401102417559580678,modelc,42,0.017857337494817504,0,0,0.08359622210264206
1308105045452390403,modelc,42,0.16123532442696317,0,0,0.126064270734787
1508194787001831431,modelc,42,0.033747808752120564,0,0,0.10561800748109818
1232601234143678464,modelc,42,0.025265391037636187,0,0,0.3348153531551361
1283393408778870785,modelc,42,0.02014009827859911,0,0,0.10252735018730164
1515204878397849601,modelc,42,0.13472060792161386,0,0,0.07890255749225616
1542274011576602626,modelc,42,0.036853769220142385,0,1,0.7504007816314697
1293974461662793728,modelc,42,0.03988867874480318,0,0,0.27495473623275757
1211490408754270210,modelc,42,0.0068919716170734195,0,0,0.10049154609441757
1097212292893196289,modelc,42,0.50740065207075,1,1,0.8227210640907288
1581970735957872640,modelc,42,0.05856470645734926,0,0,0.13229456543922424
1225984535046840320,modelc,42,0.02686110274153399,1,1,0.8028531670570374
1604186809625415680,modelc,42,0.05165011900118284,0,0,0.07756850868463516
1163972893765775365,modelc,42,0.07981813693335342,0,0,0.11229585111141205
1341775550189350912,modelc,42,0.023821896035070858,0,0,0.13588227331638336
1286748877563891713,modelc,42,0.041714433551201135,0,0,0.13701283931732178
1460712630553923584,modelc,42,0.18135084999360215,0,0,0.08733472228050232
1477825713206177792,modelc,42,0.038248625728720446,0,0,0.0947079285979271
1284434882140176389,modelc,42,0.0034306754620099062,1,1,0.7658236026763916
1255205589396979724,modelc,42,0.0346875317081917,0,0,0.10061899572610855
1449353935626588163,modelc,42,0.008337588703657544,0,0,0.08866681903600693
1287098479496634370,modelc,42,0.00877466998392862,0,0,0.09490597248077393
1241902809592803328,modelc,42,0.3869053669408879,1,1,0.8301373720169067
1235962772770283522,modelc,42,0.14759648836791095,0,0,0.08210824429988861
1448053433374740482,modelc,42,0.02880147116855129,0,0,0.08565608412027359
1282333713267859458,modelc,42,0.028578922120228337,1,1,0.7607303261756897
1325795907514863622,modelc,42,0.058680259503394186,0,0,0.09632819890975952
1417228816808820741,modelc,42,0.012775661212112413,0,0,0.10986821353435516
1611744750368956416,modelc,42,0.01277342880590226,0,0,0.0853358581662178
1521292300260888578,modelc,42,0.01391428006750798,0,0,0.08934125304222107
1203555334805164033,modelc,42,0.12022240667611542,1,1,0.7641394138336182
1580245639979749377,modelc,42,0.025476902659572878,0,0,0.2579749822616577
1463578662922604548,modelc,42,0.18778606391655456,0,0,0.08681927621364594
1449684061912510466,modelc,42,0.01122727975404356,0,0,0.0810513123869896
1152034933176590336,modelc,42,0.21385207846770385,1,1,0.8302891254425049
1584558203626434560,modelc,42,0.05253294414147669,0,0,0.15029381215572357
1553717576458534912,modelc,42,0.005143558861787431,0,0,0.08735501766204834
1255567029551144964,modelc,42,0.08220879189277604,0,0,0.11882966011762619
1545151228413415425,modelc,42,0.17960412708205073,1,1,0.815092921257019
1468967696523878410,modelc,42,0.07108002758404801,0,0,0.09151019155979156
1489845616750444545,modelc,42,0.012622248550042327,0,0,0.11112241446971893
1393522778440093700,modelc,42,0.013155106878318003,0,0,0.08612116426229477
1345567610780397570,modelc,42,0.020597185930232888,0,0,0.09525243937969208
1547669888851795979,modelc,42,0.059606391239045535,0,0,0.31076404452323914
1513201920797810690,modelc,42,0.10214331545653528,0,1,0.6534467339515686
1284847378499944449,modelc,42,0.1814352410918232,0,0,0.08536127209663391
1516924289143951360,modelc,42,0.24752143994197767,0,0,0.10961469262838364
1449714900805242883,modelc,42,0.029851939679599423,0,0,0.15185785293579102
1258707209304891392,modelc,42,0.024820804712539054,0,0,0.09058581292629242
1511107589932830723,modelc,42,0.006602762409834582,0,0,0.21091187000274658
1219921409415270400,modelc,42,0.03478534586467735,0,0,0.093691386282444
1542857597589528577,modelc,42,0.0,1,1,0.8127371668815613
1620508837328588803,modelc,42,0.0965318646671254,1,0,0.38212642073631287
1144672451592413185,modelc,42,0.3072424034651914,1,1,0.8155197501182556
1198999631323115520,modelc,42,0.13609435659249375,0,0,0.10180182754993439
1365488105378230278,modelc,42,0.025184005326707164,0,0,0.08111356943845749
1637857580776312834,modelc,42,0.06096444533649704,1,0,0.18568089604377747
1539994279455719424,modelc,42,0.051475221947506304,0,0,0.2116144597530365
1551584334104215552,modelc,42,0.03156980462804669,0,0,0.08710416406393051
1283750313418055681,modelc,42,0.018521113117869088,0,0,0.0955859050154686
1392197387427274755,modelc,42,0.009261625329048699,0,0,0.171628937125206
1233959222305607680,modelc,42,0.08778539325696387,1,1,0.8287805914878845
1625906106156429330,modelc,42,0.023430562824432847,1,0,0.13877244293689728
1619534124024487937,modelc,42,0.0290620886544315,0,0,0.08293093740940094
1509027883716526080,modelc,42,0.020461343758933048,0,0,0.19746753573417664
1293924575890345985,modelc,42,0.01721372902369132,0,0,0.09536626935005188
1646011668751699972,modelc,42,0.00963658975025835,0,1,0.5446690320968628
1506007293728591873,modelc,42,0.06567781263820285,0,0,0.21746549010276794
1643707401512550400,modelc,42,0.039108713732704435,0,0,0.16305318474769592
1210275610813054976,modelc,42,0.026037180704499334,0,0,0.08311990648508072
1635345125575626752,modelc,42,0.02941908144786599,0,0,0.10447575896978378
1381927979090075651,modelc,42,0.16617518640630088,0,0,0.11283726245164871
1345012434608795650,modelc,42,0.005621522754585713,0,0,0.4379066526889801
1286035333755305984,modelc,42,0.07826366537538063,0,0,0.12467063218355179
1554196257270284294,modelc,42,0.017242111511889202,0,0,0.08139060437679291
1090985813398061056,modelc,42,0.7144046564977359,1,1,0.8190366625785828
1212830436012908544,modelc,42,0.060802226806974315,0,0,0.14572913944721222
1539054160896827392,modelc,42,0.042701227532115645,0,0,0.10249694436788559
1270774783958016005,modelc,42,0.07572265871269979,0,0,0.09248338639736176
1205464611157413888,modelc,42,0.1744360744430556,1,1,0.6959251165390015
1470443338213957637,modelc,42,0.012134679769798202,0,0,0.1237255185842514
1646682021396115456,modelc,42,0.04264983640982251,0,0,0.09905355423688889
1103688981038985217,modelc,42,0.010396191204097486,0,0,0.08527711033821106
1396961028102053893,modelc,42,0.06616222277541563,1,0,0.2570660710334778
1103013290916175874,modelc,42,0.010402238849086724,0,0,0.09041997790336609
1284764621560315904,modelc,42,0.0317488093080537,0,0,0.08421185612678528
1281292234013446145,modelc,42,0.053545710958670084,0,0,0.08472216129302979
1636400650786426883,modelc,42,0.09769746498127231,0,0,0.12731604278087616
1219628821881802753,modelc,42,0.038465062151941044,0,0,0.154850035905838
1585465243727056896,modelc,42,0.0,0,0,0.27684321999549866
1517548575332265984,modelc,42,0.06786310988423552,0,0,0.10201246291399002
1223652621153722372,modelc,42,0.12191381202191894,0,0,0.0867072194814682
1106562886778998785,modelc,42,0.0,1,1,0.8136720657348633
1518553007582892032,modelc,42,0.023959143394562468,0,0,0.08717826008796692
1397954044455391233,modelc,42,0.1097749074646122,0,1,0.5802573561668396
1252073855046352897,modelc,42,0.04023672762877345,0,0,0.09330019354820251
1515229140768546819,modelc,42,0.035911566931926715,1,0,0.2057933211326599
1542539148841607169,modelc,42,0.07105754044146938,0,1,0.7120953798294067
1427586547621236739,modelc,42,0.005049279640833335,0,0,0.0833045244216919
1177946201179578368,modelc,42,0.35963311583052543,0,0,0.3432099521160126
1253687689410416641,modelc,42,0.029181440119002203,0,0,0.09312702715396881
1222396158653259777,modelc,42,1.2636901044335199e-05,0,0,0.10179953277111053
1217246308743962624,modelc,42,0.07064084937493417,0,0,0.16277369856834412
1382668135690428419,modelc,42,0.07060136003337902,0,0,0.08094114065170288
1650582626758180865,modelc,42,0.0,0,0,0.10258370637893677
1252009084078997505,modelc,42,0.05046875783336991,1,0,0.13988830149173737
1248241876005724161,modelc,42,0.035548418313094424,0,0,0.08485755324363708
1543360155651391500,modelc,42,0.02435393722762524,0,1,0.6277748942375183
1318980851808481281,modelc,42,0.0014732495088989105,0,0,0.09035468846559525
1397587532574040069,modelc,42,0.0025265335957222962,0,0,0.1009049192070961
1466454112279662604,modelc,42,0.0032942528337170955,0,0,0.08600500971078873
1526762269064974346,modelc,42,0.1657041451902845,1,1,0.7912158370018005
1566132180467814400,modelc,42,0.0568044331030075,0,0,0.08098755776882172
1644717646246473736,modelc,42,0.08044266328740045,0,0,0.09386923164129257
1573081978949505024,modelc,42,0.07777041142296942,1,1,0.7701267004013062
1544818240484155392,modelc,42,0.005191469521426673,0,0,0.11115114390850067
1121874377631465474,modelc,42,0.030700896627568173,0,0,0.08335477113723755
1291623819572989955,modelc,42,0.0715649185439951,1,1,0.7163931131362915
1580600904746962945,modelc,42,0.08235820713703776,1,1,0.8272374272346497
1428807603031789569,modelc,42,0.022722419815705275,0,1,0.6447795629501343
1109061649242226688,modelc,42,0.008223553022987017,0,0,0.09748535603284836
1392756158914600960,modelc,42,0.09601388319807183,0,0,0.08786537498235703
1133067761184378885,modelc,42,0.4718643243095198,1,1,0.8201258182525635
1468658508014911492,modelc,42,0.003652399045907934,0,0,0.1489872932434082
1579549222038560768,modelc,42,0.06717741314642293,0,0,0.08038869500160217
1644465858670993409,modelc,42,0.008015176816091938,1,0,0.48337870836257935
1506076192130191360,modelc,42,0.07310063436096369,0,0,0.08341025561094284
1159696677130948608,modelc,42,0.0059511250542895406,0,0,0.17807894945144653
1633114503305936899,modelc,42,0.04394424572941128,0,1,0.7380084991455078
1128058851188670470,modelc,42,0.07671666926859101,0,0,0.13637587428092957
1296858111521648640,modelc,42,0.021298700588817526,0,1,0.7122855186462402
1187403288007888898,modelc,42,0.0,0,0,0.11352552473545074
1458036894860775426,modelc,42,0.005665659937467613,0,0,0.13716532289981842
1356378388164976645,modelc,42,0.03165026866496242,0,0,0.11832713335752487
1517749284304695298,modelc,42,0.08605370509337985,0,0,0.37683045864105225
1256562515288494082,modelc,42,0.09658181276849032,0,0,0.08146969228982925
1526056251007852544,modelc,42,0.016934239991338192,0,0,0.10580717772245407
1352771322863116288,modelc,42,0.04339049681375974,0,1,0.7375017404556274
1393789126772543490,modelc,42,0.26103466047708507,0,0,0.1098882406949997
1360239202827403267,modelc,42,0.08234308126011945,0,0,0.09227082133293152
1353190490305392640,modelc,42,0.03044252872302552,0,0,0.13058917224407196
1357201397838618624,modelc,42,0.053283821562215936,0,0,0.11887641251087189
1255823949532987397,modelc,42,0.07510523604479172,1,0,0.11469095200300217
1272891981480497152,modelc,42,0.018156179346179555,0,0,0.08910217881202698
1354349851581034498,modelc,42,0.047204100109210376,0,0,0.08376359939575195
1120663055526957062,modelc,42,0.14892967670144072,0,0,0.15048569440841675
1283401552032456705,modelc,42,0.03230064823365986,0,0,0.21670134365558624
1524755538415861761,modelc,42,0.013229272015288016,0,0,0.36331862211227417
1399745357555322889,modelc,42,0.08660046477373481,0,0,0.12182188034057617
1519841120473202688,modelc,42,0.04848734263343202,0,0,0.08136554807424545
1300150538668060674,modelc,42,0.0720948108253123,0,0,0.19011715054512024
1209982157982248961,modelc,42,0.15317223916849523,0,1,0.7406766414642334
1645009221635694593,modelc,42,0.018824351960547936,1,1,0.8293707966804504
1215515751496339456,modelc,42,0.022199023563787706,0,0,0.10904980450868607
1426471423086764033,modelc,42,0.032588348028061966,1,1,0.788648784160614
1232887804969078789,modelc,42,0.006496021928710236,1,1,0.7975068688392639
1407469081494757382,modelc,42,0.09514670186816018,0,0,0.08538437634706497
1470482593539837954,modelc,42,0.0021036885154952444,0,0,0.08253572881221771
1413068266759655427,modelc,42,0.08094960486205324,0,0,0.1050821915268898
1229152388851929091,modelc,42,0.008780203775038662,0,0,0.11583512276411057
1286027681230753793,modelc,42,0.11106640855202161,0,0,0.0826326534152031
1415047667613327369,modelc,42,0.20964966659484857,0,0,0.09707054495811462
1394017841121308673,modelc,42,0.008797452958733994,1,1,0.813844621181488
1085296318040473600,modelc,42,0.09595799141455433,0,0,0.09995970129966736
1434894931143929858,modelc,42,0.10318948897296933,0,0,0.0865010991692543
1256536483332317184,modelc,42,0.035159324085369724,0,0,0.08722537010908127
1600224079482454016,modelc,42,0.07217838938261051,0,0,0.08362404257059097
1567171489509564416,modelc,42,0.025194752988055617,0,0,0.13613136112689972
1556401396651397120,modelc,42,0.004151346815263332,0,0,0.09058991819620132
1258474383900893189,modelc,42,3.104146217911559e-05,0,0,0.10672561824321747
1207550765260132353,modelc,42,0.03671542751253783,0,0,0.08638636767864227
1449058322360020992,modelc,42,0.018058750616588598,0,0,0.14669494330883026
1455148755435630594,modelc,42,0.023885785623178706,0,0,0.08678442984819412
1223994516903997444,modelc,42,0.015125739893195008,0,0,0.14602088928222656
1284281138467319808,modelc,42,0.004094031336588716,0,0,0.12660884857177734
1578140790592782336,modelc,42,0.05020423681427111,1,0,0.10610267519950867
1222708257648594944,modelc,42,0.07129575186401074,0,0,0.09391241520643234
1250166932768088064,modelc,42,0.5428189662187712,1,1,0.823214590549469
1232852903909441537,modelc,42,0.3524772699482955,1,1,0.8238117098808289
1311402290167783424,modelc,42,0.017715928162908557,0,0,0.17314574122428894
1245701249732734977,modelc,42,0.13679221787855364,1,0,0.12814907729625702
1212868104658849795,modelc,42,0.0770844834491779,0,0,0.113982193171978
1352210396833337345,modelc,42,0.019434367920700104,0,0,0.1310708075761795
1241946825055141889,modelc,42,0.006808396263768682,0,0,0.0801500529050827
1260225918980816902,modelc,42,0.05023512346470727,0,0,0.0851759985089302
1393777583414669317,modelc,42,0.01005851628047611,0,0,0.09001019597053528
1229308060419514369,modelc,42,0.08825317770105623,0,0,0.0830705314874649
1229222882112348166,modelc,42,0.027836692433593938,0,0,0.08164508640766144
1588261196573986816,modelc,42,0.031246625433940224,1,1,0.8203983902931213
1462395459557810176,modelc,42,0.056714399324075224,0,0,0.08491308242082596
1442869344946454529,modelc,42,0.0010184506431486634,0,0,0.08755557239055634
1255605234619072519,modelc,42,0.006864859323088412,0,0,0.12639765441417694
1499012058175655938,modelc,42,0.019894165919257117,0,0,0.1408172994852066
1462851931945283589,modelc,42,0.10358947993426648,0,0,0.11285708844661713
1247576003800686600,modelc,42,0.03785203532296737,0,0,0.08053387701511383
1104601295523000323,modelc,42,0.20413793162976465,1,1,0.5954513549804688
1263682260768681986,modelc,42,0.06052598629133407,0,0,0.09712900966405869
1123871012746092545,modelc,42,0.14256695970129096,0,0,0.08811594545841217
1600150773924450304,modelc,42,0.015387044930107263,0,1,0.8020024299621582
1236854787334909953,modelc,42,0.11611179689944738,0,0,0.21171313524246216
1397658343041339392,modelc,42,0.18291632100905772,0,0,0.19504228234291077
1454323555420803073,modelc,42,0.009245715289239727,0,0,0.22473885118961334
1619614295335239680,modelc,42,0.03929231148408031,0,0,0.16091671586036682
1345745635924992000,modelc,42,0.011875557395351819,1,0,0.326691210269928
1219355089854439424,modelc,42,0.051577964183257975,1,0,0.15838049352169037
1233846578366078986,modelc,42,0.16933395553929984,1,0,0.3942972719669342
1310174329653530624,modelc,42,0.00869972885449761,0,0,0.11682499945163727
1421844891404062726,modelc,42,0.004784848533469124,0,0,0.1268216371536255
1393372156482949129,modelc,42,0.26092544119161454,0,0,0.20239369571208954
1267842168128966657,modelc,42,0.012511947242600982,0,1,0.7430442571640015
1555651653453348865,modelc,42,0.08315355164582305,0,0,0.09006793797016144
1389360261270806533,modelc,42,0.013201625209646767,0,0,0.10464460402727127
1576232372063772672,modelc,42,0.044407201212495515,0,0,0.11514239758253098
1518769899996606464,modelc,42,0.14543310768459067,0,0,0.11563361436128616
1298736963000901632,modelc,42,0.0040193540795521576,0,0,0.10438505560159683
1194722327952547844,modelc,42,0.14359941106964214,1,1,0.7752085328102112
1604141984712531968,modelc,42,0.007826622495427694,1,0,0.32538169622421265
1266753810392854529,modelc,42,0.10884489093026897,0,0,0.10142245143651962
1417123755390689287,modelc,42,0.2278721596436258,0,1,0.5300289988517761
1288838940569620483,modelc,42,0.020747067162885855,0,0,0.13129250705242157
1412564686516666369,modelc,42,0.0016919971597103643,0,0,0.0785694420337677
1376823894569443329,modelc,42,0.04010077998239154,0,0,0.08749400824308395
1369368335532589061,modelc,42,0.0638602971797418,0,0,0.11179724335670471
1224738215652814849,modelc,42,0.04681201174110462,0,0,0.1049065887928009
1185557829501018114,modelc,42,0.08119585269166583,1,0,0.08740483969449997
1274205440239374337,modelc,42,0.2245684316660058,0,0,0.08609474450349808
1509567860095569937,modelc,42,0.07593985877588058,0,0,0.09173016250133514
1457557396973187088,modelc,42,0.09507315270032869,0,0,0.07506678998470306
1238978053633716226,modelc,42,0.16714497145701246,0,0,0.19455532729625702
1137416842560118784,modelc,42,0.0458858725163672,0,0,0.0806710496544838
1474945563271606273,modelc,42,0.002545956107604142,0,0,0.1081417128443718
1601901750096924674,modelc,42,0.020069688170690134,0,0,0.13351988792419434
1249002861129863170,modelc,42,0.08294606162904976,0,0,0.10956255346536636
1289575405611921411,modelc,42,0.05562469961199911,0,0,0.08649972081184387
1263521952364474368,modelc,42,0.09485952446554399,0,1,0.5003286004066467
1468332039216803847,modelc,42,0.02565439172680385,0,0,0.11142302304506302
1487758635275014149,modelc,42,0.12102561231999223,0,0,0.09948576986789703
1609464228045365248,modelc,42,0.0,0,0,0.15701164305210114
1355618686770569219,modelc,42,0.032603811425169126,0,0,0.08877220004796982
1232922381544386560,modelc,42,0.07576741308950569,1,1,0.8234032392501831
1345353737368457221,modelc,42,0.1823698664080327,0,0,0.24810653924942017
1263926391474491392,modelc,42,0.012703693127141088,0,1,0.814749538898468
1262954263384334338,modelc,42,0.03477419776456503,0,0,0.09059637039899826
1355356438714003459,modelc,42,0.031252944902840286,0,0,0.10160215198993683
1478755285934252032,modelc,42,0.049539728118255605,0,0,0.12694425880908966
1247933746881462273,modelc,42,0.03318455070677785,0,1,0.5631016492843628
1114201210960085002,modelc,42,0.07136089891540144,0,0,0.08227583020925522
1567548400983228421,modelc,42,0.011754908447803704,1,0,0.19314712285995483
1393566849275555845,modelc,42,0.0867633976743244,0,0,0.14329591393470764
1440444267135004681,modelc,42,0.00977938274573136,0,0,0.11700848489999771
1569022602882039812,modelc,42,0.033358362177764986,0,0,0.08855322003364563
1268796619761291264,modelc,42,0.04302443223414837,0,0,0.09828324615955353
1466588575697309698,modelc,42,0.17533306916964958,0,0,0.09314970672130585
1358471344753569792,modelc,42,0.052142759042669934,0,0,0.14171312749385834
1466314626426146818,modelc,42,0.002497164858756894,0,0,0.11865899711847305
1559265728037109765,modelc,42,0.03114972232564365,0,0,0.1518564373254776
1285236887599419392,modelc,42,0.08355986265737124,0,0,0.08102261275053024
1421202358105690121,modelc,42,0.026458913164037215,0,0,0.08984138071537018
1230462416368099328,modelc,42,0.23970954699586677,0,0,0.1139494925737381
1276280108278415360,modelc,42,0.049419647984886676,0,0,0.10944681614637375
1251955772797399044,modelc,42,0.1308745464477192,0,0,0.15380913019180298
1252583581685252097,modelc,42,0.03566397531032244,0,0,0.08628936856985092
1564590802348949504,modelc,42,0.0,0,0,0.19695699214935303
1566917637564768256,modelc,42,0.005414485168451722,0,0,0.1868816763162613
1599649990762434560,modelc,42,0.027368991209112247,0,0,0.181558296084404
1575021890040537090,modelc,42,0.0068469035328238064,0,0,0.1885160654783249
1645040637119438848,modelc,42,0.09182184715967369,0,0,0.09345389902591705
1594193136632623104,modelc,42,0.16720807225152778,0,0,0.198696568608284
1188204586290561026,modelc,43,0.1267191849562945,1,1,0.8019445538520813
1393758809622032390,modelc,43,0.009578854399577433,0,0,0.0906151607632637
1229832103891595264,modelc,43,0.13176829031034498,0,0,0.09669645130634308
1125194075316064256,modelc,43,0.21785853122587087,0,0,0.37161025404930115
1523450483053973504,modelc,43,0.04119988867760011,0,0,0.2278355062007904
1345256046571495424,modelc,43,0.050815937880061626,0,0,0.1312350034713745
1236714045341929481,modelc,43,0.25533435454458214,0,0,0.20602157711982727
1394295651266187265,modelc,43,0.02636197229448177,0,0,0.33066391944885254
1154438465280516096,modelc,43,0.010949076696505708,0,0,0.10041596740484238
1619516286312263681,modelc,43,0.07289516354616628,0,0,0.45212647318840027
1396537342085718017,modelc,43,0.07842281420657411,0,0,0.1685473769903183
1443682627614093314,modelc,43,0.044684619600159986,0,0,0.13287603855133057
1465147721724178432,modelc,43,0.034662434098909754,1,1,0.798000156879425
1255492458164752387,modelc,43,0.012599520873249838,0,0,0.15668180584907532
1290986576667869185,modelc,43,0.21043013393726492,0,0,0.307307630777359
1514288582332145670,modelc,43,0.0764794058695329,0,0,0.14688920974731445
1272357521324474368,modelc,43,0.05261983448452698,0,0,0.09289354830980301
1487252560700481537,modelc,43,0.32125612791569874,0,1,0.7170031666755676
1273740261621809154,modelc,43,0.00018636380785774383,0,0,0.09938540309667587
1317661755363921920,modelc,43,0.06681726717307584,0,0,0.22776587307453156
1468405253758406661,modelc,43,0.01701085650789105,0,0,0.2019873708486557
1514920455643279365,modelc,43,0.014556478331872057,0,0,0.092506542801857
1291784215021805569,modelc,43,0.14085586827635507,0,0,0.20453570783138275
1357469393727365122,modelc,43,0.0032450595950961007,0,0,0.2117515653371811
1248174910977040385,modelc,43,0.20586967505371162,0,0,0.15699172019958496
1287073267526897666,modelc,43,0.1013908808051131,0,0,0.1468421220779419
1116066316874670081,modelc,43,0.09653645780123876,1,1,0.8099965453147888
1296511371367124992,modelc,43,0.03134731564007712,0,0,0.09591104090213776
1345166234330017792,modelc,43,0.033782744565219076,0,0,0.176005557179451
1245501628112867328,modelc,43,0.033185647218155874,0,0,0.08906744420528412
1578931526238343168,modelc,43,0.07005732687096851,0,0,0.3375042676925659
1286957308447260673,modelc,43,0.12386302929894995,1,1,0.7703395485877991
1393552840891719685,modelc,43,0.022087967717105778,0,0,0.12050405144691467
1262815859732611075,modelc,43,0.07390621283429333,1,1,0.5630891919136047
1599404086688092160,modelc,43,0.0874284719296178,0,0,0.19047842919826508
1648029372983439367,modelc,43,0.0021289670318535956,0,0,0.10177218168973923
1265957010501230593,modelc,43,0.12607514822254615,0,0,0.1434069573879242
1246464469087256576,modelc,43,0.11020164975849712,1,0,0.11871916800737381
1211183459105796098,modelc,43,0.0011491800539920598,0,0,0.12096749246120453
1118338313876844544,modelc,43,0.06636761441488571,0,0,0.09889661520719528
1135216071525511173,modelc,43,0.16220143479584098,0,0,0.1271987110376358
1527387745693224986,modelc,43,0.20331106461162346,0,0,0.14897485077381134
1232990916899561473,modelc,43,0.10780306468489242,1,1,0.7899391651153564
1345987250904068096,modelc,43,0.039800606784092404,0,0,0.09536558389663696
1546816084149501953,modelc,43,0.0004820396387974055,0,0,0.096701979637146
1457806433853005827,modelc,43,0.008670226840950082,0,0,0.1740029752254486
1402937907342544899,modelc,43,0.05254188946736506,0,0,0.18816262483596802
1603080434526859264,modelc,43,0.07390628788111828,0,0,0.2647327184677124
1109748138515054592,modelc,43,0.15314977277030303,1,1,0.7940288186073303
1488409288750284801,modelc,43,0.014809090470714017,0,0,0.10410331934690475
1532553712199245827,modelc,43,0.05979695315763177,0,0,0.19881325960159302
1491463980329570304,modelc,43,0.03224349684926587,0,0,0.15238112211227417
1611222836924010498,modelc,43,0.04246038134701547,0,0,0.189497172832489
1537808851155795975,modelc,43,0.014385163701348624,0,0,0.21448186039924622
1630179384375263232,modelc,43,0.051098061246361466,0,0,0.09762025624513626
1393745779857272832,modelc,43,0.13113586663457125,1,1,0.7649048566818237
1509126359607660551,modelc,43,0.08086456298387663,0,0,0.09998495131731033
1126878156294586368,modelc,43,0.02589048269588538,0,0,0.1399710774421692
1225297729506594818,modelc,43,0.11934108149544796,0,0,0.287032812833786
1394107831834476547,modelc,43,0.023715439195794434,0,0,0.27375635504722595
1260269776150159360,modelc,43,0.1539658506236637,0,0,0.18140262365341187
1488747638602153986,modelc,43,0.021576636601114862,0,0,0.11011135578155518
1270348242543423488,modelc,43,0.07563161515796138,0,0,0.15495850145816803
1244176666802479104,modelc,43,0.1746833056444599,0,0,0.10214871913194656
1539951759405109249,modelc,43,0.0013075696070822913,0,0,0.18514008820056915
1395747592307417092,modelc,43,0.00200178278099794,0,0,0.17637179791927338
1508152963587579909,modelc,43,0.008055599971368455,0,0,0.1379929929971695
1224025761092448257,modelc,43,0.10787236855979256,0,0,0.30920347571372986
1263867135194996737,modelc,43,0.04837350147367878,0,0,0.09951503574848175
1577071902572818434,modelc,43,0.004568892195880917,0,0,0.11291840672492981
1508857749089787912,modelc,43,0.11393332732578561,0,0,0.12190788239240646
1224373966363512833,modelc,43,0.0027685223844928497,0,0,0.16696280241012573
1103282085832343555,modelc,43,0.05840717705902937,0,0,0.21177110075950623
1109170436078817282,modelc,43,0.18827562045880802,0,0,0.10837973654270172
1098057857482641408,modelc,43,0.21726588686195833,1,1,0.7795736193656921
1261011012100198404,modelc,43,0.0,1,1,0.5038708448410034
1237111189722640385,modelc,43,0.008860334074988043,0,0,0.09173527359962463
1115609269838024704,modelc,43,0.1211861643520377,0,0,0.14343838393688202
1293886666080260097,modelc,43,0.00031905928551416224,0,0,0.08943796157836914
1395833782863814657,modelc,43,0.0,0,0,0.1315399408340454
1247909286568701958,modelc,43,0.01721104909695365,0,0,0.10790921002626419
1352044283587489792,modelc,43,0.05902318855223717,0,0,0.17998065054416656
1258110002906136578,modelc,43,0.07505053110988663,0,0,0.21719469130039215
1461202741666140161,modelc,43,0.06647090942279302,0,0,0.13083311915397644
1258017440362979332,modelc,43,0.07746954536683745,0,0,0.13733328878879547
1393327980387131398,modelc,43,0.03296497468481222,0,0,0.1609823852777481
1648322447089840140,modelc,43,0.08285904657834928,0,1,0.6314461827278137
1356256969359822851,modelc,43,0.007277367224588884,0,0,0.1598822921514511
1199437211772575744,modelc,43,0.008004174039684519,0,0,0.090754434466362
1345112406326915074,modelc,43,0.06549386360002742,0,0,0.14539717137813568
1345737420101324806,modelc,43,0.009072742327705599,0,0,0.08816789835691452
1392990438546710533,modelc,43,0.049335740380539284,0,0,0.22412258386611938
1451592600918663172,modelc,43,0.014398590830781868,0,0,0.10626331716775894
1547841356113948674,modelc,43,0.0,0,0,0.17755602300167084
1313636764506968064,modelc,43,0.024215944612147672,0,0,0.08834263682365417
1354461395862040576,modelc,43,0.011280481791221741,0,0,0.09269297122955322
1255336798319972356,modelc,43,0.017978607928149686,0,0,0.09314096719026566
1346224388128051200,modelc,43,0.05646646514280091,0,0,0.13107474148273468
1193142802965782528,modelc,43,0.16769824584686685,1,1,0.7932413220405579
1392146737423290368,modelc,43,0.008095143592545226,0,0,0.2192770391702652
1226462657177210880,modelc,43,0.3193613131343492,1,1,0.7090553641319275
1345755511002689545,modelc,43,0.019594749407110736,1,1,0.7689543962478638
1593588138030804992,modelc,43,0.09209572507669699,0,0,0.17964684963226318
1641175481511714816,modelc,43,0.003716927738407919,0,0,0.26658913493156433
1565180170016735233,modelc,43,0.0,0,0,0.39012610912323
1577125319710248960,modelc,43,0.014497233468239848,0,0,0.11271020770072937
1548349221429866498,modelc,43,0.02151137034252786,0,0,0.2199050784111023
1298217767297003521,modelc,43,0.012019689649002706,0,0,0.14388804137706757
1124008705845026823,modelc,43,0.02058375932405155,0,0,0.11310696601867676
1246121373472378880,modelc,43,0.16100320612289346,1,0,0.3262547552585602
1345778047421562880,modelc,43,0.061199970361324525,1,1,0.796268880367279
1444988795108139008,modelc,43,0.00933548550134556,1,0,0.1912577748298645
1275278623860305922,modelc,43,0.09945936750004464,0,0,0.14662347733974457
1223263760950775808,modelc,43,0.0346626284437804,0,0,0.27702438831329346
1466446193337196552,modelc,43,0.13527610323054126,0,0,0.14449714124202728
1512367141198213123,modelc,43,0.003265183247019325,0,0,0.11661455035209656
1451346708579897345,modelc,43,0.06365613114937937,0,0,0.0944102555513382
1359732117211668481,modelc,43,0.03552432837386646,0,0,0.3522312343120575
1204634292044697600,modelc,43,0.010309026352657317,0,0,0.1079888641834259
1242197959413989377,modelc,43,0.08557038432435146,0,0,0.17069944739341736
1345415514424750083,modelc,43,0.024958681361584162,0,0,0.21540556848049164
1628172722969751552,modelc,43,0.07419892723382358,0,1,0.5790831446647644
1123014488888893440,modelc,43,0.24353187785861966,0,0,0.23104596138000488
1345690021563654144,modelc,43,0.01421563839102156,0,0,0.21181003749370575
1504459560207147011,modelc,43,0.04033826606033764,0,0,0.4962593913078308
1507052730803802122,modelc,43,0.10587678576510826,0,0,0.4059213399887085
1270803144147075075,modelc,43,0.04926470584100854,1,1,0.7207279801368713
1274310552161079297,modelc,43,0.09292946677630684,0,0,0.08576373755931854
1564334956100423680,modelc,43,0.003210266177361551,0,0,0.171959787607193
1388425054665510912,modelc,43,0.14746595831840958,0,0,0.16553205251693726
1585359766754586624,modelc,43,0.004373111876964973,1,1,0.7908322215080261
1463617131946205187,modelc,43,0.101885055798881,1,0,0.48495209217071533
1222296463822049281,modelc,43,0.14045700721041068,0,0,0.11460968106985092
1218986472197566464,modelc,43,0.07998541339152096,0,0,0.31987008452415466
1594755480441733131,modelc,43,0.5598407785805458,1,0,0.35979628562927246
1508215661482463238,modelc,43,0.06358429909160883,0,0,0.31525805592536926
1216725210507902979,modelc,43,0.0038752880790305314,0,0,0.1092238798737526
1192249138957582338,modelc,43,0.07170345478598603,0,0,0.0953102558851242
1452130397932998657,modelc,43,0.012578867072063899,0,0,0.1191461831331253
1117368474597318661,modelc,43,0.05055847048857563,0,0,0.10910704731941223
1491416161812361216,modelc,43,0.02287781784786004,0,0,0.2452535182237625
1307141355915927553,modelc,43,0.05231007859347697,1,0,0.4009770452976227
1519509018271789056,modelc,43,0.0,0,0,0.4814806878566742
1482268883465777157,modelc,43,0.03562705988827716,0,0,0.10405974090099335
1291416524264222721,modelc,43,0.0569977460626111,0,0,0.14144639670848846
1530459713028390913,modelc,43,0.10350261747108583,0,0,0.11443711072206497
1606670420719067139,modelc,43,0.1605868173729398,1,0,0.3683726191520691
1514890228493963265,modelc,43,0.0,0,0,0.16604343056678772
1499672184414998536,modelc,43,0.06690903445779765,0,0,0.10210761427879333
1347316666028478466,modelc,43,0.14364215265656818,0,0,0.15335483849048615
1648058784890372097,modelc,43,0.015034368792101693,0,0,0.09269870817661285
1227781168109506560,modelc,43,0.12945439301492245,0,0,0.14532470703125
1379807592143290370,modelc,43,0.013789127884749727,0,0,0.09388705343008041
1487026637099126784,modelc,43,0.00795133177729808,0,0,0.0916975662112236
1355165540453642240,modelc,43,0.021906199215108498,0,0,0.08919262140989304
1298413749121024004,modelc,43,0.14173985366912334,0,0,0.19805781543254852
1575263521750847491,modelc,43,0.0,0,0,0.2691463530063629
1233438028846125058,modelc,43,0.1171064027193687,0,0,0.19754932820796967
1628082486772215841,modelc,43,0.0571895620375816,0,0,0.21609343588352203
1399046300872675328,modelc,43,0.018347693787796316,0,0,0.13920091092586517
1259954791591133185,modelc,43,0.042340433820777165,1,0,0.09645464271306992
1586732526223040512,modelc,43,0.07001453900614979,0,0,0.1606913059949875
1445380143384514561,modelc,43,0.04158467081443407,0,0,0.12129083275794983
1498475514394288129,modelc,43,0.00863679181457277,0,0,0.08941716700792313
1190205141380583424,modelc,43,0.4444872544738469,1,1,0.7929337024688721
1377716013916172292,modelc,43,0.0202636225375811,0,0,0.09538128226995468
1355641493956874241,modelc,43,0.006895396198916065,0,0,0.21559955179691315
1393667052968333318,modelc,43,0.010649136335220912,0,0,0.456136018037796
1587412786375557120,modelc,43,0.24728201151466833,1,1,0.584112823009491
1300489088198496258,modelc,43,0.09307371849340797,0,0,0.11162176728248596
1637493415016296449,modelc,43,0.10862613543560301,0,0,0.09380729496479034
1380751228171354112,modelc,43,0.0700658295909917,0,0,0.09426116198301315
1120860417645895680,modelc,43,0.44967451118422747,1,1,0.6702480912208557
1319668055367208961,modelc,43,0.0008590726146333231,0,0,0.13634765148162842
1392520237539549188,modelc,43,0.022166751068711073,0,0,0.1187712624669075
1397398267806236676,modelc,43,0.08522616471474162,0,0,0.10447582602500916
1407216852875452443,modelc,43,0.02256801813090958,0,0,0.16230030357837677
1393616932696432640,modelc,43,0.2521810882640128,0,0,0.14550672471523285
1445042996408246275,modelc,43,0.02689855563189693,1,1,0.7846412062644958
1592051401177591808,modelc,43,0.010800827522370294,1,0,0.1786106824874878
1297284021282537472,modelc,43,0.02929366035109531,0,0,0.13589799404144287
1639011015076478977,modelc,43,0.02190094921218687,0,0,0.16540011763572693
1405155653988098056,modelc,43,0.0373651400831016,0,0,0.09930577874183655
1298280815273672705,modelc,43,0.06842930996058876,0,0,0.25028327107429504
1600473720186773505,modelc,43,0.13291616467587614,1,0,0.28122133016586304
1469703539081449472,modelc,43,0.020724309654613266,0,0,0.09413108974695206
1268558839214899201,modelc,43,0.008250777059126243,0,0,0.19333669543266296
1345451046475354112,modelc,43,0.03649416523550349,1,1,0.6641570925712585
1270982396121214978,modelc,43,0.058160636775658144,1,0,0.22414769232273102
1411961344962686978,modelc,43,0.030152383333943718,0,0,0.09486769884824753
1276793702472716289,modelc,43,0.02552144412379469,0,0,0.13777342438697815
1556353135844679680,modelc,43,0.05764627572285002,0,1,0.6020817756652832
1293954705257684992,modelc,43,0.0650106433418461,0,0,0.2012266218662262
1171163784762839042,modelc,43,0.14100256129880281,0,0,0.12776175141334534
1122994928299036677,modelc,43,0.2747799627523449,1,1,0.7910521626472473
1298402312868724736,modelc,43,0.0031094921897650315,0,0,0.15373021364212036
1286786961542455298,modelc,43,0.003824096190274359,0,0,0.10077545791864395
1396689194106294278,modelc,43,0.06275369278489305,0,0,0.23875072598457336
1563287160908042241,modelc,43,0.19895155440378998,0,0,0.19058141112327576
1541730204648935425,modelc,43,0.23407116606372552,1,1,0.7875261902809143
1268895623278850050,modelc,43,0.13874607270790792,0,0,0.13551093637943268
1451370158367264777,modelc,43,0.09051457003917067,0,0,0.34809383749961853
1491958977667682308,modelc,43,0.12304646469178077,0,0,0.18759557604789734
1396966089708425218,modelc,43,0.04743583277934071,0,0,0.1004728227853775
1442978128394014722,modelc,43,0.07105988836075323,0,0,0.09139570593833923
1458514255716786182,modelc,43,0.08104278201234554,0,0,0.2288874089717865
1321845326555176960,modelc,43,0.011147701002408082,0,0,0.1570661962032318
1633559221227642883,modelc,43,0.06298954933407108,0,0,0.31374797224998474
1586647573368037376,modelc,43,0.03681269000989467,1,1,0.8009600043296814
1241856213811412992,modelc,43,0.06835835150273718,0,0,0.0981341078877449
1647374538324189184,modelc,43,0.0037143067591937366,0,1,0.6659820079803467
1345235597749854208,modelc,43,0.03006966732648119,1,1,0.797796905040741
1239012712673411078,modelc,43,0.0,0,0,0.25039660930633545
1582437173277601792,modelc,43,0.048300118495336365,0,0,0.24438947439193726
1120591069526228997,modelc,43,0.044465543238756365,0,0,0.1034025177359581
1283422598613868546,modelc,43,0.023115383172347122,0,0,0.10694590210914612
1196747794264051713,modelc,43,0.08978795389175649,0,0,0.15531590580940247
1300022096064520193,modelc,43,0.0406710960099972,1,0,0.1273299902677536
1347894076318879744,modelc,43,0.05290936274920444,0,1,0.5969527363777161
1343348218743164928,modelc,43,0.0918732675639784,0,0,0.11249305307865143
1288266046248562689,modelc,43,0.006362881061221629,0,0,0.16193334758281708
1394273212100456448,modelc,43,0.040837284128228235,1,1,0.7978044152259827
1345212454469566466,modelc,43,0.24215723751169163,0,0,0.19765715301036835
1316806707725709314,modelc,43,0.03816809815693072,0,0,0.11116135865449905
1274382276730802176,modelc,43,0.007427524872991763,0,0,0.21711014211177826
1630353342328107008,modelc,43,0.05363020384365412,0,0,0.11962850391864777
1518388184870178816,modelc,43,0.03376141122642054,0,0,0.09162614494562149
1597318794422411265,modelc,43,0.00721756279049192,0,0,0.19435586035251617
1297728264358813698,modelc,43,0.02814384729469504,0,0,0.10083737224340439
1092607702524743680,modelc,43,0.03799965039667483,0,0,0.1207413375377655
1558159706383912964,modelc,43,0.07285668902120529,0,0,0.1004728376865387
1574261143576535040,modelc,43,0.01196670290998401,1,1,0.7986165881156921
1401102417559580678,modelc,43,0.03386696652347817,0,0,0.09070620685815811
1308105045452390403,modelc,43,0.11488368960968041,0,0,0.1794050633907318
1508194787001831431,modelc,43,0.031748567043203564,0,0,0.09237320721149445
1232601234143678464,modelc,43,0.18035616874312874,0,0,0.15682262182235718
1283393408778870785,modelc,43,0.0063378422074267995,0,0,0.09718643128871918
1515204878397849601,modelc,43,0.23858942664751862,0,0,0.0980478823184967
1542274011576602626,modelc,43,0.004169728195477621,0,1,0.6218922734260559
1293974461662793728,modelc,43,0.06974187701553408,0,0,0.10753152519464493
1211490408754270210,modelc,43,0.0891512506016541,0,0,0.1235717236995697
1097212292893196289,modelc,43,0.6957734985131521,1,1,0.7829830646514893
1581970735957872640,modelc,43,0.1201681474442749,0,0,0.16944341361522675
1225984535046840320,modelc,43,0.054138080521495005,1,1,0.7480064630508423
1604186809625415680,modelc,43,0.16765089133001826,0,0,0.10245577991008759
1163972893765775365,modelc,43,0.10621606668239242,0,0,0.12405504286289215
1341775550189350912,modelc,43,0.11948634651468926,0,0,0.2322193682193756
1286748877563891713,modelc,43,0.03293922144448283,0,0,0.14742402732372284
1460712630553923584,modelc,43,0.14418970465791497,0,0,0.10281871259212494
1477825713206177792,modelc,43,0.02203288404557712,0,0,0.13319243490695953
1284434882140176389,modelc,43,0.10472485697616311,1,1,0.5818313360214233
1255205589396979724,modelc,43,0.006387378850524865,0,0,0.0971599891781807
1449353935626588163,modelc,43,0.005296129888979098,0,0,0.13139858841896057
1287098479496634370,modelc,43,0.03390709918525441,0,0,0.10148293524980545
1241902809592803328,modelc,43,0.42107485765580827,1,1,0.8030194044113159
1235962772770283522,modelc,43,0.024152112734795502,0,0,0.12265621870756149
1448053433374740482,modelc,43,0.005034761393903923,0,0,0.09272550046443939
1282333713267859458,modelc,43,0.18068088271935331,1,0,0.38286587595939636
1325795907514863622,modelc,43,0.03526406540869051,0,0,0.09503205865621567
1417228816808820741,modelc,43,0.025395762444438082,0,0,0.11585549265146255
1611744750368956416,modelc,43,0.003533377594501626,0,0,0.09362702816724777
1521292300260888578,modelc,43,0.03818446760361274,0,0,0.11713138967752457
1203555334805164033,modelc,43,0.4625330050721423,1,1,0.7870781421661377
1580245639979749377,modelc,43,0.032277746918428704,0,0,0.33918511867523193
1463578662922604548,modelc,43,0.10509646840176594,0,0,0.1045219674706459
1449684061912510466,modelc,43,0.012063936017649572,0,0,0.09249547868967056
1152034933176590336,modelc,43,0.0980288735479426,1,1,0.815238356590271
1584558203626434560,modelc,43,0.07832437009387008,0,0,0.14072966575622559
1553717576458534912,modelc,43,0.05668848966801195,0,0,0.11269573122262955
1255567029551144964,modelc,43,0.11263784127329247,0,0,0.12175270915031433
1545151228413415425,modelc,43,0.6066164530117276,1,1,0.7655866742134094
1468967696523878410,modelc,43,0.007029932484105909,0,0,0.09711307287216187
1489845616750444545,modelc,43,0.014577307840371395,0,0,0.11121657490730286
1393522778440093700,modelc,43,0.01250287835835634,0,0,0.0871453657746315
1345567610780397570,modelc,43,0.009353307806113037,0,0,0.10973048955202103
1547669888851795979,modelc,43,0.17238250135503214,0,0,0.41441792249679565
1513201920797810690,modelc,43,0.005141734099217132,0,0,0.38868603110313416
1284847378499944449,modelc,43,0.24894426502118377,0,0,0.10073500126600266
1516924289143951360,modelc,43,0.04611938102777763,0,0,0.13574841618537903
1449714900805242883,modelc,43,0.005743629069370357,0,0,0.24938108026981354
1258707209304891392,modelc,43,0.02316954836633777,0,0,0.09359460324048996
1511107589932830723,modelc,43,0.1751120293651329,0,0,0.18762847781181335
1219921409415270400,modelc,43,0.04132073641732216,0,0,0.12920737266540527
1542857597589528577,modelc,43,0.0,1,1,0.7401077747344971
1620508837328588803,modelc,43,0.002608848415754679,1,0,0.24369710683822632
1144672451592413185,modelc,43,0.38200012837705827,1,1,0.7904059290885925
1198999631323115520,modelc,43,0.11895856973709722,0,0,0.12439385056495667
1365488105378230278,modelc,43,0.06855670831216702,0,0,0.10084296762943268
1637857580776312834,modelc,43,0.02873189776221691,1,0,0.22155824303627014
1539994279455719424,modelc,43,0.018018096734799063,0,0,0.20716336369514465
1551584334104215552,modelc,43,0.09762692170859784,0,0,0.0957375168800354
1283750313418055681,modelc,43,0.013116213402456165,0,0,0.13131609559059143
1392197387427274755,modelc,43,0.18593924006319817,0,0,0.24077141284942627
1233959222305607680,modelc,43,0.13403358130044904,1,1,0.7900989651679993
1625906106156429330,modelc,43,0.0734398284331565,1,0,0.13259188830852509
1619534124024487937,modelc,43,0.011992130158588224,0,0,0.09944925457239151
1509027883716526080,modelc,43,0.004814381449820004,0,0,0.19354870915412903
1293924575890345985,modelc,43,0.029253148929824453,0,0,0.13055065274238586
1646011668751699972,modelc,43,0.03718711001902877,0,0,0.41661161184310913
1506007293728591873,modelc,43,0.02435552470163622,0,0,0.2897179126739502
1643707401512550400,modelc,43,0.1157743442745791,0,0,0.1886594593524933
1210275610813054976,modelc,43,0.10884153969651188,0,0,0.10487621277570724
1635345125575626752,modelc,43,0.027517777293897733,0,0,0.0922858864068985
1381927979090075651,modelc,43,0.04435645504127008,0,0,0.10468225926160812
1345012434608795650,modelc,43,0.016429244286245117,0,0,0.37513110041618347
1286035333755305984,modelc,43,0.02673581125780085,0,0,0.1176265999674797
1554196257270284294,modelc,43,0.01212683505744031,0,0,0.10410822927951813
1090985813398061056,modelc,43,0.4667146217632512,1,1,0.7731670141220093
1212830436012908544,modelc,43,0.08288799134511847,0,0,0.25746938586235046
1539054160896827392,modelc,43,0.0230371152781395,0,0,0.14609944820404053
1270774783958016005,modelc,43,0.08098201918324739,0,0,0.11915196478366852
1205464611157413888,modelc,43,0.16894936542568958,1,1,0.6448417901992798
1470443338213957637,modelc,43,0.0012059381060271395,0,0,0.11500469595193863
1646682021396115456,modelc,43,0.038882199480247195,0,0,0.11515913903713226
1103688981038985217,modelc,43,0.031700088396506766,0,0,0.09497921168804169
1396961028102053893,modelc,43,0.02162628064191113,1,0,0.25730493664741516
1103013290916175874,modelc,43,0.029823643552754266,0,0,0.11736345291137695
1284764621560315904,modelc,43,0.05059218603484198,0,0,0.11700525134801865
1281292234013446145,modelc,43,0.020684567737379842,0,0,0.09096724539995193
1636400650786426883,modelc,43,0.050227338906646574,0,0,0.2686314880847931
1219628821881802753,modelc,43,0.008637234822714559,0,0,0.19375212490558624
1585465243727056896,modelc,43,0.0,0,0,0.3595152795314789
1517548575332265984,modelc,43,0.04401396612366419,0,0,0.1632884442806244
1223652621153722372,modelc,43,0.029014600916707833,0,0,0.12865979969501495
1106562886778998785,modelc,43,0.0,1,1,0.7582558393478394
1518553007582892032,modelc,43,0.0008312597620098386,0,0,0.10678718239068985
1397954044455391233,modelc,43,0.08647048487583628,0,0,0.24724461138248444
1252073855046352897,modelc,43,0.10467558528212449,0,0,0.12581387162208557
1515229140768546819,modelc,43,0.052616226090763704,1,0,0.39782410860061646
1542539148841607169,modelc,43,0.028080504812836003,0,1,0.6723180413246155
1427586547621236739,modelc,43,0.06484785347513332,0,0,0.11319194734096527
1177946201179578368,modelc,43,0.21941076124321257,0,0,0.32703444361686707
1253687689410416641,modelc,43,0.00788823394856283,0,0,0.15422412753105164
1222396158653259777,modelc,43,0.008635858954430217,0,0,0.14428377151489258
1217246308743962624,modelc,43,0.055373803196229476,0,0,0.27009445428848267
1382668135690428419,modelc,43,0.024317911349960666,0,0,0.11996903270483017
1650582626758180865,modelc,43,0.0,0,0,0.11276014894247055
1252009084078997505,modelc,43,0.06753413597422808,1,0,0.1063867062330246
1248241876005724161,modelc,43,0.007279945250872187,0,0,0.0906871110200882
1543360155651391500,modelc,43,0.16695035728639618,0,1,0.7719431519508362
1318980851808481281,modelc,43,0.041874239712204636,0,0,0.11493266373872757
1397587532574040069,modelc,43,0.015511388379638601,0,0,0.10184630751609802
1466454112279662604,modelc,43,0.00861636630725226,0,0,0.09529261291027069
1526762269064974346,modelc,43,0.08224158469147387,1,1,0.6188043355941772
1566132180467814400,modelc,43,0.017875640744977276,0,0,0.0914764329791069
1644717646246473736,modelc,43,0.044629612847565295,0,0,0.11086165904998779
1573081978949505024,modelc,43,0.03823395095426097,1,0,0.2298487275838852
1544818240484155392,modelc,43,0.021770396042006413,0,0,0.1991531103849411
1121874377631465474,modelc,43,0.14607588279744604,0,0,0.100905641913414
1291623819572989955,modelc,43,0.08643655148656246,1,0,0.19187085330486298
1580600904746962945,modelc,43,0.048525225355480046,1,1,0.7857345342636108
1428807603031789569,modelc,43,0.020807292949993023,0,1,0.6747651100158691
1109061649242226688,modelc,43,0.01488047284196201,0,0,0.12454726547002792
1392756158914600960,modelc,43,0.03675562268234396,0,0,0.10663022845983505
1133067761184378885,modelc,43,0.5443537157945667,1,1,0.7948639392852783
1468658508014911492,modelc,43,0.0889117441677101,0,0,0.13043278455734253
1579549222038560768,modelc,43,0.02817748614221124,0,0,0.09400874376296997
1644465858670993409,modelc,43,0.10911223028372559,1,0,0.38679882884025574
1506076192130191360,modelc,43,0.06262725044109049,0,0,0.09270179271697998
1159696677130948608,modelc,43,0.05490039893103364,0,0,0.12351054698228836
1633114503305936899,modelc,43,0.07260395322728903,0,1,0.7291871905326843
1128058851188670470,modelc,43,0.08930023486378724,0,0,0.17670448124408722
1296858111521648640,modelc,43,0.05851255079040762,0,0,0.45770418643951416
1187403288007888898,modelc,43,0.0,0,0,0.1749909669160843
1458036894860775426,modelc,43,0.06381562186634517,0,0,0.12173165380954742
1356378388164976645,modelc,43,0.04872507010817419,0,0,0.10699965804815292
1517749284304695298,modelc,43,0.03678587418381987,0,0,0.24205495417118073
1256562515288494082,modelc,43,0.12999545518967465,0,0,0.10254570841789246
1526056251007852544,modelc,43,0.004281156418701845,0,0,0.14883698523044586
1352771322863116288,modelc,43,0.06659347118514176,0,1,0.619213342666626
1393789126772543490,modelc,43,0.12061246581888806,0,0,0.12501658499240875
1360239202827403267,modelc,43,0.055029123272145083,0,0,0.09689633548259735
1353190490305392640,modelc,43,0.006010661945291372,0,0,0.20178593695163727
1357201397838618624,modelc,43,0.001494180107650745,0,0,0.1906832903623581
1255823949532987397,modelc,43,0.01869904604935045,1,0,0.14736224710941315
1272891981480497152,modelc,43,0.04175767221351568,0,0,0.11907513439655304
1354349851581034498,modelc,43,0.04904630502745159,0,0,0.09288663417100906
1120663055526957062,modelc,43,0.11708999914696536,0,0,0.10913777351379395
1283401552032456705,modelc,43,0.036183106274631574,0,0,0.14411766827106476
1524755538415861761,modelc,43,0.03607542945165101,0,0,0.46122241020202637
1399745357555322889,modelc,43,0.0195758549682435,0,0,0.1045040488243103
1519841120473202688,modelc,43,0.046743869811676456,0,0,0.09740118682384491
1300150538668060674,modelc,43,0.02809521918027727,0,0,0.16657039523124695
1209982157982248961,modelc,43,0.221388495397785,0,1,0.634734570980072
1645009221635694593,modelc,43,0.007065814719930811,1,1,0.790269136428833
1215515751496339456,modelc,43,0.008917714240481753,0,0,0.13345877826213837
1426471423086764033,modelc,43,0.006428105059068409,1,0,0.40834808349609375
1232887804969078789,modelc,43,0.03825300291402272,1,1,0.7604803442955017
1407469081494757382,modelc,43,0.010616393072264788,0,0,0.09025099873542786
1470482593539837954,modelc,43,0.020851723950527572,0,0,0.10247636586427689
1413068266759655427,modelc,43,0.009034985077332256,0,0,0.0957832932472229
1229152388851929091,modelc,43,0.04320484537435398,0,0,0.20155613124370575
1286027681230753793,modelc,43,0.17472772660547187,0,0,0.0889323428273201
1415047667613327369,modelc,43,0.1051743763271474,0,0,0.11651557683944702
1394017841121308673,modelc,43,0.03947407502181966,1,1,0.7828127145767212
1085296318040473600,modelc,43,0.03656754599628969,0,0,0.10714558511972427
1434894931143929858,modelc,43,0.1189445942701617,0,0,0.09684477746486664
1256536483332317184,modelc,43,0.0014535043190758014,0,0,0.11304580420255661
1600224079482454016,modelc,43,0.025951837630109397,0,0,0.09343989938497543
1567171489509564416,modelc,43,0.1640846109109874,0,0,0.20870575308799744
1556401396651397120,modelc,43,0.01321749018629492,0,0,0.10377424955368042
1258474383900893189,modelc,43,0.017954828568259945,0,0,0.1984095722436905
1207550765260132353,modelc,43,0.03252263669443244,0,0,0.09293994307518005
1449058322360020992,modelc,43,0.13239690509918595,0,0,0.16680964827537537
1455148755435630594,modelc,43,0.023943068141246936,0,0,0.09197631478309631
1223994516903997444,modelc,43,0.04465092623889666,0,0,0.18085986375808716
1284281138467319808,modelc,43,0.004938155605359059,0,0,0.23779654502868652
1578140790592782336,modelc,43,0.03917874819373936,1,0,0.15616634488105774
1222708257648594944,modelc,43,0.0803712435772858,0,0,0.13096842169761658
1250166932768088064,modelc,43,0.3304372918158294,1,1,0.7883779406547546
1232852903909441537,modelc,43,0.39695356673709575,1,1,0.7943831086158752
1311402290167783424,modelc,43,0.040062562737754735,0,0,0.12975122034549713
1245701249732734977,modelc,43,0.06323424260190016,1,0,0.1267559826374054
1212868104658849795,modelc,43,0.0882627332032862,0,0,0.11959653347730637
1352210396833337345,modelc,43,0.05022656522818064,0,0,0.1787220686674118
1241946825055141889,modelc,43,0.02701262205414033,0,0,0.08723290264606476
1260225918980816902,modelc,43,0.00832504174752048,0,0,0.1315186768770218
1393777583414669317,modelc,43,0.016128334431142224,0,0,0.09230124950408936
1229308060419514369,modelc,43,0.05733526046238371,0,0,0.090723417699337
1229222882112348166,modelc,43,0.08418647515666572,0,0,0.10003732889890671
1588261196573986816,modelc,43,0.042843834380760046,1,1,0.7916012406349182
1462395459557810176,modelc,43,0.013381464498721934,0,0,0.2297249287366867
1442869344946454529,modelc,43,0.0011073827441366035,0,0,0.0957752987742424
1255605234619072519,modelc,43,0.07518521986745988,0,0,0.10481344908475876
1499012058175655938,modelc,43,0.06555197209299195,0,0,0.1678282916545868
1462851931945283589,modelc,43,0.14494797103145363,0,0,0.1728867143392563
1247576003800686600,modelc,43,0.026954567134974298,0,0,0.09035909175872803
1104601295523000323,modelc,43,0.1559632665199193,1,0,0.27974244952201843
1263682260768681986,modelc,43,0.05046971571937853,0,0,0.18003566563129425
1123871012746092545,modelc,43,0.1120418535663011,0,0,0.15231283009052277
1600150773924450304,modelc,43,0.025593929554111577,0,1,0.6880255341529846
1236854787334909953,modelc,43,0.03275609280386717,0,0,0.2745991051197052
1397658343041339392,modelc,43,0.08420515607651823,0,0,0.38295724987983704
1454323555420803073,modelc,43,0.011340229949632895,0,0,0.2604995667934418
1619614295335239680,modelc,43,0.023165338401797703,0,0,0.0950622409582138
1345745635924992000,modelc,43,0.05735121926595574,1,0,0.3044302463531494
1219355089854439424,modelc,43,0.017692027227357437,1,0,0.1618717610836029
1233846578366078986,modelc,43,0.047707811207681625,1,0,0.369653582572937
1310174329653530624,modelc,43,0.01934506181173693,0,0,0.13767597079277039
1421844891404062726,modelc,43,0.08061257370337838,0,0,0.23067669570446014
1393372156482949129,modelc,43,0.24624675602009732,0,0,0.3345460593700409
1267842168128966657,modelc,43,0.006292326004032956,0,1,0.7043840289115906
1555651653453348865,modelc,43,0.038874370430050945,0,0,0.15512561798095703
1389360261270806533,modelc,43,0.004470328721697795,0,0,0.19276492297649384
1576232372063772672,modelc,43,0.028106141114407145,0,0,0.13391925394535065
1518769899996606464,modelc,43,0.1660982953267792,0,0,0.13819094002246857
1298736963000901632,modelc,43,0.06485398503620209,0,0,0.1367257982492447
1194722327952547844,modelc,43,0.33527680899430673,1,1,0.6439140439033508
1604141984712531968,modelc,43,0.004997834763067335,1,0,0.432937353849411
1266753810392854529,modelc,43,0.01281579554598994,0,0,0.15137971937656403
1417123755390689287,modelc,43,0.06588072977813254,0,0,0.27146583795547485
1288838940569620483,modelc,43,0.0042027606203474946,0,0,0.11169248819351196
1412564686516666369,modelc,43,0.058991387089119066,0,0,0.08931668102741241
1376823894569443329,modelc,43,0.021853948616115997,0,0,0.09214957803487778
1369368335532589061,modelc,43,0.21147679796489968,0,0,0.12755022943019867
1224738215652814849,modelc,43,0.02874688462857015,0,0,0.11174377799034119
1185557829501018114,modelc,43,0.06883211140546064,1,0,0.12169208377599716
1274205440239374337,modelc,43,0.17648755276797973,0,0,0.11815899610519409
1509567860095569937,modelc,43,0.03784169175959172,0,0,0.11453934758901596
1457557396973187088,modelc,43,0.14200590246315228,0,0,0.09431532770395279
1238978053633716226,modelc,43,0.14512394625537453,0,0,0.17629685997962952
1137416842560118784,modelc,43,0.02481278355570752,0,0,0.10439815372228622
1474945563271606273,modelc,43,0.00206457886463979,0,0,0.09328081458806992
1601901750096924674,modelc,43,0.144304622122169,0,0,0.23036502301692963
1249002861129863170,modelc,43,0.08092184947562435,0,0,0.19618816673755646
1289575405611921411,modelc,43,0.022111145705749884,0,0,0.12272153794765472
1263521952364474368,modelc,43,0.02498475671550739,0,0,0.289471834897995
1468332039216803847,modelc,43,0.12220886678529755,0,0,0.13285772502422333
1487758635275014149,modelc,43,0.11043114305313886,0,0,0.15287896990776062
1609464228045365248,modelc,43,0.0,0,0,0.2178264856338501
1355618686770569219,modelc,43,0.021743862078989044,0,0,0.08944961428642273
1232922381544386560,modelc,43,0.19484632284302336,1,1,0.8003827333450317
1345353737368457221,modelc,43,0.28816695693735317,0,0,0.14434123039245605
1263926391474491392,modelc,43,0.006099998289790098,0,1,0.7573105096817017
1262954263384334338,modelc,43,0.030215255927657458,0,0,0.11376120895147324
1355356438714003459,modelc,43,0.0068357310913804,0,0,0.09197715669870377
1478755285934252032,modelc,43,0.017773883032911907,0,0,0.12451959401369095
1247933746881462273,modelc,43,0.05085959111790382,0,1,0.545242965221405
1114201210960085002,modelc,43,0.05446654233588095,0,0,0.09196731448173523
1567548400983228421,modelc,43,0.01628545716578354,1,0,0.25410592555999756
1393566849275555845,modelc,43,0.0409028060377606,0,0,0.17334260046482086
1440444267135004681,modelc,43,0.002614778989351559,0,0,0.16450482606887817
1569022602882039812,modelc,43,0.0043211757096564265,0,0,0.1167566180229187
1268796619761291264,modelc,43,0.07750679406390147,0,0,0.11184598505496979
1466588575697309698,modelc,43,0.04879931945173544,0,0,0.11055097728967667
1358471344753569792,modelc,43,0.012691703633763452,0,0,0.12261531502008438
1466314626426146818,modelc,43,0.034134025953452114,0,0,0.09555533528327942
1559265728037109765,modelc,43,0.00371565695284116,0,0,0.2592334747314453
1285236887599419392,modelc,43,0.04730995348788097,0,0,0.097828209400177
1421202358105690121,modelc,43,0.007210043146950908,0,0,0.09363777190446854
1230462416368099328,modelc,43,0.1716212942015394,0,0,0.1819143444299698
1276280108278415360,modelc,43,0.06691443139021397,0,0,0.11731494218111038
1251955772797399044,modelc,43,0.20394724196853006,0,0,0.1629994660615921
1252583581685252097,modelc,43,0.016155117737845243,0,0,0.09688965976238251
1564590802348949504,modelc,43,0.0,0,0,0.19160296022891998
1566917637564768256,modelc,43,0.015608859140358892,0,0,0.15725676715373993
1599649990762434560,modelc,43,0.002900240193281379,0,0,0.24011798202991486
1575021890040537090,modelc,43,0.024546944243013045,0,0,0.25711145997047424
1645040637119438848,modelc,43,0.03564419646884814,0,0,0.10913991183042526
1594193136632623104,modelc,43,0.10102621453885342,0,0,0.3736085891723633
1188204586290561026,modelc,44,0.14870541537004092,1,1,0.8371710777282715
1393758809622032390,modelc,44,0.0432495321823208,0,0,0.219807967543602
1229832103891595264,modelc,44,0.1285077609747136,0,0,0.17615115642547607
1125194075316064256,modelc,44,0.3639937360773395,0,1,0.6061856746673584
1523450483053973504,modelc,44,0.19949360370474364,0,0,0.23704229295253754
1345256046571495424,modelc,44,0.05292665467835778,0,0,0.22248433530330658
1236714045341929481,modelc,44,0.24072476633166776,0,0,0.21485401690006256
1394295651266187265,modelc,44,0.07931064171083238,0,1,0.5337392687797546
1154438465280516096,modelc,44,0.18351583537945484,0,0,0.14858075976371765
1619516286312263681,modelc,44,0.11832334449877573,0,0,0.43535906076431274
1396537342085718017,modelc,44,0.09219754964309543,0,0,0.29294511675834656
1443682627614093314,modelc,44,0.022823914860085403,0,0,0.3676944077014923
1465147721724178432,modelc,44,0.061007566056922286,1,1,0.7482781410217285
1255492458164752387,modelc,44,0.10056573902846039,0,0,0.42309021949768066
1290986576667869185,modelc,44,0.3172051031414896,0,0,0.39416971802711487
1514288582332145670,modelc,44,0.0024004036818816676,0,1,0.5187941789627075
1272357521324474368,modelc,44,0.02170732872918038,0,0,0.2185131460428238
1487252560700481537,modelc,44,0.12237497466581845,0,1,0.6285808086395264
1273740261621809154,modelc,44,0.19602863168598345,0,0,0.2142936736345291
1317661755363921920,modelc,44,0.2242050994843148,0,0,0.4072909951210022
1468405253758406661,modelc,44,0.05137324404115082,0,0,0.2971338927745819
1514920455643279365,modelc,44,0.03171327408638091,0,0,0.19614775478839874
1291784215021805569,modelc,44,0.07182160988657996,0,0,0.45607632398605347
1357469393727365122,modelc,44,0.07294733344232535,0,0,0.29708147048950195
1248174910977040385,modelc,44,0.22838820468100654,0,0,0.2674487829208374
1287073267526897666,modelc,44,0.026660595202622265,0,0,0.23042617738246918
1116066316874670081,modelc,44,0.1852501983030294,1,1,0.7852209210395813
1296511371367124992,modelc,44,0.17312739178868375,0,0,0.23781855404376984
1345166234330017792,modelc,44,0.07549340038770852,0,0,0.26351848244667053
1245501628112867328,modelc,44,0.0038468252144881736,0,0,0.2809743881225586
1578931526238343168,modelc,44,0.06755590894262697,0,0,0.26452502608299255
1286957308447260673,modelc,44,0.04242601113914279,1,1,0.7464510798454285
1393552840891719685,modelc,44,0.1542940283018732,0,0,0.28832948207855225
1262815859732611075,modelc,44,0.0018755675865607068,1,1,0.5787151455879211
1599404086688092160,modelc,44,0.09152253210330583,0,0,0.2925446629524231
1648029372983439367,modelc,44,0.07545310211223788,0,0,0.16839691996574402
1265957010501230593,modelc,44,0.10443089594249629,0,0,0.21119919419288635
1246464469087256576,modelc,44,0.10199386132906561,1,0,0.2776074707508087
1211183459105796098,modelc,44,0.04341895261253794,0,0,0.18106630444526672
1118338313876844544,modelc,44,0.00403569231456626,0,0,0.1808069348335266
1135216071525511173,modelc,44,0.24601743375396556,0,0,0.30969688296318054
1527387745693224986,modelc,44,0.1778528137981008,0,0,0.22242222726345062
1232990916899561473,modelc,44,0.4387496395425024,1,1,0.7897030711174011
1345987250904068096,modelc,44,0.043619413703586726,0,0,0.1860065460205078
1546816084149501953,modelc,44,0.3001014164028469,0,0,0.18788737058639526
1457806433853005827,modelc,44,0.04496088884716197,0,0,0.42367854714393616
1402937907342544899,modelc,44,0.27253865408024003,0,0,0.25285768508911133
1603080434526859264,modelc,44,0.0673821775761682,0,0,0.45821550488471985
1109748138515054592,modelc,44,0.3058570454227558,1,1,0.8264622092247009
1488409288750284801,modelc,44,0.0029769597679991104,0,0,0.2517993152141571
1532553712199245827,modelc,44,0.08790051802125767,0,0,0.340692937374115
1491463980329570304,modelc,44,0.09181269477969439,0,0,0.20026403665542603
1611222836924010498,modelc,44,0.00738013718515675,0,0,0.43811312317848206
1537808851155795975,modelc,44,0.021906241222214996,0,0,0.28516581654548645
1630179384375263232,modelc,44,0.17250676900723877,0,0,0.20202429592609406
1393745779857272832,modelc,44,0.024139103608725735,1,1,0.7032557725906372
1509126359607660551,modelc,44,0.04047666309568431,0,0,0.20287126302719116
1126878156294586368,modelc,44,0.00018878883372828707,0,0,0.260886549949646
1225297729506594818,modelc,44,0.2007333637625262,0,0,0.4401424825191498
1394107831834476547,modelc,44,0.027273419409934555,0,0,0.355398952960968
1260269776150159360,modelc,44,0.18951503501696904,0,0,0.24445177614688873
1488747638602153986,modelc,44,0.12901179459066286,0,0,0.22512036561965942
1270348242543423488,modelc,44,0.20780601621276631,0,0,0.27088379859924316
1244176666802479104,modelc,44,0.5326139711544067,0,0,0.2418733835220337
1539951759405109249,modelc,44,0.0017539979933539798,0,0,0.2921142578125
1395747592307417092,modelc,44,0.035724043410432116,0,0,0.3051659166812897
1508152963587579909,modelc,44,0.03380584469968839,0,0,0.2582142651081085
1224025761092448257,modelc,44,0.15835633604313643,0,0,0.4624423384666443
1263867135194996737,modelc,44,0.01585179531288095,0,0,0.17621652781963348
1577071902572818434,modelc,44,0.09038131727216993,0,0,0.227528378367424
1508857749089787912,modelc,44,0.008272926830615465,0,0,0.24141235649585724
1224373966363512833,modelc,44,0.12233675500424017,0,0,0.32897961139678955
1103282085832343555,modelc,44,0.12362328859267951,0,0,0.20452028512954712
1109170436078817282,modelc,44,0.3324368072829627,0,0,0.24576516449451447
1098057857482641408,modelc,44,0.3509065865174209,1,1,0.7549134492874146
1261011012100198404,modelc,44,0.0,1,1,0.6002990007400513
1237111189722640385,modelc,44,0.04880230061529982,0,0,0.22577804327011108
1115609269838024704,modelc,44,0.15468519348388077,0,0,0.20262712240219116
1293886666080260097,modelc,44,0.0021064365945950405,0,0,0.24440598487854004
1395833782863814657,modelc,44,0.0,0,0,0.2584168612957001
1247909286568701958,modelc,44,0.03429274623433606,0,0,0.2335905283689499
1352044283587489792,modelc,44,0.20469082766325145,0,0,0.23891758918762207
1258110002906136578,modelc,44,0.11889591142961499,0,0,0.2830316722393036
1461202741666140161,modelc,44,0.2484351017869831,0,0,0.3521166443824768
1258017440362979332,modelc,44,0.012145469858276877,0,0,0.27289777994155884
1393327980387131398,modelc,44,0.0381443743280739,0,0,0.28946223855018616
1648322447089840140,modelc,44,0.0814234631016773,0,1,0.5750178098678589
1356256969359822851,modelc,44,0.038808273983636565,0,0,0.22247309982776642
1199437211772575744,modelc,44,0.02950928147219949,0,0,0.3012205958366394
1345112406326915074,modelc,44,0.02842479120632929,0,0,0.27095654606819153
1345737420101324806,modelc,44,0.03156035795148902,0,0,0.24583569169044495
1392990438546710533,modelc,44,0.08258641986899318,0,0,0.4074951112270355
1451592600918663172,modelc,44,0.04552887196025782,0,0,0.15472079813480377
1547841356113948674,modelc,44,0.0,0,0,0.27623680233955383
1313636764506968064,modelc,44,0.0746546573109761,0,0,0.25572535395622253
1354461395862040576,modelc,44,0.08566830756359742,0,0,0.14426453411579132
1255336798319972356,modelc,44,0.1077810190447856,0,0,0.17838387191295624
1346224388128051200,modelc,44,0.022137798706556047,0,0,0.3143620789051056
1193142802965782528,modelc,44,0.15752508535062615,1,1,0.8426322340965271
1392146737423290368,modelc,44,0.19007669751367134,0,0,0.3235222399234772
1226462657177210880,modelc,44,0.30511024375801826,1,1,0.6171075105667114
1345755511002689545,modelc,44,0.04536482390808265,1,1,0.7616819143295288
1593588138030804992,modelc,44,0.04865220468143975,0,0,0.31158027052879333
1641175481511714816,modelc,44,0.12978476156302393,0,0,0.4242151975631714
1565180170016735233,modelc,44,0.0,0,0,0.3413528501987457
1577125319710248960,modelc,44,0.08473388464123101,0,0,0.22675339877605438
1548349221429866498,modelc,44,0.015855270932108107,0,0,0.2277481108903885
1298217767297003521,modelc,44,0.15813923843578126,0,0,0.285451740026474
1124008705845026823,modelc,44,0.13387236360088578,0,0,0.17407047748565674
1246121373472378880,modelc,44,0.1881430031157777,1,1,0.5079064965248108
1345778047421562880,modelc,44,0.037965618255271026,1,1,0.7656621336936951
1444988795108139008,modelc,44,0.007362507600801621,1,0,0.3401177227497101
1275278623860305922,modelc,44,0.21770824863561342,0,0,0.2780885100364685
1223263760950775808,modelc,44,0.04667217256909618,0,0,0.4292490780353546
1466446193337196552,modelc,44,0.01780366146076011,0,0,0.2564559280872345
1512367141198213123,modelc,44,0.03585636576576101,0,0,0.19799992442131042
1451346708579897345,modelc,44,0.0829688056874904,0,0,0.17202594876289368
1359732117211668481,modelc,44,0.05920843535833653,0,0,0.30680331587791443
1204634292044697600,modelc,44,0.0925230861820726,0,0,0.22735397517681122
1242197959413989377,modelc,44,0.2456281953514796,0,0,0.2683396637439728
1345415514424750083,modelc,44,0.024656522401871727,0,0,0.24705301225185394
1628172722969751552,modelc,44,0.10894407473838152,0,1,0.5839166641235352
1123014488888893440,modelc,44,0.16568018933964465,0,0,0.214997798204422
1345690021563654144,modelc,44,0.04909844009481513,0,0,0.37591081857681274
1504459560207147011,modelc,44,0.057158792276769746,0,0,0.4646829068660736
1507052730803802122,modelc,44,0.027584949231647914,0,0,0.44963112473487854
1270803144147075075,modelc,44,0.03207070089426683,1,1,0.6119483113288879
1274310552161079297,modelc,44,0.133335175398891,0,0,0.1851072609424591
1564334956100423680,modelc,44,0.07633406376532982,0,0,0.44591575860977173
1388425054665510912,modelc,44,0.0773060546703366,0,1,0.5182223916053772
1585359766754586624,modelc,44,0.003799822788651252,1,1,0.8037993311882019
1463617131946205187,modelc,44,0.01641208902086632,1,1,0.6353158354759216
1222296463822049281,modelc,44,0.09337664669110639,0,0,0.23004885017871857
1218986472197566464,modelc,44,0.15958901323973404,0,0,0.42370927333831787
1594755480441733131,modelc,44,0.5795604075642955,1,0,0.4924571216106415
1508215661482463238,modelc,44,0.0036472782425089538,0,0,0.39108604192733765
1216725210507902979,modelc,44,0.08748605847400123,0,0,0.25381016731262207
1192249138957582338,modelc,44,0.022310589484324166,0,0,0.17274659872055054
1452130397932998657,modelc,44,0.028350545043065268,0,0,0.2883933186531067
1117368474597318661,modelc,44,0.19829296454049528,0,0,0.20238171517848969
1491416161812361216,modelc,44,0.10590771427711511,0,1,0.596575140953064
1307141355915927553,modelc,44,0.14588492551714263,1,1,0.5174285173416138
1519509018271789056,modelc,44,0.0,0,0,0.3059349060058594
1482268883465777157,modelc,44,0.02740041144511661,0,0,0.31240785121917725
1291416524264222721,modelc,44,0.006100156498053161,0,0,0.25937533378601074
1530459713028390913,modelc,44,0.15272333006797695,0,0,0.2169448435306549
1606670420719067139,modelc,44,0.14551253532197525,1,1,0.5830053687095642
1514890228493963265,modelc,44,0.0,0,0,0.27852103114128113
1499672184414998536,modelc,44,0.020206889594721705,0,0,0.3120286762714386
1347316666028478466,modelc,44,0.10120439432318638,0,0,0.27497610449790955
1648058784890372097,modelc,44,0.03174223955820362,0,0,0.20994149148464203
1227781168109506560,modelc,44,0.04073559517640702,0,0,0.30729398131370544
1379807592143290370,modelc,44,0.004824195773131848,0,0,0.18927815556526184
1487026637099126784,modelc,44,0.2292281190699942,0,0,0.17458516359329224
1355165540453642240,modelc,44,0.04141863558877983,0,0,0.30079221725463867
1298413749121024004,modelc,44,0.24748203266510008,0,0,0.41334521770477295
1575263521750847491,modelc,44,0.0,0,0,0.3259473741054535
1233438028846125058,modelc,44,0.027633737097119443,0,0,0.26898011565208435
1628082486772215841,modelc,44,0.09198266892241003,0,0,0.3743307292461395
1399046300872675328,modelc,44,0.16707252383521115,0,0,0.2829994857311249
1259954791591133185,modelc,44,0.0050954445462281246,1,0,0.2833443880081177
1586732526223040512,modelc,44,0.18299537321765566,0,0,0.19424693286418915
1445380143384514561,modelc,44,0.10722746913040375,0,0,0.272558331489563
1498475514394288129,modelc,44,0.10047719948275814,0,0,0.20859214663505554
1190205141380583424,modelc,44,0.4895731836240562,1,1,0.8150986433029175
1377716013916172292,modelc,44,0.03637587753375004,0,0,0.19979725778102875
1355641493956874241,modelc,44,0.16064625014787492,0,0,0.30906200408935547
1393667052968333318,modelc,44,0.06891081969691107,0,0,0.4402208924293518
1587412786375557120,modelc,44,0.1342593682758534,1,1,0.632910430431366
1300489088198496258,modelc,44,0.0493088029607617,0,0,0.26307412981987
1637493415016296449,modelc,44,0.07498302148760766,0,0,0.299005925655365
1380751228171354112,modelc,44,0.10387815443623219,0,0,0.1710035800933838
1120860417645895680,modelc,44,0.2956371192632032,1,1,0.5628678202629089
1319668055367208961,modelc,44,0.12918838661949944,0,0,0.20238466560840607
1392520237539549188,modelc,44,0.07008839623732757,0,0,0.2637878954410553
1397398267806236676,modelc,44,0.2344396890285155,0,0,0.2336651235818863
1407216852875452443,modelc,44,0.05309568028312739,0,0,0.24303540587425232
1393616932696432640,modelc,44,0.12160260343976981,0,0,0.191490039229393
1445042996408246275,modelc,44,0.009415743292565674,1,1,0.7748845219612122
1592051401177591808,modelc,44,0.03353370449388869,1,0,0.3319222927093506
1297284021282537472,modelc,44,0.017896106187140187,0,0,0.3518579602241516
1639011015076478977,modelc,44,0.03144662197454399,0,1,0.5152790546417236
1405155653988098056,modelc,44,0.11251406140349193,0,0,0.2566819489002228
1298280815273672705,modelc,44,0.07949158474017189,0,0,0.39699628949165344
1600473720186773505,modelc,44,0.03340977900447855,1,1,0.5131096243858337
1469703539081449472,modelc,44,0.0019775931270327,0,0,0.2220364511013031
1268558839214899201,modelc,44,0.00794596311861236,0,0,0.28211545944213867
1345451046475354112,modelc,44,0.012315546027967902,1,1,0.6351869702339172
1270982396121214978,modelc,44,0.046834720205838905,1,1,0.5235008001327515
1411961344962686978,modelc,44,0.03521664770367562,0,0,0.2607004940509796
1276793702472716289,modelc,44,0.03887854970402006,0,0,0.25203412771224976
1556353135844679680,modelc,44,0.14272572564971053,0,1,0.6475690603256226
1293954705257684992,modelc,44,0.010788620500263715,0,0,0.35765352845191956
1171163784762839042,modelc,44,0.13466963647109165,0,0,0.22547398507595062
1122994928299036677,modelc,44,0.2355680649282491,1,1,0.8249645233154297
1298402312868724736,modelc,44,0.025485533039738408,0,0,0.2510325014591217
1286786961542455298,modelc,44,0.02804871038726586,0,0,0.23568524420261383
1396689194106294278,modelc,44,0.0548379055754834,0,0,0.31444811820983887
1563287160908042241,modelc,44,0.09712835046894053,0,0,0.4262503981590271
1541730204648935425,modelc,44,0.04190643974434222,1,1,0.8093119263648987
1268895623278850050,modelc,44,0.41262783540022113,0,0,0.2249571681022644
1451370158367264777,modelc,44,0.12377850651826583,0,1,0.5411900281906128
1491958977667682308,modelc,44,0.290913103336804,0,0,0.21509304642677307
1396966089708425218,modelc,44,0.08949523627937468,0,0,0.13890613615512848
1442978128394014722,modelc,44,0.09920223156887585,0,0,0.33449193835258484
1458514255716786182,modelc,44,0.11504624101032565,0,0,0.36196717619895935
1321845326555176960,modelc,44,0.13471422169239083,0,0,0.27986037731170654
1633559221227642883,modelc,44,0.16738585584948412,0,0,0.32786768674850464
1586647573368037376,modelc,44,0.08000643388599554,1,1,0.7865297794342041
1241856213811412992,modelc,44,0.16327861837075977,0,0,0.1726273000240326
1647374538324189184,modelc,44,0.01140715220037124,0,1,0.565101146697998
1345235597749854208,modelc,44,0.029010263778029434,1,1,0.790091335773468
1239012712673411078,modelc,44,0.0,0,1,0.5091590285301208
1582437173277601792,modelc,44,0.15721208047840998,0,0,0.2593255639076233
1120591069526228997,modelc,44,0.2290525712685568,0,0,0.22979223728179932
1283422598613868546,modelc,44,0.05905372436301532,0,0,0.14938506484031677
1196747794264051713,modelc,44,0.10963571377267634,0,0,0.41507115960121155
1300022096064520193,modelc,44,0.08201771852866595,1,1,0.557458758354187
1347894076318879744,modelc,44,0.15200103411618404,0,1,0.5374053716659546
1343348218743164928,modelc,44,0.08199200283059875,0,0,0.25595173239707947
1288266046248562689,modelc,44,0.1422080765693276,0,0,0.28894221782684326
1394273212100456448,modelc,44,0.027765371036735913,1,1,0.7973422408103943
1345212454469566466,modelc,44,0.26995806793544697,0,0,0.33228155970573425
1316806707725709314,modelc,44,0.029286133836524564,0,0,0.28261783719062805
1274382276730802176,modelc,44,0.0361865902357903,0,0,0.40120628476142883
1630353342328107008,modelc,44,0.05099559496678946,0,0,0.2766510546207428
1518388184870178816,modelc,44,0.16773841886867363,0,0,0.1820840835571289
1597318794422411265,modelc,44,0.08524822350192761,0,0,0.2828691601753235
1297728264358813698,modelc,44,0.05096295222292788,0,0,0.2197156846523285
1092607702524743680,modelc,44,0.06755799790015468,0,0,0.29441648721694946
1558159706383912964,modelc,44,0.08779925032141497,0,0,0.19834469258785248
1574261143576535040,modelc,44,0.038582352746038634,1,1,0.8037945628166199
1401102417559580678,modelc,44,0.016010920940397737,0,0,0.2842559814453125
1308105045452390403,modelc,44,0.04500248326278283,0,0,0.3375292122364044
1508194787001831431,modelc,44,0.04849740935878432,0,0,0.3245457112789154
1232601234143678464,modelc,44,0.1090130000063287,0,1,0.5199704766273499
1283393408778870785,modelc,44,0.011139540533925837,0,0,0.23785394430160522
1515204878397849601,modelc,44,0.199521173063341,0,0,0.21617284417152405
1542274011576602626,modelc,44,0.05599170891708645,0,1,0.6347116231918335
1293974461662793728,modelc,44,0.08579949283100441,0,0,0.4423764646053314
1211490408754270210,modelc,44,0.05615426123473261,0,0,0.20443880558013916
1097212292893196289,modelc,44,0.6434964994662351,1,1,0.8313777446746826
1581970735957872640,modelc,44,0.10777113265061827,0,0,0.35778284072875977
1225984535046840320,modelc,44,0.1379078221009852,1,1,0.7004850506782532
1604186809625415680,modelc,44,0.10203607374005516,0,0,0.252148300409317
1163972893765775365,modelc,44,0.0934667827270625,0,0,0.20805834233760834
1341775550189350912,modelc,44,0.045488864376649514,0,0,0.3119406998157501
1286748877563891713,modelc,44,0.10820584509338045,0,0,0.3488827347755432
1460712630553923584,modelc,44,0.1389955623014531,0,0,0.15943026542663574
1477825713206177792,modelc,44,0.010599109135645846,0,0,0.2482316642999649
1284434882140176389,modelc,44,0.07703238997998903,1,1,0.6035038828849792
1255205589396979724,modelc,44,0.0751167847655844,0,0,0.1801898330450058
1449353935626588163,modelc,44,0.017975931879102795,0,0,0.28760138154029846
1287098479496634370,modelc,44,0.029910481220979793,0,0,0.27200818061828613
1241902809592803328,modelc,44,0.46195912953222046,1,1,0.80340576171875
1235962772770283522,modelc,44,0.05387826537902214,0,0,0.23441682755947113
1448053433374740482,modelc,44,0.03116007422124659,0,0,0.2518370747566223
1282333713267859458,modelc,44,0.2022041659118387,1,1,0.6777797341346741
1325795907514863622,modelc,44,0.10334044625860303,0,0,0.17052580416202545
1417228816808820741,modelc,44,0.13856797916852073,0,0,0.1882251501083374
1611744750368956416,modelc,44,0.1908907054226115,0,0,0.1764417141675949
1521292300260888578,modelc,44,0.027580318246993314,0,0,0.26290827989578247
1203555334805164033,modelc,44,0.5183566454585503,1,1,0.7623182535171509
1580245639979749377,modelc,44,0.09939804890067293,0,0,0.30302202701568604
1463578662922604548,modelc,44,0.4781904792740132,0,0,0.19984714686870575
1449684061912510466,modelc,44,0.08121978192794252,0,0,0.23794953525066376
1152034933176590336,modelc,44,0.5313329556298682,1,1,0.8240148425102234
1584558203626434560,modelc,44,0.08022754755324071,0,0,0.2849339544773102
1553717576458534912,modelc,44,0.15907640096574163,0,0,0.23457233607769012
1255567029551144964,modelc,44,0.0008656008789502077,0,0,0.2627458870410919
1545151228413415425,modelc,44,0.39769384682130277,1,1,0.7298710942268372
1468967696523878410,modelc,44,0.1459865493997999,0,0,0.3090183138847351
1489845616750444545,modelc,44,0.04565127421840618,0,0,0.24735912680625916
1393522778440093700,modelc,44,0.08721605452965893,0,0,0.20060622692108154
1345567610780397570,modelc,44,0.0028632266831413694,0,0,0.26194101572036743
1547669888851795979,modelc,44,0.46053545984432165,0,1,0.5602310299873352
1513201920797810690,modelc,44,0.07785498276748357,0,1,0.5446822047233582
1284847378499944449,modelc,44,0.031151801418496286,0,0,0.18835601210594177
1516924289143951360,modelc,44,0.37950933502613554,0,0,0.29348495602607727
1449714900805242883,modelc,44,0.1473111000537004,0,0,0.2890857756137848
1258707209304891392,modelc,44,0.08963159295907447,0,0,0.21139664947986603
1511107589932830723,modelc,44,0.1018092389954824,0,0,0.3964788019657135
1219921409415270400,modelc,44,0.038563323033260884,0,0,0.21466636657714844
1542857597589528577,modelc,44,0.0,1,1,0.7888562083244324
1620508837328588803,modelc,44,0.05478544045035696,1,0,0.35538002848625183
1144672451592413185,modelc,44,0.41824943592480474,1,1,0.8094766139984131
1198999631323115520,modelc,44,0.1468904635705214,0,0,0.4126153290271759
1365488105378230278,modelc,44,0.13188896426919033,0,0,0.20936380326747894
1637857580776312834,modelc,44,0.13447013506938976,1,0,0.4143497347831726
1539994279455719424,modelc,44,0.03913047631698603,0,0,0.4930213987827301
1551584334104215552,modelc,44,0.07012891689799171,0,0,0.17573314905166626
1283750313418055681,modelc,44,0.055549126311477987,0,0,0.19768139719963074
1392197387427274755,modelc,44,0.042459613285020695,0,0,0.32421165704727173
1233959222305607680,modelc,44,0.41648677586202487,1,1,0.7798792123794556
1625906106156429330,modelc,44,0.0771855006586053,1,0,0.2916828989982605
1619534124024487937,modelc,44,0.02862525170072937,0,0,0.2246100902557373
1509027883716526080,modelc,44,0.07879127328362932,0,0,0.4809683859348297
1293924575890345985,modelc,44,0.058134661007604956,0,0,0.2560611963272095
1646011668751699972,modelc,44,0.019519047299223068,0,1,0.5381059646606445
1506007293728591873,modelc,44,0.13999593166960442,0,0,0.3504214286804199
1643707401512550400,modelc,44,0.02251394809132057,0,1,0.5703936219215393
1210275610813054976,modelc,44,0.11638542413517915,0,0,0.2395666390657425
1635345125575626752,modelc,44,0.04078772617592981,0,0,0.19365490972995758
1381927979090075651,modelc,44,0.2333709332234692,0,0,0.20641717314720154
1345012434608795650,modelc,44,0.004725131355375151,0,1,0.5609024167060852
1286035333755305984,modelc,44,0.03821826181402538,0,0,0.2288704663515091
1554196257270284294,modelc,44,0.04324527116751848,0,0,0.214219331741333
1090985813398061056,modelc,44,0.5965082670038623,1,1,0.727351188659668
1212830436012908544,modelc,44,0.13795833499633117,0,0,0.3019554615020752
1539054160896827392,modelc,44,0.0054426475313095034,0,0,0.3300974369049072
1270774783958016005,modelc,44,0.006559054329372694,0,0,0.21799209713935852
1205464611157413888,modelc,44,0.029574260367474927,1,1,0.7049431204795837
1470443338213957637,modelc,44,0.02161111042427495,0,0,0.3855023980140686
1646682021396115456,modelc,44,0.13612368375367628,0,0,0.2636776268482208
1103688981038985217,modelc,44,0.10542446337057276,0,0,0.21413388848304749
1396961028102053893,modelc,44,0.08530436199947661,1,0,0.33944636583328247
1103013290916175874,modelc,44,0.12020504316431817,0,0,0.19242355227470398
1284764621560315904,modelc,44,0.03728767641613093,0,0,0.21873348951339722
1281292234013446145,modelc,44,0.08917599230373077,0,0,0.16981138288974762
1636400650786426883,modelc,44,0.0808832389358075,0,0,0.3601286709308624
1219628821881802753,modelc,44,0.10061511478175922,0,0,0.3500256836414337
1585465243727056896,modelc,44,0.0,0,0,0.3446721136569977
1517548575332265984,modelc,44,0.018693040151908827,0,0,0.2561340630054474
1223652621153722372,modelc,44,0.016434858630842958,0,0,0.2147551327943802
1106562886778998785,modelc,44,0.0,1,1,0.6725985407829285
1518553007582892032,modelc,44,0.041338270808829944,0,0,0.2107175886631012
1397954044455391233,modelc,44,0.09198009100675275,0,0,0.38368338346481323
1252073855046352897,modelc,44,0.08230336374828941,0,0,0.3096771240234375
1515229140768546819,modelc,44,0.07685077240902721,1,0,0.39933210611343384
1542539148841607169,modelc,44,0.0022858698545921066,0,1,0.5742684006690979
1427586547621236739,modelc,44,0.03764983160355677,0,0,0.2067573368549347
1177946201179578368,modelc,44,0.27586641946357315,0,0,0.3964661955833435
1253687689410416641,modelc,44,0.034404170000597,0,0,0.2190857082605362
1222396158653259777,modelc,44,0.0004229924499183053,0,0,0.2653885781764984
1217246308743962624,modelc,44,0.06866305773832573,0,0,0.43472564220428467
1382668135690428419,modelc,44,0.008352538204225497,0,0,0.25465717911720276
1650582626758180865,modelc,44,0.0,0,0,0.23871895670890808
1252009084078997505,modelc,44,0.060567187462321,1,0,0.28578877449035645
1248241876005724161,modelc,44,0.026098418458650175,0,0,0.2259327471256256
1543360155651391500,modelc,44,0.028691655341650295,0,1,0.6865228414535522
1318980851808481281,modelc,44,0.25398450411188106,0,0,0.1971268206834793
1397587532574040069,modelc,44,0.0754644203486307,0,0,0.22467322647571564
1466454112279662604,modelc,44,0.09209541389714497,0,0,0.18147261440753937
1526762269064974346,modelc,44,0.168659969175745,1,1,0.6307999491691589
1566132180467814400,modelc,44,0.06371904656819305,0,0,0.197642982006073
1644717646246473736,modelc,44,0.08685584878599763,0,0,0.20167335867881775
1573081978949505024,modelc,44,0.06307003071007795,1,1,0.5980655550956726
1544818240484155392,modelc,44,0.10149651767986584,0,0,0.29538968205451965
1121874377631465474,modelc,44,0.24044572042126153,0,0,0.23635324835777283
1291623819572989955,modelc,44,0.2558650871029678,1,0,0.477861225605011
1580600904746962945,modelc,44,0.06759038589848379,1,1,0.7805530428886414
1428807603031789569,modelc,44,0.02592054445095757,0,0,0.44144853949546814
1109061649242226688,modelc,44,0.09794538667688985,0,0,0.25486183166503906
1392756158914600960,modelc,44,0.17503879353615645,0,0,0.3019815981388092
1133067761184378885,modelc,44,0.559796901172763,1,1,0.8446395993232727
1468658508014911492,modelc,44,0.2724201579129859,0,0,0.2672983705997467
1579549222038560768,modelc,44,0.1957628045948323,0,0,0.22032444179058075
1644465858670993409,modelc,44,0.08083652853289568,1,0,0.3751063942909241
1506076192130191360,modelc,44,0.04262106862998991,0,0,0.17261052131652832
1159696677130948608,modelc,44,0.2671327820680906,0,0,0.28609421849250793
1633114503305936899,modelc,44,0.05752234161914532,0,1,0.6770172119140625
1128058851188670470,modelc,44,0.21395878702433024,0,0,0.36616989970207214
1296858111521648640,modelc,44,0.21132798539159126,0,1,0.5673923492431641
1187403288007888898,modelc,44,0.0,0,0,0.23236152529716492
1458036894860775426,modelc,44,0.0018339950391334514,0,0,0.3906490206718445
1356378388164976645,modelc,44,0.09212333293621015,0,0,0.19256028532981873
1517749284304695298,modelc,44,0.1305523629870646,0,0,0.41762709617614746
1256562515288494082,modelc,44,0.08040344305802323,0,0,0.19854038953781128
1526056251007852544,modelc,44,0.008986349209199045,0,0,0.2870005965232849
1352771322863116288,modelc,44,0.040891692312335616,0,1,0.5921033024787903
1393789126772543490,modelc,44,0.13731486847272503,0,0,0.19596117734909058
1360239202827403267,modelc,44,0.08749353834941741,0,0,0.18851982057094574
1353190490305392640,modelc,44,0.040641120651299226,0,1,0.5703608989715576
1357201397838618624,modelc,44,0.06987309061471954,0,0,0.2885782718658447
1255823949532987397,modelc,44,0.057218182404821835,1,0,0.4658525586128235
1272891981480497152,modelc,44,0.16180566964644927,0,0,0.17098984122276306
1354349851581034498,modelc,44,0.1731161395748646,0,0,0.21687673032283783
1120663055526957062,modelc,44,0.13036261393027804,0,0,0.24266161024570465
1283401552032456705,modelc,44,0.2350818629539202,0,0,0.19488054513931274
1524755538415861761,modelc,44,0.031311080575195695,0,1,0.6688185930252075
1399745357555322889,modelc,44,0.14419317022016845,0,0,0.4382893443107605
1519841120473202688,modelc,44,0.032306362358507985,0,0,0.21404144167900085
1300150538668060674,modelc,44,0.17183948539611021,0,0,0.4401478171348572
1209982157982248961,modelc,44,0.21017811189838534,0,1,0.6213039755821228
1645009221635694593,modelc,44,0.0006789173437463859,1,1,0.7762212157249451
1215515751496339456,modelc,44,0.03678668528353849,0,0,0.24681153893470764
1426471423086764033,modelc,44,0.051826398653863445,1,1,0.6843366622924805
1232887804969078789,modelc,44,0.14221369997523198,1,1,0.6646612882614136
1407469081494757382,modelc,44,0.0769063217209792,0,0,0.17281419038772583
1470482593539837954,modelc,44,0.00022933548081055944,0,0,0.194830983877182
1413068266759655427,modelc,44,0.1314555962963937,0,0,0.32985928654670715
1229152388851929091,modelc,44,0.05727217093452311,0,0,0.2638678550720215
1286027681230753793,modelc,44,0.11238796073965805,0,0,0.3031500577926636
1415047667613327369,modelc,44,0.0328888090284876,0,0,0.3009191155433655
1394017841121308673,modelc,44,0.058318060619103815,1,1,0.7609795928001404
1085296318040473600,modelc,44,0.257305170961538,0,0,0.21208883821964264
1434894931143929858,modelc,44,0.15603107273775269,0,0,0.21257711946964264
1256536483332317184,modelc,44,0.1026797926968925,0,0,0.2608030438423157
1600224079482454016,modelc,44,0.10876204309375047,0,0,0.23553240299224854
1567171489509564416,modelc,44,0.05965667236383372,0,0,0.19301748275756836
1556401396651397120,modelc,44,0.02807959795178127,0,0,0.21110966801643372
1258474383900893189,modelc,44,0.12759623875408102,0,0,0.2741972506046295
1207550765260132353,modelc,44,0.19248183358405946,0,0,0.22126610577106476
1449058322360020992,modelc,44,0.04343136902065029,0,0,0.21454069018363953
1455148755435630594,modelc,44,0.0011090024615045084,0,0,0.18813574314117432
1223994516903997444,modelc,44,0.10582195145808414,0,0,0.25882041454315186
1284281138467319808,modelc,44,0.08349192784346485,0,0,0.37556546926498413
1578140790592782336,modelc,44,0.040473271141022824,1,0,0.26373210549354553
1222708257648594944,modelc,44,0.09761228868703598,0,0,0.3285600543022156
1250166932768088064,modelc,44,0.5748916190966483,1,1,0.8198615908622742
1232852903909441537,modelc,44,0.5170245337697529,1,1,0.8336076736450195
1311402290167783424,modelc,44,0.19072090237130346,0,0,0.3693821132183075
1245701249732734977,modelc,44,0.2131603221197713,1,0,0.38155150413513184
1212868104658849795,modelc,44,0.12348402890960329,0,0,0.293776273727417
1352210396833337345,modelc,44,0.05915360980312924,0,0,0.2644636034965515
1241946825055141889,modelc,44,0.11770611751463952,0,0,0.17060403525829315
1260225918980816902,modelc,44,0.07306121425363402,0,0,0.1868748962879181
1393777583414669317,modelc,44,0.03966350260529255,0,0,0.17499613761901855
1229308060419514369,modelc,44,0.36885018141430714,0,0,0.16828303039073944
1229222882112348166,modelc,44,0.051995727366710445,0,0,0.20741775631904602
1588261196573986816,modelc,44,0.029730620301352814,1,1,0.7716650366783142
1462395459557810176,modelc,44,0.006746153740305509,0,0,0.25463470816612244
1442869344946454529,modelc,44,0.02031281341395017,0,0,0.2295551896095276
1255605234619072519,modelc,44,0.23857777606525668,0,0,0.3428730070590973
1499012058175655938,modelc,44,0.01664798165797135,0,0,0.33639833331108093
1462851931945283589,modelc,44,0.11658459846779907,0,0,0.2540830373764038
1247576003800686600,modelc,44,0.02061300230057567,0,0,0.20153164863586426
1104601295523000323,modelc,44,0.2762685848958512,1,0,0.3606685400009155
1263682260768681986,modelc,44,0.008315335745898055,0,0,0.26575058698654175
1123871012746092545,modelc,44,0.383669759999725,0,0,0.16033771634101868
1600150773924450304,modelc,44,0.020917576446989567,0,1,0.5892871618270874
1236854787334909953,modelc,44,0.3429492804520705,0,0,0.23632033169269562
1397658343041339392,modelc,44,0.0740353137390635,0,0,0.4924331307411194
1454323555420803073,modelc,44,0.029965474273105537,0,0,0.3921146094799042
1619614295335239680,modelc,44,0.07162219241788059,0,0,0.2179359793663025
1345745635924992000,modelc,44,0.026450231569606755,1,0,0.48660188913345337
1219355089854439424,modelc,44,0.014690200736353964,1,1,0.5609090924263
1233846578366078986,modelc,44,0.008169894445281326,1,1,0.622867226600647
1310174329653530624,modelc,44,0.0058778008579096494,0,0,0.31916695833206177
1421844891404062726,modelc,44,0.07056856221462086,0,0,0.23047424852848053
1393372156482949129,modelc,44,0.31530127440759054,0,0,0.42509546875953674
1267842168128966657,modelc,44,0.009357028614270896,0,1,0.5767124891281128
1555651653453348865,modelc,44,0.16724552102217866,0,0,0.27676859498023987
1389360261270806533,modelc,44,0.03034822228647556,0,0,0.23706506192684174
1576232372063772672,modelc,44,0.06469692181696007,0,0,0.2991448640823364
1518769899996606464,modelc,44,0.21284591305255238,0,0,0.339118093252182
1298736963000901632,modelc,44,0.05731365021966528,0,0,0.40725430846214294
1194722327952547844,modelc,44,0.026369412181644642,1,1,0.6567954421043396
1604141984712531968,modelc,44,0.08517325176331503,1,1,0.5277264714241028
1266753810392854529,modelc,44,0.1211493208379681,0,0,0.2500606179237366
1417123755390689287,modelc,44,0.1614739529889025,0,0,0.3017459809780121
1288838940569620483,modelc,44,0.04248801529733371,0,0,0.2608984708786011
1412564686516666369,modelc,44,0.024849234354046203,0,0,0.1751648485660553
1376823894569443329,modelc,44,0.025882298535212744,0,0,0.19124436378479004
1369368335532589061,modelc,44,0.3244095208207555,0,0,0.21137231588363647
1224738215652814849,modelc,44,0.13649308912573005,0,0,0.22012531757354736
1185557829501018114,modelc,44,0.035618766184865425,1,0,0.21402890980243683
1274205440239374337,modelc,44,0.14862866573961855,0,0,0.21187597513198853
1509567860095569937,modelc,44,0.051522356213927444,0,0,0.23196007311344147
1457557396973187088,modelc,44,0.10257978217988425,0,0,0.2111886441707611
1238978053633716226,modelc,44,0.04403909032310835,0,0,0.19690029323101044
1137416842560118784,modelc,44,0.04467546020454329,0,0,0.22501061856746674
1474945563271606273,modelc,44,0.02965125783624076,0,0,0.13185827434062958
1601901750096924674,modelc,44,0.17454091214957793,0,0,0.27872297167778015
1249002861129863170,modelc,44,0.09666545099191415,0,0,0.2839403748512268
1289575405611921411,modelc,44,0.007232253407288018,0,0,0.24833916127681732
1263521952364474368,modelc,44,0.07158024817899503,0,0,0.4546992778778076
1468332039216803847,modelc,44,0.06910578813367386,0,0,0.27424582839012146
1487758635275014149,modelc,44,0.17029684972076067,0,0,0.36520880460739136
1609464228045365248,modelc,44,0.0,0,0,0.29508960247039795
1355618686770569219,modelc,44,0.08673723664985863,0,0,0.25714364647865295
1232922381544386560,modelc,44,0.4209433382765773,1,1,0.7659376859664917
1345353737368457221,modelc,44,0.06459547463656849,0,0,0.38560178875923157
1263926391474491392,modelc,44,0.033882359996106684,0,1,0.6665081977844238
1262954263384334338,modelc,44,0.07629516254990677,0,0,0.24300673604011536
1355356438714003459,modelc,44,0.05529833031244269,0,0,0.23397259414196014
1478755285934252032,modelc,44,0.032699837682163564,0,0,0.31498605012893677
1247933746881462273,modelc,44,0.06386453950765546,0,0,0.4965602159500122
1114201210960085002,modelc,44,0.13301885206143854,0,0,0.1469493806362152
1567548400983228421,modelc,44,0.04863720718529001,1,0,0.3268688917160034
1393566849275555845,modelc,44,0.18456474844737547,0,0,0.3289262354373932
1440444267135004681,modelc,44,0.22947467325133641,0,0,0.3247115910053253
1569022602882039812,modelc,44,0.041808069149167036,0,0,0.29348012804985046
1268796619761291264,modelc,44,0.030883626531437128,0,0,0.3185797333717346
1466588575697309698,modelc,44,0.17568698351309597,0,0,0.3028361201286316
1358471344753569792,modelc,44,0.05392958166094082,0,0,0.3166919946670532
1466314626426146818,modelc,44,0.10121949361471858,0,0,0.2531394064426422
1559265728037109765,modelc,44,0.1853748891097224,0,0,0.2851184606552124
1285236887599419392,modelc,44,0.051547620234778824,0,0,0.197706401348114
1421202358105690121,modelc,44,0.10692153549929968,0,0,0.25737857818603516
1230462416368099328,modelc,44,0.23184170661509548,0,0,0.20158514380455017
1276280108278415360,modelc,44,0.015883050585621786,0,0,0.25663867592811584
1251955772797399044,modelc,44,0.28222146434503104,0,0,0.23950514197349548
1252583581685252097,modelc,44,9.330908879176734e-05,0,0,0.20837512612342834
1564590802348949504,modelc,44,0.0,0,0,0.4335784912109375
1566917637564768256,modelc,44,0.02332157735655945,0,0,0.31392258405685425
1599649990762434560,modelc,44,0.02216677833207189,0,0,0.2647526264190674
1575021890040537090,modelc,44,0.01628091385877087,0,0,0.31323784589767456
1645040637119438848,modelc,44,0.13392852744291528,0,0,0.20901738107204437
1594193136632623104,modelc,44,0.04801769307260597,0,1,0.5565052032470703
1188204586290561026,modelc,45,0.13115566838177584,1,1,0.9084499478340149
1393758809622032390,modelc,45,0.044435707321367535,0,0,0.11308576911687851
1229832103891595264,modelc,45,0.05913055742895078,0,0,0.09711499512195587
1125194075316064256,modelc,45,0.008322793428264455,0,1,0.5417853593826294
1523450483053973504,modelc,45,0.07804921194672636,0,0,0.16867564618587494
1345256046571495424,modelc,45,0.045052949767034375,0,0,0.09182638674974442
1236714045341929481,modelc,45,0.2121207808396936,0,0,0.1322762370109558
1394295651266187265,modelc,45,0.052790941539100376,0,0,0.21126936376094818
1154438465280516096,modelc,45,0.040205701855351036,0,0,0.08051837980747223
1619516286312263681,modelc,45,0.08399296257538984,0,0,0.26498886942863464
1396537342085718017,modelc,45,0.04134953989937466,0,0,0.133803591132164
1443682627614093314,modelc,45,0.034004550204836254,0,0,0.2777368426322937
1465147721724178432,modelc,45,0.12780583521951466,1,1,0.8692739009857178
1255492458164752387,modelc,45,0.09389141051509026,0,0,0.20468881726264954
1290986576667869185,modelc,45,0.0396356450954343,0,0,0.23277181386947632
1514288582332145670,modelc,45,0.07874480616834503,0,0,0.29518020153045654
1272357521324474368,modelc,45,0.04785182573860183,0,0,0.11551863700151443
1487252560700481537,modelc,45,0.12580235021404565,0,0,0.47623351216316223
1273740261621809154,modelc,45,0.12804548715817082,0,0,0.14561741054058075
1317661755363921920,modelc,45,0.04925992471890526,0,0,0.181519016623497
1468405253758406661,modelc,45,0.023764238355456224,0,0,0.29334551095962524
1514920455643279365,modelc,45,0.026255513119671673,0,0,0.12173980474472046
1291784215021805569,modelc,45,0.1617322120162073,0,0,0.15262113511562347
1357469393727365122,modelc,45,0.016347307807137758,0,0,0.19380070269107819
1248174910977040385,modelc,45,0.14639295389595094,0,0,0.13726218044757843
1287073267526897666,modelc,45,0.12509844285773528,0,0,0.16558769345283508
1116066316874670081,modelc,45,0.12639310542274684,1,1,0.9086145758628845
1296511371367124992,modelc,45,0.1355115053441667,0,0,0.14814308285713196
1345166234330017792,modelc,45,0.04436229924289017,0,0,0.13962334394454956
1245501628112867328,modelc,45,0.037393949376601024,0,0,0.09771466255187988
1578931526238343168,modelc,45,0.06271818984843863,0,0,0.1413927674293518
1286957308447260673,modelc,45,0.021166151612964198,1,1,0.8794086575508118
1393552840891719685,modelc,45,0.01946903941785403,0,0,0.18304620683193207
1262815859732611075,modelc,45,0.061926876967623355,1,1,0.5407083630561829
1599404086688092160,modelc,45,0.10564124670987972,0,0,0.2653277516365051
1648029372983439367,modelc,45,0.06824319256453747,0,0,0.07734481990337372
1265957010501230593,modelc,45,0.03775004740938316,0,0,0.10646022111177444
1246464469087256576,modelc,45,0.1069086338581564,1,0,0.2557245194911957
1211183459105796098,modelc,45,0.07643292606737062,0,0,0.11094120889902115
1118338313876844544,modelc,45,0.07635368450491009,0,0,0.1714380532503128
1135216071525511173,modelc,45,0.13988015218991678,0,0,0.20099014043807983
1527387745693224986,modelc,45,0.11616378928208027,0,0,0.11614864319562912
1232990916899561473,modelc,45,0.3136890905828709,1,1,0.9091792702674866
1345987250904068096,modelc,45,0.005652772634002285,0,0,0.10652215033769608
1546816084149501953,modelc,45,0.030210161826907472,0,0,0.11742904037237167
1457806433853005827,modelc,45,0.00938382619041721,0,0,0.14347384870052338
1402937907342544899,modelc,45,0.024711146579392693,0,0,0.1411135494709015
1603080434526859264,modelc,45,0.0781098116426468,0,0,0.32918545603752136
1109748138515054592,modelc,45,0.0700467174240545,1,1,0.9114481806755066
1488409288750284801,modelc,45,0.03943192389420143,0,0,0.08974476158618927
1532553712199245827,modelc,45,0.17090625270280715,0,0,0.35254037380218506
1491463980329570304,modelc,45,0.03692299981709238,0,0,0.12584806978702545
1611222836924010498,modelc,45,0.04369083076281483,0,0,0.24699118733406067
1537808851155795975,modelc,45,0.026461292535999083,0,0,0.17617303133010864
1630179384375263232,modelc,45,0.06609546968076693,0,0,0.1200319156050682
1393745779857272832,modelc,45,0.06970893017900974,1,1,0.7916494607925415
1509126359607660551,modelc,45,0.026867316360408643,0,0,0.1267799735069275
1126878156294586368,modelc,45,0.008396306929774945,0,0,0.11883504688739777
1225297729506594818,modelc,45,0.05879881806269128,0,0,0.36116668581962585
1394107831834476547,modelc,45,0.1258405364526785,0,0,0.3527671694755554
1260269776150159360,modelc,45,0.09415070784363427,0,0,0.18484511971473694
1488747638602153986,modelc,45,0.11582599823801523,0,0,0.15871694684028625
1270348242543423488,modelc,45,0.08603658180367203,0,0,0.16360001266002655
1244176666802479104,modelc,45,0.039235352581005536,0,0,0.10741429775953293
1539951759405109249,modelc,45,0.04332149882040045,0,0,0.2616598904132843
1395747592307417092,modelc,45,0.050788096019105104,0,0,0.2887763977050781
1508152963587579909,modelc,45,0.01225977915309437,0,0,0.09965026378631592
1224025761092448257,modelc,45,0.2489703985389998,0,0,0.445130854845047
1263867135194996737,modelc,45,0.05280223891613141,0,0,0.1347169727087021
1577071902572818434,modelc,45,0.06484514150168287,0,0,0.12525524199008942
1508857749089787912,modelc,45,0.10451527385951215,0,0,0.11499854922294617
1224373966363512833,modelc,45,0.06771968236790347,0,0,0.1472700536251068
1103282085832343555,modelc,45,0.17458844762321224,0,0,0.12864243984222412
1109170436078817282,modelc,45,0.37053027291821466,0,0,0.08661486208438873
1098057857482641408,modelc,45,0.23967928489463955,1,1,0.8709919452667236
1261011012100198404,modelc,45,0.0,1,1,0.7877772450447083
1237111189722640385,modelc,45,0.04785990291172065,0,0,0.10315825790166855
1115609269838024704,modelc,45,0.09976515156588717,0,0,0.1036323830485344
1293886666080260097,modelc,45,0.03919718199620912,0,0,0.0887342318892479
1395833782863814657,modelc,45,0.0,0,0,0.19548773765563965
1247909286568701958,modelc,45,0.06759346669038138,0,0,0.1426628977060318
1352044283587489792,modelc,45,0.02691875632035256,0,0,0.09999973326921463
1258110002906136578,modelc,45,0.006665956434970861,0,0,0.10340842604637146
1461202741666140161,modelc,45,0.14047343773592588,0,0,0.2876812815666199
1258017440362979332,modelc,45,0.07062797318358915,0,0,0.08856111019849777
1393327980387131398,modelc,45,0.07243596089163462,0,0,0.13402485847473145
1648322447089840140,modelc,45,0.03602610647101936,0,0,0.4857238233089447
1356256969359822851,modelc,45,0.025480127128036028,0,0,0.12199577689170837
1199437211772575744,modelc,45,0.06448786445325853,0,0,0.12931640446186066
1345112406326915074,modelc,45,0.02092682940433411,0,0,0.13168762624263763
1345737420101324806,modelc,45,0.02289151803804941,0,0,0.08925633132457733
1392990438546710533,modelc,45,0.04104005350730912,0,0,0.28270724415779114
1451592600918663172,modelc,45,0.09170422851822868,0,0,0.08605007827281952
1547841356113948674,modelc,45,0.0,0,0,0.22764216363430023
1313636764506968064,modelc,45,0.057517285780018426,0,0,0.07845907658338547
1354461395862040576,modelc,45,0.026444585697524208,0,0,0.08235571533441544
1255336798319972356,modelc,45,0.02280148001718316,0,0,0.08966588228940964
1346224388128051200,modelc,45,0.010583959416445469,0,0,0.254136860370636
1193142802965782528,modelc,45,0.10850465023832603,1,1,0.90549635887146
1392146737423290368,modelc,45,0.061777028190744,0,0,0.27800819277763367
1226462657177210880,modelc,45,0.44821541371769874,1,1,0.8884445428848267
1345755511002689545,modelc,45,0.03667212792361198,1,1,0.8499937057495117
1593588138030804992,modelc,45,0.01148308511214221,0,0,0.22709131240844727
1641175481511714816,modelc,45,0.02524881414075565,0,0,0.20575600862503052
1565180170016735233,modelc,45,0.0,0,0,0.26156798005104065
1577125319710248960,modelc,45,0.004329432934472415,0,0,0.10494959354400635
1548349221429866498,modelc,45,0.02081750607783038,0,0,0.12217974662780762
1298217767297003521,modelc,45,0.0013784020783004234,0,0,0.15234753489494324
1124008705845026823,modelc,45,0.0614659703031689,0,0,0.08464957028627396
1246121373472378880,modelc,45,0.26130089341204377,1,1,0.5373914241790771
1345778047421562880,modelc,45,0.02048316932752946,1,1,0.8840288519859314
1444988795108139008,modelc,45,0.03767953013246349,1,0,0.24337725341320038
1275278623860305922,modelc,45,0.09100841734074114,0,0,0.18721117079257965
1223263760950775808,modelc,45,0.06972745999527166,0,0,0.21221286058425903
1466446193337196552,modelc,45,0.1254392688297852,0,0,0.09921020269393921
1512367141198213123,modelc,45,0.022718413984176,0,0,0.0854453518986702
1451346708579897345,modelc,45,0.060553164796612734,0,0,0.08230388909578323
1359732117211668481,modelc,45,0.01967582497771803,0,0,0.20512476563453674
1204634292044697600,modelc,45,0.13397898393904623,0,0,0.08616944402456284
1242197959413989377,modelc,45,0.04791498483724454,0,0,0.13278022408485413
1345415514424750083,modelc,45,0.004798437176445788,0,0,0.21411798894405365
1628172722969751552,modelc,45,0.3607223059305514,0,0,0.4463014006614685
1123014488888893440,modelc,45,0.10580911533087715,0,0,0.20751142501831055
1345690021563654144,modelc,45,0.046619288546532064,0,0,0.35083943605422974
1504459560207147011,modelc,45,0.08223141997678028,0,0,0.2588922083377838
1507052730803802122,modelc,45,0.09159095122953981,0,0,0.4529089033603668
1270803144147075075,modelc,45,0.23072189418251837,1,1,0.7548249959945679
1274310552161079297,modelc,45,0.039307301053926706,0,0,0.11450650542974472
1564334956100423680,modelc,45,0.012932933602342123,0,0,0.24000036716461182
1388425054665510912,modelc,45,0.1599422309753627,0,1,0.5299134850502014
1585359766754586624,modelc,45,0.009029477766868703,1,1,0.892116129398346
1463617131946205187,modelc,45,0.24243766773259004,1,0,0.35232093930244446
1222296463822049281,modelc,45,0.08968839012462287,0,0,0.1180700734257698
1218986472197566464,modelc,45,0.04498059009684358,0,0,0.16456425189971924
1594755480441733131,modelc,45,0.4515634632350894,1,0,0.3243752121925354
1508215661482463238,modelc,45,0.01182961054193049,0,0,0.1508467048406601
1216725210507902979,modelc,45,0.03668927374168039,0,0,0.11245561391115189
1192249138957582338,modelc,45,0.0386836327993551,0,0,0.11804237961769104
1452130397932998657,modelc,45,0.014351537906788633,0,0,0.12061413377523422
1117368474597318661,modelc,45,0.08119963628501173,0,0,0.13280609250068665
1491416161812361216,modelc,45,0.07405179469806739,0,1,0.5453601479530334
1307141355915927553,modelc,45,0.18387516334863055,1,0,0.3917330205440521
1519509018271789056,modelc,45,0.0,0,1,0.6890711784362793
1482268883465777157,modelc,45,0.03346310573363909,0,0,0.25463446974754333
1291416524264222721,modelc,45,0.052528980196203987,0,0,0.13967247307300568
1530459713028390913,modelc,45,0.04019460458788567,0,0,0.11321254074573517
1606670420719067139,modelc,45,0.038745380240121995,1,0,0.1920594871044159
1514890228493963265,modelc,45,0.0,0,0,0.2776450514793396
1499672184414998536,modelc,45,0.05107348722397626,0,0,0.25509557127952576
1347316666028478466,modelc,45,0.048434657438988366,0,0,0.2601289749145508
1648058784890372097,modelc,45,0.03649246185516255,0,0,0.11919144541025162
1227781168109506560,modelc,45,0.13213485081820353,0,0,0.14154326915740967
1379807592143290370,modelc,45,0.037489938990872204,0,0,0.09292207658290863
1487026637099126784,modelc,45,0.1065102429347001,0,0,0.1328125149011612
1355165540453642240,modelc,45,0.07749767715508066,0,0,0.17603103816509247
1298413749121024004,modelc,45,0.0740124429238214,0,0,0.2546282708644867
1575263521750847491,modelc,45,0.0,0,0,0.20412951707839966
1233438028846125058,modelc,45,0.04301690859881779,0,0,0.09883929789066315
1628082486772215841,modelc,45,0.01529269024982587,0,0,0.27879074215888977
1399046300872675328,modelc,45,0.0039806715187847026,0,0,0.14421063661575317
1259954791591133185,modelc,45,0.001723658175133381,1,0,0.12835192680358887
1586732526223040512,modelc,45,0.043393721692761206,0,0,0.14350952208042145
1445380143384514561,modelc,45,0.06901400777471109,0,0,0.284732460975647
1498475514394288129,modelc,45,0.0047483833066167755,0,0,0.0900312140583992
1190205141380583424,modelc,45,0.3580329402511569,1,1,0.9174580574035645
1377716013916172292,modelc,45,0.0042433381069072965,0,0,0.08781075477600098
1355641493956874241,modelc,45,0.06086722806858996,0,0,0.14111214876174927
1393667052968333318,modelc,45,0.04257092120987042,0,1,0.55654376745224
1587412786375557120,modelc,45,0.17299076997105486,1,1,0.8070385456085205
1300489088198496258,modelc,45,0.023230027795807278,0,0,0.0981433317065239
1637493415016296449,modelc,45,0.10868462662983083,0,0,0.09649156033992767
1380751228171354112,modelc,45,0.09069544916868713,0,0,0.09857170283794403
1120860417645895680,modelc,45,0.31395840506092554,1,1,0.8977359533309937
1319668055367208961,modelc,45,0.009708897787830196,0,0,0.09870283305644989
1392520237539549188,modelc,45,0.21713073983293926,0,0,0.1341198980808258
1397398267806236676,modelc,45,0.07246945657451993,0,0,0.15856358408927917
1407216852875452443,modelc,45,0.04150900809318179,0,0,0.08497664332389832
1393616932696432640,modelc,45,0.06968427367739155,0,0,0.09054403752088547
1445042996408246275,modelc,45,0.034992434659833344,1,1,0.8937768340110779
1592051401177591808,modelc,45,0.01815911155317648,1,0,0.1900380700826645
1297284021282537472,modelc,45,0.017264475852644984,0,0,0.15489479899406433
1639011015076478977,modelc,45,0.06466002231769016,0,0,0.24570158123970032
1405155653988098056,modelc,45,0.07091091214970435,0,0,0.10151930898427963
1298280815273672705,modelc,45,0.10866342035385855,0,0,0.17426276206970215
1600473720186773505,modelc,45,0.0852626724092236,1,1,0.5714779496192932
1469703539081449472,modelc,45,0.008475611324168802,0,0,0.11559993773698807
1268558839214899201,modelc,45,0.010537008702499535,0,0,0.3222940266132355
1345451046475354112,modelc,45,0.040481377726606795,1,1,0.7284681797027588
1270982396121214978,modelc,45,0.06974275554600973,1,0,0.4894274175167084
1411961344962686978,modelc,45,0.06766830781061704,0,0,0.14396905899047852
1276793702472716289,modelc,45,0.011915506881351174,0,0,0.11577464640140533
1556353135844679680,modelc,45,0.06691122218522468,0,0,0.33946120738983154
1293954705257684992,modelc,45,0.16403024421393617,0,0,0.2152998149394989
1171163784762839042,modelc,45,0.09812664591994905,0,0,0.0733698308467865
1122994928299036677,modelc,45,0.15347611468053723,1,1,0.9081125259399414
1298402312868724736,modelc,45,0.005654622159193135,0,0,0.2103201001882553
1286786961542455298,modelc,45,0.027452083142713687,0,0,0.11196006834506989
1396689194106294278,modelc,45,0.03196835373016602,0,0,0.28071773052215576
1563287160908042241,modelc,45,0.22154354195443687,0,0,0.35196954011917114
1541730204648935425,modelc,45,0.08902949887981566,1,1,0.8973904848098755
1268895623278850050,modelc,45,0.11848303768107528,0,0,0.1619749218225479
1451370158367264777,modelc,45,0.1545583707221668,0,1,0.5888593792915344
1491958977667682308,modelc,45,0.11117517749467287,0,0,0.22415880858898163
1396966089708425218,modelc,45,0.0559543685785484,0,0,0.08418343961238861
1442978128394014722,modelc,45,0.064639793488998,0,0,0.2663877308368683
1458514255716786182,modelc,45,0.13199785718844192,0,0,0.25566035509109497
1321845326555176960,modelc,45,0.022728571881160856,0,0,0.144186869263649
1633559221227642883,modelc,45,0.13268006658798365,0,0,0.2164856195449829
1586647573368037376,modelc,45,0.003354187186368006,1,1,0.8911623954772949
1241856213811412992,modelc,45,2.922230327334251e-05,0,0,0.07643501460552216
1647374538324189184,modelc,45,0.04185348772426876,0,1,0.6354078650474548
1345235597749854208,modelc,45,0.045613094140127985,1,1,0.9060826897621155
1239012712673411078,modelc,45,0.0,0,0,0.34061160683631897
1582437173277601792,modelc,45,0.17210316992508787,0,0,0.18550395965576172
1120591069526228997,modelc,45,0.04524635076296284,0,0,0.10938016325235367
1283422598613868546,modelc,45,0.02028285691397425,0,0,0.09331300109624863
1196747794264051713,modelc,45,0.08135407957375251,0,0,0.3052334785461426
1300022096064520193,modelc,45,0.1292251312604871,1,1,0.6108720302581787
1347894076318879744,modelc,45,0.06132307766472269,0,1,0.7313099503517151
1343348218743164928,modelc,45,0.07302717515386385,0,0,0.12599362432956696
1288266046248562689,modelc,45,0.06433719054369998,0,0,0.08422446995973587
1394273212100456448,modelc,45,0.023212278516068892,1,1,0.8995153903961182
1345212454469566466,modelc,45,0.06559650880495727,0,0,0.40350645780563354
1316806707725709314,modelc,45,0.030218172671871036,0,0,0.1127859354019165
1274382276730802176,modelc,45,0.018250517056211422,0,0,0.36708155274391174
1630353342328107008,modelc,45,0.13120238024911632,0,0,0.1097945049405098
1518388184870178816,modelc,45,0.0584414827681446,0,0,0.1075628325343132
1597318794422411265,modelc,45,0.008193469369578798,0,0,0.307295024394989
1297728264358813698,modelc,45,0.0068764879312303035,0,0,0.11202280968427658
1092607702524743680,modelc,45,0.04315593437556568,0,0,0.17627036571502686
1558159706383912964,modelc,45,0.15083106484391465,0,0,0.0753524899482727
1574261143576535040,modelc,45,0.017609970376507796,1,1,0.8955246806144714
1401102417559580678,modelc,45,0.021536122443593788,0,0,0.10014738142490387
1308105045452390403,modelc,45,0.0725076943101391,0,0,0.19554363191127777
1508194787001831431,modelc,45,0.03448155675883801,0,0,0.1787341684103012
1232601234143678464,modelc,45,0.024964913986518796,0,0,0.3809068500995636
1283393408778870785,modelc,45,0.01597410302177246,0,0,0.11657264083623886
1515204878397849601,modelc,45,0.15262830169187072,0,0,0.09542503952980042
1542274011576602626,modelc,45,0.023802024487951136,0,1,0.5798291563987732
1293974461662793728,modelc,45,0.042061445215994156,0,0,0.23504288494586945
1211490408754270210,modelc,45,0.021266489903958595,0,0,0.11541489511728287
1097212292893196289,modelc,45,0.597376189160336,1,1,0.9119563698768616
1581970735957872640,modelc,45,0.16935509344259314,0,0,0.25665515661239624
1225984535046840320,modelc,45,0.103982895081722,1,1,0.7696626782417297
1604186809625415680,modelc,45,0.04698350807995506,0,0,0.08898767083883286
1163972893765775365,modelc,45,0.032269128241551946,0,0,0.08772432059049606
1341775550189350912,modelc,45,0.0046299549211843,0,0,0.1802987903356552
1286748877563891713,modelc,45,0.047445239024993466,0,0,0.1482667773962021
1460712630553923584,modelc,45,0.1294304149764102,0,0,0.10481128096580505
1477825713206177792,modelc,45,0.0008090456736347828,0,0,0.16856759786605835
1284434882140176389,modelc,45,0.11737519362455136,1,1,0.6005309820175171
1255205589396979724,modelc,45,0.05999598900169029,0,0,0.08208431303501129
1449353935626588163,modelc,45,0.011759109238028056,0,0,0.21383878588676453
1287098479496634370,modelc,45,0.009526284645991145,0,0,0.1497446894645691
1241902809592803328,modelc,45,0.42316573005723623,1,1,0.8906773924827576
1235962772770283522,modelc,45,0.021726458947317857,0,0,0.07973368465900421
1448053433374740482,modelc,45,0.017074387466871146,0,0,0.12743431329727173
1282333713267859458,modelc,45,0.11185090587759398,1,1,0.7325907349586487
1325795907514863622,modelc,45,0.038206195235524425,0,0,0.07872997969388962
1417228816808820741,modelc,45,0.026256151427025958,0,0,0.09707436710596085
1611744750368956416,modelc,45,0.034442295520988694,0,0,0.10086676478385925
1521292300260888578,modelc,45,0.002903389738292257,0,0,0.24053388833999634
1203555334805164033,modelc,45,0.4751158202307286,1,1,0.900521993637085
1580245639979749377,modelc,45,0.09192103527744751,0,0,0.12550421059131622
1463578662922604548,modelc,45,0.13203387835921093,0,0,0.11618991941213608
1449684061912510466,modelc,45,0.024000085334022776,0,0,0.0882049947977066
1152034933176590336,modelc,45,0.2505936178847423,1,1,0.9068058729171753
1584558203626434560,modelc,45,0.028752852524326813,0,0,0.18252691626548767
1553717576458534912,modelc,45,0.04206581064855004,0,0,0.09419745206832886
1255567029551144964,modelc,45,0.03509738014496485,0,0,0.09608906507492065
1545151228413415425,modelc,45,0.35371812872171343,1,1,0.8829280734062195
1468967696523878410,modelc,45,0.03351043231534136,0,0,0.14532409608364105
1489845616750444545,modelc,45,0.017733290819855745,0,0,0.1999674290418625
1393522778440093700,modelc,45,0.015238256808059153,0,0,0.14369279146194458
1345567610780397570,modelc,45,0.0011490182164682907,0,0,0.129811093211174
1547669888851795979,modelc,45,0.2570784734243895,0,1,0.6953481435775757
1513201920797810690,modelc,45,0.05433469989615702,0,1,0.5442777276039124
1284847378499944449,modelc,45,0.010461662885533797,0,0,0.10687515139579773
1516924289143951360,modelc,45,0.022331995547858682,0,0,0.21150772273540497
1449714900805242883,modelc,45,0.09384449049467983,0,0,0.19584640860557556
1258707209304891392,modelc,45,0.0011333539836445915,0,0,0.13832032680511475
1511107589932830723,modelc,45,0.006820725329417322,0,0,0.1986745297908783
1219921409415270400,modelc,45,0.03132715689523875,0,0,0.15266352891921997
1542857597589528577,modelc,45,0.0,1,1,0.8920114636421204
1620508837328588803,modelc,45,0.06097209859178663,1,0,0.34219983220100403
1144672451592413185,modelc,45,0.42168251575428656,1,1,0.8953081965446472
1198999631323115520,modelc,45,0.1696714128316585,0,0,0.30467700958251953
1365488105378230278,modelc,45,0.06474124016970184,0,0,0.08413007110357285
1637857580776312834,modelc,45,0.05296125910453606,1,0,0.38006868958473206
1539994279455719424,modelc,45,0.020838522533954944,0,0,0.3117518723011017
1551584334104215552,modelc,45,0.11787385027434988,0,0,0.12060531228780746
1283750313418055681,modelc,45,0.040434020445131655,0,0,0.1749996691942215
1392197387427274755,modelc,45,0.025570506004952503,0,0,0.3187456727027893
1233959222305607680,modelc,45,0.28811468078788804,1,1,0.8760776519775391
1625906106156429330,modelc,45,0.060639976174740824,1,0,0.26046356558799744
1619534124024487937,modelc,45,0.022084271573184055,0,0,0.11592785269021988
1509027883716526080,modelc,45,0.06505563507959469,0,0,0.31828054785728455
1293924575890345985,modelc,45,0.06471352650092621,0,0,0.13306225836277008
1646011668751699972,modelc,45,0.013149185251940053,0,0,0.40378430485725403
1506007293728591873,modelc,45,0.007574535743149156,0,0,0.31218236684799194
1643707401512550400,modelc,45,0.06695283276049528,0,0,0.33046242594718933
1210275610813054976,modelc,45,0.03668078212663582,0,0,0.08623196184635162
1635345125575626752,modelc,45,0.045857647292304876,0,0,0.13022038340568542
1381927979090075651,modelc,45,0.24923022836747513,0,0,0.12603233754634857
1345012434608795650,modelc,45,0.04549707957108573,0,0,0.2748830318450928
1286035333755305984,modelc,45,0.021881977114238154,0,0,0.13374903798103333
1554196257270284294,modelc,45,0.031090927514575952,0,0,0.13630171120166779
1090985813398061056,modelc,45,0.5765252555629271,1,1,0.8806868195533752
1212830436012908544,modelc,45,0.19023598386534682,0,0,0.16025179624557495
1539054160896827392,modelc,45,0.026973866643690825,0,0,0.14600887894630432
1270774783958016005,modelc,45,0.0028440048914365195,0,0,0.11109695583581924
1205464611157413888,modelc,45,0.0937460180151566,1,1,0.7043659090995789
1470443338213957637,modelc,45,0.014325229246838926,0,0,0.13999535143375397
1646682021396115456,modelc,45,0.06480577784560165,0,0,0.23102152347564697
1103688981038985217,modelc,45,0.03997392358538229,0,0,0.0976620614528656
1396961028102053893,modelc,45,0.08031936042899944,1,0,0.2640068233013153
1103013290916175874,modelc,45,0.0884979065634344,0,0,0.1803436130285263
1284764621560315904,modelc,45,0.01458289234446303,0,0,0.08989282697439194
1281292234013446145,modelc,45,0.042732172617944424,0,0,0.07894003391265869
1636400650786426883,modelc,45,0.12285199467511598,0,0,0.2430332601070404
1219628821881802753,modelc,45,0.05596911295434686,0,0,0.2068743109703064
1585465243727056896,modelc,45,0.0,0,0,0.28786352276802063
1517548575332265984,modelc,45,0.01240547494698613,0,0,0.17210114002227783
1223652621153722372,modelc,45,0.0677432781317823,0,0,0.09264557808637619
1106562886778998785,modelc,45,0.0,1,1,0.7078008055686951
1518553007582892032,modelc,45,0.03410004264911603,0,0,0.17884935438632965
1397954044455391233,modelc,45,0.07560315503747536,0,1,0.5481975078582764
1252073855046352897,modelc,45,0.04590902295875946,0,0,0.28381627798080444
1515229140768546819,modelc,45,0.05042407561398062,1,0,0.2736818492412567
1542539148841607169,modelc,45,0.023158350946447793,0,0,0.4228224456310272
1427586547621236739,modelc,45,0.027716707411279663,0,0,0.13319192826747894
1177946201179578368,modelc,45,0.12465017989370872,0,0,0.37887269258499146
1253687689410416641,modelc,45,0.035340845909150036,0,0,0.12999752163887024
1222396158653259777,modelc,45,0.04852590388368448,0,0,0.13201892375946045
1217246308743962624,modelc,45,0.16926541327710837,0,0,0.13110730051994324
1382668135690428419,modelc,45,0.09486841566464646,0,0,0.09037310630083084
1650582626758180865,modelc,45,0.0,0,0,0.13113315403461456
1252009084078997505,modelc,45,0.1415841127248572,1,0,0.4590771794319153
1248241876005724161,modelc,45,0.05328159632755567,0,0,0.1321532279253006
1543360155651391500,modelc,45,0.013786657723541575,0,1,0.8123986721038818
1318980851808481281,modelc,45,0.06982932845579162,0,0,0.1483091562986374
1397587532574040069,modelc,45,0.005094257890565586,0,0,0.1657039225101471
1466454112279662604,modelc,45,0.011384993327811573,0,0,0.08937815576791763
1526762269064974346,modelc,45,0.13360335646131882,1,1,0.6518608331680298
1566132180467814400,modelc,45,0.0036062779241217524,0,0,0.09304115176200867
1644717646246473736,modelc,45,0.035906820386300796,0,0,0.0802561417222023
1573081978949505024,modelc,45,0.05808708217602448,1,1,0.6209337711334229
1544818240484155392,modelc,45,0.006718949580021282,0,0,0.19100576639175415
1121874377631465474,modelc,45,0.037320616346975595,0,0,0.08665100485086441
1291623819572989955,modelc,45,0.08210430517187263,1,1,0.5875998139381409
1580600904746962945,modelc,45,0.02139941189082369,1,1,0.88051837682724
1428807603031789569,modelc,45,0.06696170287978194,0,0,0.3500581383705139
1109061649242226688,modelc,45,0.05665304539988028,0,0,0.28196999430656433
1392756158914600960,modelc,45,0.03207646390955972,0,0,0.19313587248325348
1133067761184378885,modelc,45,0.2999457655305432,1,1,0.9157930016517639
1468658508014911492,modelc,45,0.11703697683040075,0,0,0.11342727392911911
1579549222038560768,modelc,45,0.03199013228070206,0,0,0.10610683262348175
1644465858670993409,modelc,45,0.08292130513985867,1,0,0.1799606829881668
1506076192130191360,modelc,45,0.07968643709020248,0,0,0.08542505651712418
1159696677130948608,modelc,45,0.07552215565572439,0,0,0.18233665823936462
1633114503305936899,modelc,45,0.027550180216201717,0,0,0.46235111355781555
1128058851188670470,modelc,45,0.10540119144670704,0,1,0.5322645902633667
1296858111521648640,modelc,45,0.10052313294690642,0,1,0.6432533860206604
1187403288007888898,modelc,45,0.0,0,0,0.1531510055065155
1458036894860775426,modelc,45,0.024331380972460213,0,0,0.3455283045768738
1356378388164976645,modelc,45,0.030613798520046736,0,0,0.1936408430337906
1517749284304695298,modelc,45,0.06324715178982883,0,0,0.36035940051078796
1256562515288494082,modelc,45,0.05753289240551725,0,0,0.10375740379095078
1526056251007852544,modelc,45,0.0065967020946901675,0,0,0.12051533907651901
1352771322863116288,modelc,45,0.011948463257166864,0,1,0.7728788256645203
1393789126772543490,modelc,45,0.06772940014111865,0,0,0.09801901876926422
1360239202827403267,modelc,45,0.048961870516223305,0,0,0.11645696312189102
1353190490305392640,modelc,45,0.07866544944295911,0,0,0.3690841794013977
1357201397838618624,modelc,45,0.09354390794983193,0,0,0.10409489274024963
1255823949532987397,modelc,45,0.016510266430713016,1,0,0.18763968348503113
1272891981480497152,modelc,45,0.09608198066574111,0,0,0.08888068050146103
1354349851581034498,modelc,45,0.05288858437673723,0,0,0.10213413834571838
1120663055526957062,modelc,45,0.06554431763391168,0,0,0.2963410019874573
1283401552032456705,modelc,45,0.02987171236643296,0,0,0.1028304398059845
1524755538415861761,modelc,45,0.015202241747880292,0,0,0.4629417955875397
1399745357555322889,modelc,45,0.1020153774918873,0,1,0.522688627243042
1519841120473202688,modelc,45,0.03908903967343072,0,0,0.11987368762493134
1300150538668060674,modelc,45,0.04332720787286786,0,0,0.26618441939353943
1209982157982248961,modelc,45,0.10523084874921966,0,1,0.6710522174835205
1645009221635694593,modelc,45,0.009719313886289051,1,1,0.8947638273239136
1215515751496339456,modelc,45,0.020561187722275158,0,0,0.10930243134498596
1426471423086764033,modelc,45,0.08267453845635227,1,1,0.8899896144866943
1232887804969078789,modelc,45,0.05518611356857744,1,1,0.8757465481758118
1407469081494757382,modelc,45,0.058602192458614706,0,0,0.09902594238519669
1470482593539837954,modelc,45,0.0026544002015967366,0,0,0.19322921335697174
1413068266759655427,modelc,45,0.05661260564243343,0,0,0.10842979699373245
1229152388851929091,modelc,45,0.027226901639349724,0,0,0.19051654636859894
1286027681230753793,modelc,45,0.16045578855175135,0,0,0.18287211656570435
1415047667613327369,modelc,45,0.1860344694127864,0,0,0.09505961090326309
1394017841121308673,modelc,45,0.03683941846761436,1,1,0.8786217570304871
1085296318040473600,modelc,45,0.03733028122549673,0,0,0.16580012440681458
1434894931143929858,modelc,45,0.03767340745532004,0,0,0.31323176622390747
1256536483332317184,modelc,45,0.07677943852656093,0,0,0.14165562391281128
1600224079482454016,modelc,45,0.02068557172934115,0,0,0.10321588069200516
1567171489509564416,modelc,45,0.027798141062757766,0,0,0.09781338274478912
1556401396651397120,modelc,45,0.014577988269976748,0,0,0.15296532213687897
1258474383900893189,modelc,45,0.05932862604929467,0,0,0.18215620517730713
1207550765260132353,modelc,45,0.014499465837283338,0,0,0.1378060281276703
1449058322360020992,modelc,45,0.013973292583592556,0,0,0.21007609367370605
1455148755435630594,modelc,45,0.06433000311385086,0,0,0.08515387028455734
1223994516903997444,modelc,45,0.01299735372655584,0,0,0.09831324964761734
1284281138467319808,modelc,45,0.0038262175011417134,0,0,0.23365435004234314
1578140790592782336,modelc,45,0.04928855307458788,1,0,0.17900249361991882
1222708257648594944,modelc,45,0.10232168200164171,0,0,0.26100680232048035
1250166932768088064,modelc,45,0.6053014763086673,1,1,0.9182842969894409
1232852903909441537,modelc,45,0.4731787455112131,1,1,0.9166774749755859
1311402290167783424,modelc,45,0.07993316287299065,0,0,0.22316911816596985
1245701249732734977,modelc,45,0.03570356711047771,1,0,0.46949222683906555
1212868104658849795,modelc,45,0.1872207673646704,0,0,0.4482399821281433
1352210396833337345,modelc,45,0.19904190073163947,0,0,0.1405653953552246
1241946825055141889,modelc,45,0.015443987486117994,0,0,0.08713710308074951
1260225918980816902,modelc,45,0.021571234822899677,0,0,0.11732212454080582
1393777583414669317,modelc,45,0.01919413900727904,0,0,0.09035615622997284
1229308060419514369,modelc,45,0.18972865837020927,0,0,0.12364527583122253
1229222882112348166,modelc,45,0.04202773227409386,0,0,0.11835195124149323
1588261196573986816,modelc,45,0.01047678412073458,1,1,0.8847255110740662
1462395459557810176,modelc,45,0.025687776595762754,0,0,0.12067635357379913
1442869344946454529,modelc,45,0.02488403841917582,0,0,0.11798949539661407
1255605234619072519,modelc,45,0.00709671872941964,0,0,0.26455608010292053
1499012058175655938,modelc,45,0.018385250038200133,0,0,0.11896655708551407
1462851931945283589,modelc,45,0.03034740690993172,0,0,0.1091720461845398
1247576003800686600,modelc,45,0.05085747307962844,0,0,0.10527009516954422
1104601295523000323,modelc,45,0.15339731357733444,1,1,0.5897864103317261
1263682260768681986,modelc,45,0.0398331641387417,0,0,0.11992628127336502
1123871012746092545,modelc,45,0.17681511766367186,0,0,0.08592823147773743
1600150773924450304,modelc,45,0.04205946758047337,0,1,0.6425471901893616
1236854787334909953,modelc,45,0.010209657462284404,0,0,0.18565721809864044
1397658343041339392,modelc,45,0.14270565146239017,0,0,0.31791844964027405
1454323555420803073,modelc,45,0.00847001182031677,0,0,0.39186835289001465
1619614295335239680,modelc,45,0.003692442340289536,0,0,0.14804582297801971
1345745635924992000,modelc,45,0.09663894687827954,1,1,0.52784264087677
1219355089854439424,modelc,45,0.0369383578298085,1,0,0.15924297273159027
1233846578366078986,modelc,45,0.005306706362692138,1,1,0.6442616581916809
1310174329653530624,modelc,45,0.004064849255239867,0,0,0.11772491037845612
1421844891404062726,modelc,45,0.0693913556549153,0,0,0.14126457273960114
1393372156482949129,modelc,45,0.17244649887026306,0,0,0.2459067702293396
1267842168128966657,modelc,45,0.009265768050907112,0,0,0.32137465476989746
1555651653453348865,modelc,45,0.02327847392709176,0,0,0.18163713812828064
1389360261270806533,modelc,45,0.0752956242179306,0,0,0.09242231398820877
1576232372063772672,modelc,45,0.044215453228743394,0,0,0.2989509701728821
1518769899996606464,modelc,45,0.04412156776546965,0,0,0.19216589629650116
1298736963000901632,modelc,45,0.06518473385396487,0,0,0.3829788267612457
1194722327952547844,modelc,45,0.1440188079157625,1,1,0.8745323419570923
1604141984712531968,modelc,45,0.04765064931111391,1,0,0.17300786077976227
1266753810392854529,modelc,45,0.035378468502452506,0,0,0.2324228435754776
1417123755390689287,modelc,45,0.038748093176707236,0,0,0.1685858517885208
1288838940569620483,modelc,45,0.02360558746851249,0,0,0.1936008632183075
1412564686516666369,modelc,45,0.03730222048134343,0,0,0.13000978529453278
1376823894569443329,modelc,45,0.0007530775990590218,0,0,0.08244398981332779
1369368335532589061,modelc,45,0.12162740327341956,0,0,0.11182453483343124
1224738215652814849,modelc,45,0.0830603603221671,0,0,0.09146781265735626
1185557829501018114,modelc,45,0.09750565896995743,1,0,0.1764952540397644
1274205440239374337,modelc,45,0.1324290636795861,0,0,0.09897995740175247
1509567860095569937,modelc,45,0.03374140526959841,0,0,0.08355626463890076
1457557396973187088,modelc,45,0.055759654516406056,0,0,0.08508046716451645
1238978053633716226,modelc,45,0.03091729176414332,0,0,0.14650878310203552
1137416842560118784,modelc,45,0.0017236131821761036,0,0,0.06968889385461807
1474945563271606273,modelc,45,0.006658408802693555,0,0,0.145512193441391
1601901750096924674,modelc,45,0.0890925976527461,0,0,0.21113672852516174
1249002861129863170,modelc,45,0.08825321521044606,0,0,0.12094944715499878
1289575405611921411,modelc,45,0.01174502847597299,0,0,0.1595378816127777
1263521952364474368,modelc,45,0.21496565027230993,0,0,0.468189001083374
1468332039216803847,modelc,45,0.024482748089332373,0,0,0.22470007836818695
1487758635275014149,modelc,45,0.11423503657044752,0,0,0.1744297742843628
1609464228045365248,modelc,45,0.0,0,0,0.18239744007587433
1355618686770569219,modelc,45,0.042918459665564575,0,0,0.10700316727161407
1232922381544386560,modelc,45,0.20126656384012664,1,1,0.913689374923706
1345353737368457221,modelc,45,0.11936867727671975,0,0,0.12059419602155685
1263926391474491392,modelc,45,0.007960709186921733,0,1,0.8817515969276428
1262954263384334338,modelc,45,0.039202788444862816,0,0,0.11065942794084549
1355356438714003459,modelc,45,0.01922486287184648,0,0,0.16347788274288177
1478755285934252032,modelc,45,0.03341178541624176,0,0,0.1757272332906723
1247933746881462273,modelc,45,0.01763192804493066,0,0,0.3728797733783722
1114201210960085002,modelc,45,0.0267051166579536,0,0,0.08296332508325577
1567548400983228421,modelc,45,0.05318513801870999,1,0,0.25330761075019836
1393566849275555845,modelc,45,0.021349103829031896,0,0,0.17358487844467163
1440444267135004681,modelc,45,0.18443120711112526,0,0,0.12658780813217163
1569022602882039812,modelc,45,0.03038231481034963,0,0,0.12633681297302246
1268796619761291264,modelc,45,0.018794779126038743,0,0,0.19601111114025116
1466588575697309698,modelc,45,0.10113417023781747,0,0,0.16753394901752472
1358471344753569792,modelc,45,0.05444094123138541,0,0,0.2258118838071823
1466314626426146818,modelc,45,0.03395624222566326,0,0,0.15924115478992462
1559265728037109765,modelc,45,0.022206923155067667,0,0,0.17222069203853607
1285236887599419392,modelc,45,0.06786629673989807,0,0,0.09106357395648956
1421202358105690121,modelc,45,0.012045604845880383,0,0,0.11157514154911041
1230462416368099328,modelc,45,0.23154253495499094,0,0,0.14061272144317627
1276280108278415360,modelc,45,0.04792846245943079,0,0,0.12012875080108643
1251955772797399044,modelc,45,0.06949857021991784,0,0,0.12823601067066193
1252583581685252097,modelc,45,0.025335965600835484,0,0,0.09244050085544586
1564590802348949504,modelc,45,0.0,0,0,0.2761562466621399
1566917637564768256,modelc,45,0.021338770312288913,0,0,0.13614903390407562
1599649990762434560,modelc,45,0.0321187766606119,0,0,0.1475018709897995
1575021890040537090,modelc,45,0.006174154461885435,0,0,0.2993411719799042
1645040637119438848,modelc,45,0.03348732240093871,0,0,0.07890543341636658
1594193136632623104,modelc,45,0.19206337314051022,0,1,0.5323948264122009
1188204586290561026,modelc,46,0.14302792675482232,1,1,0.9376444816589355
1393758809622032390,modelc,46,0.003107900655001281,0,0,0.01567162200808525
1229832103891595264,modelc,46,0.09759597539541845,0,0,0.012628426775336266
1125194075316064256,modelc,46,0.2714383906926554,0,1,0.5012404918670654
1523450483053973504,modelc,46,0.08762306203451972,0,0,0.02245616912841797
1345256046571495424,modelc,46,0.00866631948967387,0,0,0.014703509397804737
1236714045341929481,modelc,46,0.353540007461411,0,0,0.030642837285995483
1394295651266187265,modelc,46,0.09838616587137448,0,0,0.3972422778606415
1154438465280516096,modelc,46,0.059565547488312574,0,0,0.01472384762018919
1619516286312263681,modelc,46,0.061291695640881355,0,0,0.17945173382759094
1396537342085718017,modelc,46,0.010129528440109418,0,0,0.016055824235081673
1443682627614093314,modelc,46,0.08222244875424667,0,0,0.01977798528969288
1465147721724178432,modelc,46,0.019638546389298295,1,1,0.9380422830581665
1255492458164752387,modelc,46,0.04855520397569463,0,0,0.014345691539347172
1290986576667869185,modelc,46,0.1908760122193541,0,0,0.15724152326583862
1514288582332145670,modelc,46,0.006388409365341828,0,0,0.06594590097665787
1272357521324474368,modelc,46,0.06268679386248363,0,0,0.014681530185043812
1487252560700481537,modelc,46,0.32168652937752773,0,1,0.7878339886665344
1273740261621809154,modelc,46,0.007718351120517231,0,0,0.018788043409585953
1317661755363921920,modelc,46,0.04727498536028564,0,0,0.0249420627951622
1468405253758406661,modelc,46,0.00821159908606991,0,0,0.09316094219684601
1514920455643279365,modelc,46,0.0030214027768856893,0,0,0.015158643014729023
1291784215021805569,modelc,46,0.0020193420030062536,0,0,0.020815325900912285
1357469393727365122,modelc,46,0.059239294940600894,0,0,0.046638086438179016
1248174910977040385,modelc,46,0.062003986817636234,0,0,0.024491267278790474
1287073267526897666,modelc,46,0.07110806761884461,0,0,0.02087549678981304
1116066316874670081,modelc,46,0.0650246644637217,1,1,0.9413055181503296
1296511371367124992,modelc,46,0.03196054817907174,0,0,0.018338767811655998
1345166234330017792,modelc,46,0.028300312324439907,0,0,0.017821306362748146
1245501628112867328,modelc,46,0.005099743271215297,0,0,0.015258347615599632
1578931526238343168,modelc,46,0.04474000253522055,0,0,0.04793120175600052
1286957308447260673,modelc,46,0.017950003747047204,1,1,0.9361858367919922
1393552840891719685,modelc,46,0.01159556832885255,0,0,0.016935810446739197
1262815859732611075,modelc,46,0.08434605629269384,1,1,0.8972837328910828
1599404086688092160,modelc,46,0.14566419135506323,0,0,0.05370495468378067
1648029372983439367,modelc,46,0.03935513521255158,0,0,0.015007768757641315
1265957010501230593,modelc,46,0.018381973562097035,0,0,0.020191006362438202
1246464469087256576,modelc,46,0.17426876559614632,1,0,0.022081244736909866
1211183459105796098,modelc,46,0.08109654997100442,0,0,0.01792609877884388
1118338313876844544,modelc,46,0.0444306631584802,0,0,0.017279313877224922
1135216071525511173,modelc,46,0.13298285455059766,0,0,0.014772708527743816
1527387745693224986,modelc,46,0.15788332246927253,0,0,0.022705893963575363
1232990916899561473,modelc,46,0.16354788915354806,1,1,0.9389935731887817
1345987250904068096,modelc,46,0.01780575152514205,0,0,0.015754926949739456
1546816084149501953,modelc,46,0.0003335383770683255,0,0,0.01627810299396515
1457806433853005827,modelc,46,0.0017641756747380942,0,0,0.017465027049183846
1402937907342544899,modelc,46,0.04931257003722981,0,0,0.015222201123833656
1603080434526859264,modelc,46,0.05525662306084256,0,0,0.2450719028711319
1109748138515054592,modelc,46,0.0633199087455776,1,1,0.9406072497367859
1488409288750284801,modelc,46,0.005355253950506123,0,0,0.01286031398922205
1532553712199245827,modelc,46,0.09305119235433724,0,0,0.3579658567905426
1491463980329570304,modelc,46,0.017665763497767797,0,0,0.019949954003095627
1611222836924010498,modelc,46,0.046731739740954716,0,0,0.03657560050487518
1537808851155795975,modelc,46,0.01236587765960557,0,0,0.019354160875082016
1630179384375263232,modelc,46,0.037449199875611114,0,0,0.014939632266759872
1393745779857272832,modelc,46,0.09849497760260553,1,1,0.8670007586479187
1509126359607660551,modelc,46,0.08321627822129041,0,0,0.01736873760819435
1126878156294586368,modelc,46,0.000838297168544485,0,0,0.021479228511452675
1225297729506594818,modelc,46,0.10901140179566324,0,0,0.21733209490776062
1394107831834476547,modelc,46,0.012096732071570674,0,0,0.03218758478760719
1260269776150159360,modelc,46,0.03388640533031828,0,0,0.029209105297923088
1488747638602153986,modelc,46,0.0695744417291322,0,0,0.016567885875701904
1270348242543423488,modelc,46,0.06765201322153476,0,0,0.04415513947606087
1244176666802479104,modelc,46,0.10773990547078072,0,0,0.018628723919391632
1539951759405109249,modelc,46,0.03055732137120854,0,0,0.016487084329128265
1395747592307417092,modelc,46,0.00628525788701984,0,0,0.06454966962337494
1508152963587579909,modelc,46,0.035217389703929416,0,0,0.016858810558915138
1224025761092448257,modelc,46,0.2825619817166944,0,0,0.0866301879286766
1263867135194996737,modelc,46,0.0061370851453918795,0,0,0.019674159586429596
1577071902572818434,modelc,46,0.09659075849301864,0,0,0.018163932487368584
1508857749089787912,modelc,46,0.10472638052230734,0,0,0.016385279595851898
1224373966363512833,modelc,46,0.05000566792747205,0,0,0.019769493490457535
1103282085832343555,modelc,46,0.1028482453199745,0,0,0.021473532542586327
1109170436078817282,modelc,46,0.05147094844062725,0,0,0.014359420165419579
1098057857482641408,modelc,46,0.260470881452891,1,1,0.9372260570526123
1261011012100198404,modelc,46,0.0,1,0,0.2058027684688568
1237111189722640385,modelc,46,0.045253381452197726,0,0,0.014226892963051796
1115609269838024704,modelc,46,0.1488784098405884,0,0,0.029966061934828758
1293886666080260097,modelc,46,0.013389673770573329,0,0,0.015037472359836102
1395833782863814657,modelc,46,0.0,0,0,0.0193252544850111
1247909286568701958,modelc,46,0.05398072809398334,0,0,0.01540006510913372
1352044283587489792,modelc,46,0.10717953697400033,0,0,0.018240930512547493
1258110002906136578,modelc,46,0.026336490754994883,0,0,0.02998020313680172
1461202741666140161,modelc,46,0.11757025579411653,0,0,0.022872600704431534
1258017440362979332,modelc,46,0.048802079889115335,0,0,0.019123394042253494
1393327980387131398,modelc,46,0.07244311942642687,0,0,0.01880229450762272
1648322447089840140,modelc,46,0.03324456214911224,0,1,0.7918310761451721
1356256969359822851,modelc,46,0.01786871065326886,0,0,0.019470231607556343
1199437211772575744,modelc,46,0.009829744453684716,0,0,0.01555300410836935
1345112406326915074,modelc,46,0.014791139539894787,0,0,0.01787775196135044
1345737420101324806,modelc,46,0.020395580974843792,0,0,0.013891623355448246
1392990438546710533,modelc,46,0.033226497696231254,0,0,0.3546614646911621
1451592600918663172,modelc,46,0.010301754646321243,0,0,0.015534836798906326
1547841356113948674,modelc,46,0.0,0,0,0.02237655036151409
1313636764506968064,modelc,46,0.038704801867695406,0,0,0.022280875593423843
1354461395862040576,modelc,46,0.012623998145004246,0,0,0.014413292519748211
1255336798319972356,modelc,46,0.018257139442400153,0,0,0.01545625925064087
1346224388128051200,modelc,46,0.033699568560926,0,0,0.024903301149606705
1193142802965782528,modelc,46,0.24055694725662924,1,1,0.94003826379776
1392146737423290368,modelc,46,0.034363038649920345,0,0,0.02867136336863041
1226462657177210880,modelc,46,0.24441389125747623,1,0,0.3899165391921997
1345755511002689545,modelc,46,0.05347238540514668,1,1,0.9054502248764038
1593588138030804992,modelc,46,0.029000758763291667,0,0,0.032935820519924164
1641175481511714816,modelc,46,0.06703962780422057,0,0,0.17523790895938873
1565180170016735233,modelc,46,0.0,0,0,0.15405699610710144
1577125319710248960,modelc,46,0.04132165721467934,0,0,0.0154780438169837
1548349221429866498,modelc,46,0.003419125714461799,0,0,0.019776523113250732
1298217767297003521,modelc,46,0.007552158968359857,0,0,0.016312191262841225
1124008705845026823,modelc,46,0.0030666042087865186,0,0,0.015274492092430592
1246121373472378880,modelc,46,0.4179583139174203,1,1,0.8513540625572205
1345778047421562880,modelc,46,0.019180304472794157,1,1,0.9413043856620789
1444988795108139008,modelc,46,0.029824061180361783,1,0,0.4057298004627228
1275278623860305922,modelc,46,0.07567593578048351,0,0,0.019100714474916458
1223263760950775808,modelc,46,0.08051807689907692,0,0,0.029566790908575058
1466446193337196552,modelc,46,0.0014932192103248297,0,0,0.017873482778668404
1512367141198213123,modelc,46,0.02578800897409028,0,0,0.017934663221240044
1451346708579897345,modelc,46,0.07600422042560002,0,0,0.014480549842119217
1359732117211668481,modelc,46,0.015605805455395071,0,0,0.11421436071395874
1204634292044697600,modelc,46,0.03940589449005199,0,0,0.01509797852486372
1242197959413989377,modelc,46,0.010788883923054883,0,0,0.030829131603240967
1345415514424750083,modelc,46,0.018292901336108124,0,0,0.03249378874897957
1628172722969751552,modelc,46,0.18967723494125874,0,0,0.4153768718242645
1123014488888893440,modelc,46,0.06048245921641927,0,0,0.02947099134325981
1345690021563654144,modelc,46,0.010561478918622262,0,0,0.0858897939324379
1504459560207147011,modelc,46,0.041023732302213754,0,0,0.05870753154158592
1507052730803802122,modelc,46,0.12239373159588987,0,0,0.1542152613401413
1270803144147075075,modelc,46,0.006598105171119135,1,1,0.928689181804657
1274310552161079297,modelc,46,0.020028594560852542,0,0,0.013372475281357765
1564334956100423680,modelc,46,0.03517943563521671,0,0,0.04334280639886856
1388425054665510912,modelc,46,0.08204547047801755,0,0,0.03471104055643082
1585359766754586624,modelc,46,0.04179192243056813,1,1,0.9384217262268066
1463617131946205187,modelc,46,0.17624371934762842,1,0,0.018055997788906097
1222296463822049281,modelc,46,0.07106488892253914,0,0,0.01562459859997034
1218986472197566464,modelc,46,0.18200735684866456,0,0,0.018636414781212807
1594755480441733131,modelc,46,0.6020242207458417,1,0,0.45778539776802063
1508215661482463238,modelc,46,0.027617063706604304,0,0,0.039583079516887665
1216725210507902979,modelc,46,0.05199737431494372,0,0,0.01511374767869711
1192249138957582338,modelc,46,0.011515518519313647,0,0,0.014553103595972061
1452130397932998657,modelc,46,0.04881891566878456,0,0,0.01620141975581646
1117368474597318661,modelc,46,0.0746306353824886,0,0,0.015115856193006039
1491416161812361216,modelc,46,0.06811920630209398,0,0,0.05751059204339981
1307141355915927553,modelc,46,0.3311101356369299,1,0,0.0603303499519825
1519509018271789056,modelc,46,0.0,0,0,0.40181687474250793
1482268883465777157,modelc,46,0.012200841605517381,0,0,0.016167646273970604
1291416524264222721,modelc,46,0.14200868899730354,0,0,0.02281506545841694
1530459713028390913,modelc,46,0.011532012913936877,0,0,0.013278796337544918
1606670420719067139,modelc,46,0.12722208153423184,1,0,0.025309447199106216
1514890228493963265,modelc,46,0.0,0,0,0.02878129482269287
1499672184414998536,modelc,46,0.014598253341919706,0,0,0.014417126774787903
1347316666028478466,modelc,46,0.1715398285131259,0,0,0.03587653115391731
1648058784890372097,modelc,46,0.040002678874721066,0,0,0.018998101353645325
1227781168109506560,modelc,46,0.07317082407191743,0,0,0.015298163518309593
1379807592143290370,modelc,46,0.0062399442418201246,0,0,0.01617169752717018
1487026637099126784,modelc,46,0.010723711573696016,0,0,0.014834939502179623
1355165540453642240,modelc,46,0.02949792505185859,0,0,0.015895862132310867
1298413749121024004,modelc,46,0.03076395635377712,0,0,0.02071293815970421
1575263521750847491,modelc,46,0.0,0,0,0.021633755415678024
1233438028846125058,modelc,46,0.07275592569355543,0,0,0.02301202341914177
1628082486772215841,modelc,46,0.0763021343175654,0,0,0.017986519262194633
1399046300872675328,modelc,46,0.04876890060063838,0,0,0.015018916688859463
1259954791591133185,modelc,46,0.013702572657493552,1,0,0.014674958772957325
1586732526223040512,modelc,46,0.1384611360753812,0,0,0.034079890698194504
1445380143384514561,modelc,46,0.01754115686584436,0,0,0.029828134924173355
1498475514394288129,modelc,46,0.009784905214653937,0,0,0.014129525981843472
1190205141380583424,modelc,46,0.23118744358323698,1,1,0.940518856048584
1377716013916172292,modelc,46,0.016951628117255965,0,0,0.01449708640575409
1355641493956874241,modelc,46,0.011694180646011798,0,0,0.019955726340413094
1393667052968333318,modelc,46,0.060440331053164674,0,0,0.28105372190475464
1587412786375557120,modelc,46,0.08962372800173486,1,1,0.9303339123725891
1300489088198496258,modelc,46,0.038873462891726655,0,0,0.014799666590988636
1637493415016296449,modelc,46,0.04304663997037709,0,0,0.014640958048403263
1380751228171354112,modelc,46,0.0889445669809095,0,0,0.015247589908540249
1120860417645895680,modelc,46,0.19293055241135518,1,1,0.9387001991271973
1319668055367208961,modelc,46,0.016979026077524936,0,0,0.015285813249647617
1392520237539549188,modelc,46,0.04088017888143974,0,0,0.01573997735977173
1397398267806236676,modelc,46,0.015027623521077902,0,0,0.017019547522068024
1407216852875452443,modelc,46,0.008931299071519417,0,0,0.017594002187252045
1393616932696432640,modelc,46,0.08902281847356898,0,0,0.017691925168037415
1445042996408246275,modelc,46,0.007457106004689969,1,1,0.9347711205482483
1592051401177591808,modelc,46,0.023820389949278268,1,0,0.018309198319911957
1297284021282537472,modelc,46,0.012900656332760265,0,0,0.03231491893529892
1639011015076478977,modelc,46,0.015094340145446947,0,0,0.024048814550042152
1405155653988098056,modelc,46,0.0201107373323761,0,0,0.014356011524796486
1298280815273672705,modelc,46,0.04065582453781078,0,0,0.023037536069750786
1600473720186773505,modelc,46,0.14878661530690912,1,1,0.7770622968673706
1469703539081449472,modelc,46,0.003939227169436419,0,0,0.020459091290831566
1268558839214899201,modelc,46,0.004750307135477818,0,0,0.036489564925432205
1345451046475354112,modelc,46,0.028132346244170253,1,1,0.9315043091773987
1270982396121214978,modelc,46,0.0737978796109557,1,0,0.06521375477313995
1411961344962686978,modelc,46,0.011870193108481695,0,0,0.015658685937523842
1276793702472716289,modelc,46,0.010469863719380844,0,0,0.023186922073364258
1556353135844679680,modelc,46,0.029960233175628292,0,1,0.8578847646713257
1293954705257684992,modelc,46,0.07320398568377183,0,0,0.0214044451713562
1171163784762839042,modelc,46,0.020653492922022475,0,0,0.01651100069284439
1122994928299036677,modelc,46,0.17965412698145677,1,1,0.9405702352523804
1298402312868724736,modelc,46,0.014835164288260507,0,0,0.029157187789678574
1286786961542455298,modelc,46,0.02966237314723653,0,0,0.019982855767011642
1396689194106294278,modelc,46,0.09485304054302567,0,0,0.035887137055397034
1563287160908042241,modelc,46,0.13578412352760863,0,0,0.18384885787963867
1541730204648935425,modelc,46,0.050220444063314676,1,1,0.9395219087600708
1268895623278850050,modelc,46,0.04573771422453731,0,0,0.016760922968387604
1451370158367264777,modelc,46,0.0922641665685918,0,0,0.15341584384441376
1491958977667682308,modelc,46,0.05495136923343309,0,0,0.03791474550962448
1396966089708425218,modelc,46,0.030141319520222577,0,0,0.015116025693714619
1442978128394014722,modelc,46,0.028141127338740173,0,0,0.020768793299794197
1458514255716786182,modelc,46,0.020673783084796307,0,0,0.13787361979484558
1321845326555176960,modelc,46,0.01720425436339949,0,0,0.01984281837940216
1633559221227642883,modelc,46,0.011041150688453249,0,0,0.04524895176291466
1586647573368037376,modelc,46,0.005688302648534261,1,1,0.9397962093353271
1241856213811412992,modelc,46,0.008306650771413715,0,0,0.015266453847289085
1647374538324189184,modelc,46,0.008073526614975735,0,1,0.8932406902313232
1345235597749854208,modelc,46,0.002011236604981909,1,1,0.9405706524848938
1239012712673411078,modelc,46,0.0,0,0,0.02499251253902912
1582437173277601792,modelc,46,0.21566536682133344,0,0,0.029689591377973557
1120591069526228997,modelc,46,0.11647294704004872,0,0,0.014822009019553661
1283422598613868546,modelc,46,0.013215865788761064,0,0,0.014927973039448261
1196747794264051713,modelc,46,0.06131215096090641,0,0,0.022148126736283302
1300022096064520193,modelc,46,0.1258170036932799,1,0,0.04802725464105606
1347894076318879744,modelc,46,0.02750745706739126,0,1,0.8362787961959839
1343348218743164928,modelc,46,0.19327605632525494,0,0,0.01568257063627243
1288266046248562689,modelc,46,0.00021721717104895388,0,0,0.02551976777613163
1394273212100456448,modelc,46,0.012557478698157175,1,1,0.9402814507484436
1345212454469566466,modelc,46,0.031858330269814446,0,0,0.22166424989700317
1316806707725709314,modelc,46,0.005601187415551213,0,0,0.017990965396165848
1274382276730802176,modelc,46,0.04954830107001323,0,0,0.08122996240854263
1630353342328107008,modelc,46,0.06940812479535773,0,0,0.01277171727269888
1518388184870178816,modelc,46,0.022261164187960633,0,0,0.015737514942884445
1597318794422411265,modelc,46,0.006248995721970284,0,0,0.05510847643017769
1297728264358813698,modelc,46,0.008749046262046903,0,0,0.015476517379283905
1092607702524743680,modelc,46,0.05790419195013645,0,0,0.02307244762778282
1558159706383912964,modelc,46,0.014976989799205462,0,0,0.015161306597292423
1574261143576535040,modelc,46,0.029568087382075503,1,1,0.9401028156280518
1401102417559580678,modelc,46,0.010282292120218044,0,0,0.014094616286456585
1308105045452390403,modelc,46,0.3051587363979996,0,0,0.029495563358068466
1508194787001831431,modelc,46,0.02384767146962821,0,0,0.016542522236704826
1232601234143678464,modelc,46,0.07073225541827725,0,0,0.029921503737568855
1283393408778870785,modelc,46,0.008147497212077224,0,0,0.01310739852488041
1515204878397849601,modelc,46,0.14633731248551873,0,0,0.013877971097826958
1542274011576602626,modelc,46,0.018094854745103726,0,1,0.8615910410881042
1293974461662793728,modelc,46,0.01254302288661844,0,0,0.026144351810216904
1211490408754270210,modelc,46,0.07774449979909868,0,0,0.01613994874060154
1097212292893196289,modelc,46,0.5258569510880333,1,1,0.9401729702949524
1581970735957872640,modelc,46,0.07653848208654086,0,0,0.036399420350790024
1225984535046840320,modelc,46,0.04802406439154852,1,1,0.9354933500289917
1604186809625415680,modelc,46,0.004773161444020007,0,0,0.01583021506667137
1163972893765775365,modelc,46,0.1307326665272563,0,0,0.022131599485874176
1341775550189350912,modelc,46,0.011082972837873403,0,0,0.03127571940422058
1286748877563891713,modelc,46,0.053037022236433744,0,0,0.018638689070940018
1460712630553923584,modelc,46,0.11634456769821903,0,0,0.015454959124326706
1477825713206177792,modelc,46,0.002145615144329467,0,0,0.05947576090693474
1284434882140176389,modelc,46,0.14044047860422207,1,1,0.7492085099220276
1255205589396979724,modelc,46,0.011539027222363116,0,0,0.014907078817486763
1449353935626588163,modelc,46,0.004691690374869507,0,0,0.016666704788804054
1287098479496634370,modelc,46,0.001194691403072759,0,0,0.015001410618424416
1241902809592803328,modelc,46,0.43361991054788396,1,1,0.9405276775360107
1235962772770283522,modelc,46,0.0068157312547498915,0,0,0.014864221215248108
1448053433374740482,modelc,46,0.003637018522153647,0,0,0.014342664740979671
1282333713267859458,modelc,46,0.0851671881122464,1,1,0.9028376936912537
1325795907514863622,modelc,46,0.06502455170151224,0,0,0.015573344193398952
1417228816808820741,modelc,46,0.09284141348681968,0,0,0.014981076121330261
1611744750368956416,modelc,46,0.04016430606033639,0,0,0.015068665146827698
1521292300260888578,modelc,46,0.035999381493640056,0,0,0.01657673716545105
1203555334805164033,modelc,46,0.41465207461657755,1,1,0.9399682879447937
1580245639979749377,modelc,46,0.00714135720383451,0,0,0.04426823928952217
1463578662922604548,modelc,46,0.08133326675242383,0,0,0.020253663882613182
1449684061912510466,modelc,46,0.004821945501962627,0,0,0.012848932296037674
1152034933176590336,modelc,46,0.1304394271535317,1,1,0.9384722113609314
1584558203626434560,modelc,46,0.034641569532716035,0,0,0.034678034484386444
1553717576458534912,modelc,46,0.06961815019669644,0,0,0.025352872908115387
1255567029551144964,modelc,46,0.07400586763452902,0,0,0.01320953294634819
1545151228413415425,modelc,46,0.43547894397993114,1,1,0.9413472414016724
1468967696523878410,modelc,46,0.042150222347432105,0,0,0.017997676506638527
1489845616750444545,modelc,46,0.032873579804213474,0,0,0.018033655360341072
1393522778440093700,modelc,46,0.004250949857356423,0,0,0.016486968845129013
1345567610780397570,modelc,46,0.0033550203003197177,0,0,0.019717533141374588
1547669888851795979,modelc,46,0.4480350697896173,0,1,0.8416165113449097
1513201920797810690,modelc,46,0.12259081816339247,0,0,0.39914005994796753
1284847378499944449,modelc,46,0.06744404013188522,0,0,0.015909386798739433
1516924289143951360,modelc,46,0.0709612108372218,0,0,0.03277090564370155
1449714900805242883,modelc,46,0.1051442645943704,0,0,0.04026651382446289
1258707209304891392,modelc,46,0.014893132781560374,0,0,0.016826674342155457
1511107589932830723,modelc,46,0.10072888419774215,0,0,0.04340558126568794
1219921409415270400,modelc,46,0.006254362554084408,0,0,0.017990922555327415
1542857597589528577,modelc,46,0.0,1,1,0.9375138878822327
1620508837328588803,modelc,46,0.04041476074629039,1,0,0.09561334550380707
1144672451592413185,modelc,46,0.16606378844189523,1,1,0.9398776292800903
1198999631323115520,modelc,46,0.08162353184485269,0,0,0.029980065301060677
1365488105378230278,modelc,46,0.03019381273468122,0,0,0.013804294168949127
1637857580776312834,modelc,46,0.0684359891150828,1,0,0.11158674210309982
1539994279455719424,modelc,46,0.015141133416413934,0,0,0.09151969850063324
1551584334104215552,modelc,46,0.01171790333387194,0,0,0.013408987782895565
1283750313418055681,modelc,46,0.003430239816748214,0,0,0.015326383523643017
1392197387427274755,modelc,46,0.046076137584333626,0,0,0.022548377513885498
1233959222305607680,modelc,46,0.2147523975220235,1,1,0.9346204996109009
1625906106156429330,modelc,46,0.10026121145165011,1,0,0.04296383634209633
1619534124024487937,modelc,46,0.007427677775756347,0,0,0.016352204605937004
1509027883716526080,modelc,46,0.01088730834329139,0,0,0.02791115641593933
1293924575890345985,modelc,46,0.005822978192635079,0,0,0.01666310988366604
1646011668751699972,modelc,46,0.09180730942895539,0,1,0.7116535305976868
1506007293728591873,modelc,46,0.08818229344430978,0,0,0.04656205326318741
1643707401512550400,modelc,46,0.010040870311936958,0,1,0.7752635478973389
1210275610813054976,modelc,46,0.0541331469143875,0,0,0.016352441161870956
1635345125575626752,modelc,46,0.03338353410413737,0,0,0.014950750395655632
1381927979090075651,modelc,46,0.16206681407411205,0,0,0.017332520335912704
1345012434608795650,modelc,46,0.00459452522509717,0,1,0.808835506439209
1286035333755305984,modelc,46,0.048963383012902484,0,0,0.02138974703848362
1554196257270284294,modelc,46,0.012695859732592856,0,0,0.015536485239863396
1090985813398061056,modelc,46,0.39340452216779465,1,1,0.9376946687698364
1212830436012908544,modelc,46,0.18998629217047702,0,0,0.03367000073194504
1539054160896827392,modelc,46,0.006659903117308574,0,0,0.015861056745052338
1270774783958016005,modelc,46,0.037321890597928356,0,0,0.0157497376203537
1205464611157413888,modelc,46,0.22670001086323066,1,1,0.9045782089233398
1470443338213957637,modelc,46,0.001464258013778249,0,0,0.01829017698764801
1646682021396115456,modelc,46,0.0056440111366970564,0,0,0.014679931104183197
1103688981038985217,modelc,46,0.017621334990717972,0,0,0.01412228774279356
1396961028102053893,modelc,46,0.012394365776308168,1,0,0.022972244769334793
1103013290916175874,modelc,46,0.05128643455413006,0,0,0.016133107244968414
1284764621560315904,modelc,46,0.06802393172025067,0,0,0.013716977089643478
1281292234013446145,modelc,46,0.003904101242955074,0,0,0.01578453741967678
1636400650786426883,modelc,46,0.06631945124419106,0,0,0.03106628730893135
1219628821881802753,modelc,46,0.016199227943686,0,0,0.05704755336046219
1585465243727056896,modelc,46,0.0,0,0,0.06736697256565094
1517548575332265984,modelc,46,0.02080474004350433,0,0,0.01802288182079792
1223652621153722372,modelc,46,0.05507011396226263,0,0,0.014791425317525864
1106562886778998785,modelc,46,0.0,1,1,0.9123703837394714
1518553007582892032,modelc,46,0.04754818462845178,0,0,0.01500928308814764
1397954044455391233,modelc,46,0.10614605630342432,0,0,0.16152417659759521
1252073855046352897,modelc,46,0.03762313939039737,0,0,0.019229408353567123
1515229140768546819,modelc,46,0.009752944444785524,1,0,0.047693684697151184
1542539148841607169,modelc,46,0.1032849073717385,0,0,0.1801372766494751
1427586547621236739,modelc,46,0.008255543288478898,0,0,0.01604044809937477
1177946201179578368,modelc,46,0.4380530362121101,0,0,0.027443796396255493
1253687689410416641,modelc,46,0.005074815649111981,0,0,0.015660442411899567
1222396158653259777,modelc,46,0.016326435574741643,0,0,0.017165740951895714
1217246308743962624,modelc,46,0.10269696702401435,0,0,0.01740339957177639
1382668135690428419,modelc,46,0.004696340758247478,0,0,0.016385963186621666
1650582626758180865,modelc,46,0.0,0,0,0.014265087433159351
1252009084078997505,modelc,46,0.03183491637424687,1,0,0.027438493445515633
1248241876005724161,modelc,46,0.02225851598300812,0,0,0.013245077803730965
1543360155651391500,modelc,46,0.027276314737079848,0,1,0.9341238737106323
1318980851808481281,modelc,46,0.06160008433063197,0,0,0.018234333023428917
1397587532574040069,modelc,46,0.00760087387700043,0,0,0.018211528658866882
1466454112279662604,modelc,46,0.012868886857793848,0,0,0.013581364415585995
1526762269064974346,modelc,46,0.056475169775415945,1,0,0.4912158250808716
1566132180467814400,modelc,46,0.032198754357549327,0,0,0.014589609578251839
1644717646246473736,modelc,46,0.01868430280902297,0,0,0.016260672360658646
1573081978949505024,modelc,46,0.05128818020768933,1,0,0.11608870327472687
1544818240484155392,modelc,46,0.008166830670255623,0,0,0.022180629894137383
1121874377631465474,modelc,46,0.0892228074041772,0,0,0.01355463732033968
1291623819572989955,modelc,46,0.2361147023720929,1,0,0.40365922451019287
1580600904746962945,modelc,46,0.03794473828439386,1,1,0.9402442574501038
1428807603031789569,modelc,46,0.02863296815885666,0,1,0.7120807766914368
1109061649242226688,modelc,46,0.0009820891112123674,0,0,0.02150909975171089
1392756158914600960,modelc,46,0.001539585620817786,0,0,0.0168843325227499
1133067761184378885,modelc,46,0.42244853260233,1,1,0.939662754535675
1468658508014911492,modelc,46,0.09752036238390065,0,0,0.028025193139910698
1579549222038560768,modelc,46,0.036079451665571784,0,0,0.014790882356464863
1644465858670993409,modelc,46,0.05188815969683945,1,0,0.08436461538076401
1506076192130191360,modelc,46,0.03830824650563842,0,0,0.014224431477487087
1159696677130948608,modelc,46,0.10220431275812628,0,0,0.018572768196463585
1633114503305936899,modelc,46,0.07438223559003893,0,1,0.691184401512146
1128058851188670470,modelc,46,0.03283215338050122,0,0,0.038385480642318726
1296858111521648640,modelc,46,0.17209849119084417,0,1,0.7824901938438416
1187403288007888898,modelc,46,0.0,0,0,0.015676051378250122
1458036894860775426,modelc,46,0.007335305235457579,0,0,0.018419239670038223
1356378388164976645,modelc,46,0.05574025010171806,0,0,0.01594858057796955
1517749284304695298,modelc,46,0.06844970117923978,0,0,0.22725296020507812
1256562515288494082,modelc,46,0.14919054735488912,0,0,0.014605448581278324
1526056251007852544,modelc,46,0.012718359066311387,0,0,0.018940599635243416
1352771322863116288,modelc,46,0.05640825002857702,0,1,0.6258988380432129
1393789126772543490,modelc,46,0.11971640304836316,0,0,0.01853509433567524
1360239202827403267,modelc,46,0.03450176461740874,0,0,0.017373889684677124
1353190490305392640,modelc,46,0.010380045035440663,0,0,0.03264062851667404
1357201397838618624,modelc,46,0.09269869415115085,0,0,0.022755974903702736
1255823949532987397,modelc,46,0.04301405253146169,1,0,0.021864989772439003
1272891981480497152,modelc,46,0.03554611418606551,0,0,0.01527152955532074
1354349851581034498,modelc,46,0.05856431599466287,0,0,0.017386063933372498
1120663055526957062,modelc,46,0.10727143529042539,0,0,0.028401413932442665
1283401552032456705,modelc,46,0.06302131783960808,0,0,0.015108958818018436
1524755538415861761,modelc,46,0.00031988539208164445,0,1,0.551056981086731
1399745357555322889,modelc,46,0.05058815052774983,0,0,0.01799999736249447
1519841120473202688,modelc,46,0.03945971362340203,0,0,0.013350902125239372
1300150538668060674,modelc,46,0.052358631421714756,0,0,0.026500413194298744
1209982157982248961,modelc,46,0.2533851189347384,0,1,0.5166909098625183
1645009221635694593,modelc,46,0.009380472400537448,1,1,0.9416947960853577
1215515751496339456,modelc,46,0.06945380384936978,0,0,0.01970118097960949
1426471423086764033,modelc,46,0.1884304113335632,1,1,0.9270247220993042
1232887804969078789,modelc,46,0.01947646523643687,1,1,0.8243700861930847
1407469081494757382,modelc,46,0.012137995549378243,0,0,0.014266368001699448
1470482593539837954,modelc,46,0.020583698726248063,0,0,0.020812641829252243
1413068266759655427,modelc,46,0.004692280515120457,0,0,0.015579449012875557
1229152388851929091,modelc,46,0.018794387241628085,0,0,0.020379478111863136
1286027681230753793,modelc,46,0.09145562976125113,0,0,0.015496320091187954
1415047667613327369,modelc,46,0.07791906899006493,0,0,0.01589132659137249
1394017841121308673,modelc,46,0.001004080827287027,1,1,0.9399945139884949
1085296318040473600,modelc,46,0.17499779692388054,0,0,0.014983891509473324
1434894931143929858,modelc,46,0.03750579916534376,0,0,0.015822937712073326
1256536483332317184,modelc,46,0.01592725836547544,0,0,0.014061810448765755
1600224079482454016,modelc,46,0.013607151095197619,0,0,0.014174552634358406
1567171489509564416,modelc,46,0.07965781741069326,0,0,0.018292155116796494
1556401396651397120,modelc,46,0.03902327122801488,0,0,0.016666229814291
1258474383900893189,modelc,46,0.03022772900669087,0,0,0.02662506513297558
1207550765260132353,modelc,46,0.06729463084379089,0,0,0.016250483691692352
1449058322360020992,modelc,46,0.11081433478976346,0,0,0.01708851382136345
1455148755435630594,modelc,46,0.03972928506979836,0,0,0.013949623331427574
1223994516903997444,modelc,46,0.013395680180383573,0,0,0.02161778137087822
1284281138467319808,modelc,46,0.04453151047859703,0,0,0.030821379274129868
1578140790592782336,modelc,46,0.03748272943866666,1,0,0.025611843913793564
1222708257648594944,modelc,46,0.07249253377495324,0,0,0.023426109924912453
1250166932768088064,modelc,46,0.5483415278267757,1,1,0.9388191103935242
1232852903909441537,modelc,46,0.30796128309031506,1,1,0.9394473433494568
1311402290167783424,modelc,46,0.0876389334666687,0,0,0.021857304498553276
1245701249732734977,modelc,46,0.07783722551436856,1,0,0.03948293998837471
1212868104658849795,modelc,46,0.055357843373070266,0,0,0.024324530735611916
1352210396833337345,modelc,46,0.009161789493263359,0,0,0.026313068345189095
1241946825055141889,modelc,46,0.00012231587157199539,0,0,0.013851183466613293
1260225918980816902,modelc,46,0.04950153753440191,0,0,0.017416367307305336
1393777583414669317,modelc,46,0.021887500679351697,0,0,0.01398630253970623
1229308060419514369,modelc,46,0.03626040947809837,0,0,0.014936641789972782
1229222882112348166,modelc,46,0.009789646627634725,0,0,0.016252635046839714
1588261196573986816,modelc,46,0.0018626995346966973,1,1,0.9386010766029358
1462395459557810176,modelc,46,0.04846917540136172,0,0,0.027412863448262215
1442869344946454529,modelc,46,0.01595693060187227,0,0,0.014391673728823662
1255605234619072519,modelc,46,0.11717037867306483,0,0,0.01862015388906002
1499012058175655938,modelc,46,0.16879681760529786,0,0,0.019575485959649086
1462851931945283589,modelc,46,0.09816362360920501,0,0,0.029011320322752
1247576003800686600,modelc,46,0.024482875071295027,0,0,0.01368131022900343
1104601295523000323,modelc,46,0.1249104380641833,1,0,0.054510824382305145
1263682260768681986,modelc,46,0.06457863448205665,0,0,0.02007642202079296
1123871012746092545,modelc,46,0.28180673748312807,0,0,0.014658032916486263
1600150773924450304,modelc,46,0.016529652305898878,0,1,0.9192546010017395
1236854787334909953,modelc,46,0.052349647137687964,0,0,0.14912386238574982
1397658343041339392,modelc,46,0.0683426851525915,0,0,0.03057708777487278
1454323555420803073,modelc,46,0.022233840338217622,0,0,0.48068270087242126
1619614295335239680,modelc,46,0.025603194194800435,0,0,0.01804579794406891
1345745635924992000,modelc,46,0.1226645269819772,1,0,0.18856531381607056
1219355089854439424,modelc,46,0.022429792183532856,1,0,0.02068963274359703
1233846578366078986,modelc,46,0.0024247295034635834,1,1,0.5156499743461609
1310174329653530624,modelc,46,0.0013507991809476095,0,0,0.014972705394029617
1421844891404062726,modelc,46,0.06028203729878839,0,0,0.02295312099158764
1393372156482949129,modelc,46,0.30009715837564543,0,0,0.08614391088485718
1267842168128966657,modelc,46,0.007653302149759459,0,1,0.8765065670013428
1555651653453348865,modelc,46,0.13858770947283497,0,0,0.013753163628280163
1389360261270806533,modelc,46,0.03244621791363898,0,0,0.01792934723198414
1576232372063772672,modelc,46,0.043953628365219696,0,0,0.020299239084124565
1518769899996606464,modelc,46,0.13077017285466963,0,0,0.017818890511989594
1298736963000901632,modelc,46,0.057771434532422845,0,0,0.02548847161233425
1194722327952547844,modelc,46,0.3746822608273331,1,1,0.8070369362831116
1604141984712531968,modelc,46,0.003743786754783977,1,0,0.04216180369257927
1266753810392854529,modelc,46,0.0011867528380938796,0,0,0.02236102521419525
1417123755390689287,modelc,46,0.14003764200337862,0,0,0.03206229209899902
1288838940569620483,modelc,46,0.017448526577246604,0,0,0.016624076291918755
1412564686516666369,modelc,46,0.01925166240844474,0,0,0.012865159660577774
1376823894569443329,modelc,46,0.03580098302743428,0,0,0.013098113238811493
1369368335532589061,modelc,46,0.09279413729260742,0,0,0.015632417052984238
1224738215652814849,modelc,46,0.01658099914995165,0,0,0.03099253587424755
1185557829501018114,modelc,46,0.0805758528576462,1,0,0.01481679454445839
1274205440239374337,modelc,46,0.04964956451440042,0,0,0.014018350280821323
1509567860095569937,modelc,46,0.06090638809170439,0,0,0.01551749650388956
1457557396973187088,modelc,46,0.08768575874502665,0,0,0.013457730412483215
1238978053633716226,modelc,46,0.20603493681787424,0,0,0.016350332647562027
1137416842560118784,modelc,46,0.005770214974072324,0,0,0.012193902395665646
1474945563271606273,modelc,46,0.0010039945866812097,0,0,0.014062834903597832
1601901750096924674,modelc,46,0.02538914058478638,0,0,0.02127370424568653
1249002861129863170,modelc,46,0.13240151266332612,0,0,0.019530141726136208
1289575405611921411,modelc,46,0.003921120772892416,0,0,0.016199497506022453
1263521952364474368,modelc,46,0.024857980258506225,0,0,0.13295453786849976
1468332039216803847,modelc,46,0.047029078055015536,0,0,0.0146943936124444
1487758635275014149,modelc,46,0.06207189864647166,0,0,0.02289874665439129
1609464228045365248,modelc,46,0.0,0,0,0.02229311130940914
1355618686770569219,modelc,46,0.03645617722432876,0,0,0.014638178050518036
1232922381544386560,modelc,46,0.10958103136815452,1,1,0.9407250285148621
1345353737368457221,modelc,46,0.02328895312652964,0,0,0.022244229912757874
1263926391474491392,modelc,46,0.026476789592772443,0,1,0.9364190101623535
1262954263384334338,modelc,46,0.02497825405458425,0,0,0.013346567749977112
1355356438714003459,modelc,46,0.026383411401505883,0,0,0.01669865846633911
1478755285934252032,modelc,46,0.021413776861128404,0,0,0.01633295603096485
1247933746881462273,modelc,46,0.029471235684622815,0,0,0.09119979292154312
1114201210960085002,modelc,46,0.023183434708925327,0,0,0.01386540848761797
1567548400983228421,modelc,46,0.0061523834390342855,1,0,0.04088157042860985
1393566849275555845,modelc,46,0.03682885606257512,0,0,0.0224252101033926
1440444267135004681,modelc,46,0.11211517581027639,0,0,0.02541101910173893
1569022602882039812,modelc,46,0.011853901174465355,0,0,0.019557589665055275
1268796619761291264,modelc,46,0.03581355195247159,0,0,0.02130294404923916
1466588575697309698,modelc,46,0.029044550515476605,0,0,0.01619710400700569
1358471344753569792,modelc,46,0.03054630085153009,0,0,0.016689248383045197
1466314626426146818,modelc,46,0.01203839745287268,0,0,0.016791189089417458
1559265728037109765,modelc,46,0.003678081657603367,0,0,0.021316751837730408
1285236887599419392,modelc,46,0.023244551329802864,0,0,0.014573338441550732
1421202358105690121,modelc,46,0.01952336245070499,0,0,0.014014349319040775
1230462416368099328,modelc,46,0.343947402694341,0,0,0.0236120093613863
1276280108278415360,modelc,46,0.01671572598276339,0,0,0.014410779811441898
1251955772797399044,modelc,46,0.22339123463344973,0,0,0.02509818784892559
1252583581685252097,modelc,46,0.020221226088343248,0,0,0.016112055629491806
1564590802348949504,modelc,46,0.0,0,0,0.03324822708964348
1566917637564768256,modelc,46,0.014442729171668138,0,0,0.01911449432373047
1599649990762434560,modelc,46,0.0068367770972234745,0,0,0.045240167528390884
1575021890040537090,modelc,46,0.06851972346012546,0,0,0.026334213092923164
1645040637119438848,modelc,46,0.014500566436705156,0,0,0.014214780181646347
1594193136632623104,modelc,46,0.32416952815242717,0,1,0.5505125522613525
1188204586290561026,modelc,47,0.11679354951214375,1,1,0.9555513858795166
1393758809622032390,modelc,47,0.010568734315624608,0,0,0.023125726729631424
1229832103891595264,modelc,47,0.10007330797132914,0,0,0.023622620850801468
1125194075316064256,modelc,47,0.31390461337200765,0,0,0.28794774413108826
1523450483053973504,modelc,47,0.06598734583169735,0,0,0.08860805630683899
1345256046571495424,modelc,47,0.04936804229952279,0,0,0.028409874066710472
1236714045341929481,modelc,47,0.3564416405921402,0,0,0.10246435552835464
1394295651266187265,modelc,47,0.07081567036314187,0,0,0.2506553530693054
1154438465280516096,modelc,47,0.1673056202928143,0,0,0.024385161697864532
1619516286312263681,modelc,47,0.13640598030371676,0,0,0.048794422298669815
1396537342085718017,modelc,47,0.004056656520293891,0,0,0.0492820218205452
1443682627614093314,modelc,47,0.00127702728121709,0,0,0.058452583849430084
1465147721724178432,modelc,47,0.0474361477490443,1,1,0.9057681560516357
1255492458164752387,modelc,47,0.0217899606839292,0,1,0.7813603281974792
1290986576667869185,modelc,47,0.4441189979117113,0,0,0.438839316368103
1514288582332145670,modelc,47,0.08545153732931607,0,0,0.07247553020715714
1272357521324474368,modelc,47,0.08342245162061751,0,0,0.02724911831319332
1487252560700481537,modelc,47,0.17329528482085862,0,0,0.10102565586566925
1273740261621809154,modelc,47,0.19694671543607678,0,0,0.029464587569236755
1317661755363921920,modelc,47,0.04465270114278066,0,0,0.0608861967921257
1468405253758406661,modelc,47,0.003965447670351979,0,0,0.0612948052585125
1514920455643279365,modelc,47,0.003715790490936612,0,0,0.025078359991312027
1291784215021805569,modelc,47,0.02207789712219512,0,0,0.1716173142194748
1357469393727365122,modelc,47,0.010775478407135363,0,0,0.031129850074648857
1248174910977040385,modelc,47,0.018479546064771694,0,0,0.12778277695178986
1287073267526897666,modelc,47,0.2833245523620481,0,0,0.19046200811862946
1116066316874670081,modelc,47,0.1425898313956939,1,1,0.9487861394882202
1296511371367124992,modelc,47,0.1240847923556922,0,0,0.03021026775240898
1345166234330017792,modelc,47,0.06831119431135259,0,0,0.032673005014657974
1245501628112867328,modelc,47,0.009731837806876404,0,0,0.03484151512384415
1578931526238343168,modelc,47,0.016045817542792856,0,0,0.2408158779144287
1286957308447260673,modelc,47,0.07580206952810985,1,1,0.9433382749557495
1393552840891719685,modelc,47,0.03820779358097613,0,0,0.04458162933588028
1262815859732611075,modelc,47,0.1225807171127365,1,1,0.8201698064804077
1599404086688092160,modelc,47,0.048045194854386956,0,0,0.08904644101858139
1648029372983439367,modelc,47,0.05850571317609238,0,0,0.018836796283721924
1265957010501230593,modelc,47,0.16199847591839783,0,0,0.16438712179660797
1246464469087256576,modelc,47,0.46213423886810745,1,0,0.10638340562582016
1211183459105796098,modelc,47,0.03656569842639409,0,0,0.022088101133704185
1118338313876844544,modelc,47,0.12550331166060566,0,0,0.06844811141490936
1135216071525511173,modelc,47,0.040535953604055146,0,0,0.12192221730947495
1527387745693224986,modelc,47,0.4505390105699708,0,0,0.027568034827709198
1232990916899561473,modelc,47,0.20722326750564182,1,1,0.9531747698783875
1345987250904068096,modelc,47,0.07039037139822821,0,0,0.02417522482573986
1546816084149501953,modelc,47,0.06039136458454741,0,0,0.022763261571526527
1457806433853005827,modelc,47,0.03807039813359683,0,0,0.1326989233493805
1402937907342544899,modelc,47,0.05545873697050394,0,0,0.08666351437568665
1603080434526859264,modelc,47,0.027802157444083722,0,0,0.3394385874271393
1109748138515054592,modelc,47,0.13543436449419943,1,1,0.9540603160858154
1488409288750284801,modelc,47,0.03803747507906164,0,0,0.03421493247151375
1532553712199245827,modelc,47,0.09601234385737334,0,0,0.17487883567810059
1491463980329570304,modelc,47,0.0391647846449294,0,0,0.04045887663960457
1611222836924010498,modelc,47,0.1485358906427846,0,0,0.35532256960868835
1537808851155795975,modelc,47,0.018631214727972172,0,0,0.10837507992982864
1630179384375263232,modelc,47,0.08765107534734276,0,0,0.021195555105805397
1393745779857272832,modelc,47,0.05207056484198174,1,1,0.5732797384262085
1509126359607660551,modelc,47,0.042916974649097786,0,0,0.02413152903318405
1126878156294586368,modelc,47,0.012106801899698878,0,0,0.03594885766506195
1225297729506594818,modelc,47,0.28431773143904693,0,0,0.26953551173210144
1394107831834476547,modelc,47,0.03820188877562953,0,0,0.35204145312309265
1260269776150159360,modelc,47,0.24129071280296904,0,0,0.02577226422727108
1488747638602153986,modelc,47,0.07111533798541061,0,0,0.03411528468132019
1270348242543423488,modelc,47,0.019122521676113172,0,0,0.08313484489917755
1244176666802479104,modelc,47,0.23208620402257107,0,0,0.027464818209409714
1539951759405109249,modelc,47,0.005829055837447058,0,0,0.033417560160160065
1395747592307417092,modelc,47,0.005035785431675155,0,0,0.1390913724899292
1508152963587579909,modelc,47,0.005242627652013895,0,0,0.07150747627019882
1224025761092448257,modelc,47,0.1750288852325919,0,0,0.4501574635505676
1263867135194996737,modelc,47,0.07914473231966712,0,0,0.04168577492237091
1577071902572818434,modelc,47,0.016030051951164515,0,0,0.048914436250925064
1508857749089787912,modelc,47,0.016231135553190397,0,0,0.026665398851037025
1224373966363512833,modelc,47,0.03320763981546932,0,0,0.03542421758174896
1103282085832343555,modelc,47,0.05773207241146081,0,0,0.15449756383895874
1109170436078817282,modelc,47,0.2690528484086127,0,0,0.04765056446194649
1098057857482641408,modelc,47,0.1895775968809094,1,1,0.9513509273529053
1261011012100198404,modelc,47,0.0,1,1,0.5021543502807617
1237111189722640385,modelc,47,0.023018998670099104,0,0,0.02730276621878147
1115609269838024704,modelc,47,0.013754280831674173,0,0,0.06670662015676498
1293886666080260097,modelc,47,0.02665526279938208,0,0,0.037845224142074585
1395833782863814657,modelc,47,0.0,0,0,0.09846223145723343
1247909286568701958,modelc,47,0.22752020945277965,0,0,0.029911989346146584
1352044283587489792,modelc,47,0.12303698369705672,0,0,0.17735078930854797
1258110002906136578,modelc,47,0.1756148739868161,0,0,0.046151380985975266
1461202741666140161,modelc,47,0.24298105530093705,0,0,0.06626534461975098
1258017440362979332,modelc,47,0.06909819140947765,0,0,0.033049050718545914
1393327980387131398,modelc,47,0.0285797393726457,0,0,0.09464938938617706
1648322447089840140,modelc,47,0.024262952695236366,0,1,0.6919620037078857
1356256969359822851,modelc,47,0.0006779726496710114,0,0,0.049834243953228
1199437211772575744,modelc,47,0.03258597137423011,0,0,0.11588539183139801
1345112406326915074,modelc,47,0.025766422190577124,0,0,0.0394069105386734
1345737420101324806,modelc,47,0.06707108174341775,0,0,0.026413647457957268
1392990438546710533,modelc,47,0.04142454833833068,0,0,0.3431414067745209
1451592600918663172,modelc,47,0.048636492635887915,0,0,0.020959846675395966
1547841356113948674,modelc,47,0.0,0,0,0.05856373533606529
1313636764506968064,modelc,47,0.021543080150748052,0,0,0.021128607913851738
1354461395862040576,modelc,47,0.09867087849541661,0,0,0.018000585958361626
1255336798319972356,modelc,47,0.020201950526812215,0,0,0.028164787217974663
1346224388128051200,modelc,47,0.0024258653229630367,0,0,0.07862648367881775
1193142802965782528,modelc,47,0.24093924941519101,1,1,0.9469812512397766
1392146737423290368,modelc,47,0.025907446917515953,0,0,0.11780725419521332
1226462657177210880,modelc,47,0.5169381109075922,1,1,0.863806962966919
1345755511002689545,modelc,47,0.09953663307665715,1,1,0.921686589717865
1593588138030804992,modelc,47,0.008746656155650692,0,0,0.03178717941045761
1641175481511714816,modelc,47,0.0949732330694197,0,1,0.8556874394416809
1565180170016735233,modelc,47,0.0,0,0,0.3147766590118408
1577125319710248960,modelc,47,0.004480267091959925,0,0,0.024733945727348328
1548349221429866498,modelc,47,0.002890642852563907,0,0,0.047827187925577164
1298217767297003521,modelc,47,0.02526795817374924,0,0,0.07058921456336975
1124008705845026823,modelc,47,0.014997096652142786,0,0,0.02674814872443676
1246121373472378880,modelc,47,0.2715957846084813,1,1,0.8006160855293274
1345778047421562880,modelc,47,0.06359457821943086,1,1,0.9411842823028564
1444988795108139008,modelc,47,0.004767295662937266,1,0,0.26325100660324097
1275278623860305922,modelc,47,0.6345563356971177,0,0,0.054341502487659454
1223263760950775808,modelc,47,0.09937177369031434,0,0,0.04134882986545563
1466446193337196552,modelc,47,0.1392857555568476,0,0,0.021961279213428497
1512367141198213123,modelc,47,0.024077784681776276,0,0,0.016521867364645004
1451346708579897345,modelc,47,0.023189917350100207,0,0,0.026810551062226295
1359732117211668481,modelc,47,0.006306097353771007,0,0,0.09394682198762894
1204634292044697600,modelc,47,0.023259405078733014,0,0,0.028476674109697342
1242197959413989377,modelc,47,0.11789299806986174,0,0,0.06418529152870178
1345415514424750083,modelc,47,0.03606375829410141,0,0,0.06118755787611008
1628172722969751552,modelc,47,0.044115361323959434,0,1,0.7601669430732727
1123014488888893440,modelc,47,0.15554879627742407,0,0,0.06894762068986893
1345690021563654144,modelc,47,0.03734464504020259,0,0,0.14172542095184326
1504459560207147011,modelc,47,0.03849188311184613,0,0,0.0652877688407898
1507052730803802122,modelc,47,0.03104747688060171,0,1,0.7875869870185852
1270803144147075075,modelc,47,0.09276408529877264,1,1,0.7892460823059082
1274310552161079297,modelc,47,0.25106050376897093,0,0,0.02783387526869774
1564334956100423680,modelc,47,0.04202787187725635,0,0,0.05708639696240425
1388425054665510912,modelc,47,0.05080660508781957,0,0,0.15394359827041626
1585359766754586624,modelc,47,0.09696929491472368,1,1,0.9269195199012756
1463617131946205187,modelc,47,0.00044518034075302827,1,0,0.2904124855995178
1222296463822049281,modelc,47,0.08293583240065608,0,0,0.04499318450689316
1218986472197566464,modelc,47,0.03399303646862673,0,0,0.09039623290300369
1594755480441733131,modelc,47,0.7550675433647982,1,1,0.8157749176025391
1508215661482463238,modelc,47,0.03358639019818979,0,0,0.037190258502960205
1216725210507902979,modelc,47,0.14218522193635091,0,0,0.05486917495727539
1192249138957582338,modelc,47,0.21005772946483983,0,0,0.03641948103904724
1452130397932998657,modelc,47,0.0420557395450931,0,0,0.04025759547948837
1117368474597318661,modelc,47,0.045906645769338505,0,0,0.023344464600086212
1491416161812361216,modelc,47,0.06545770242691862,0,0,0.23756995797157288
1307141355915927553,modelc,47,0.09757719584636461,1,0,0.16046464443206787
1519509018271789056,modelc,47,0.0,0,0,0.25545287132263184
1482268883465777157,modelc,47,0.1367972984345711,0,0,0.07635577768087387
1291416524264222721,modelc,47,0.10996534410459348,0,0,0.029414061456918716
1530459713028390913,modelc,47,0.02044550822066492,0,0,0.026036489754915237
1606670420719067139,modelc,47,0.07398260474187499,1,0,0.3301306664943695
1514890228493963265,modelc,47,0.0,0,0,0.05481114238500595
1499672184414998536,modelc,47,0.015829751564246257,0,0,0.1000399962067604
1347316666028478466,modelc,47,0.14780338168999602,0,0,0.1811126470565796
1648058784890372097,modelc,47,0.09017439442363172,0,0,0.020899247378110886
1227781168109506560,modelc,47,0.041796886012151334,0,0,0.10560163110494614
1379807592143290370,modelc,47,0.002240039459729552,0,0,0.016672642901539803
1487026637099126784,modelc,47,0.025035522650010793,0,0,0.020124593749642372
1355165540453642240,modelc,47,0.08675709073580358,0,0,0.040030889213085175
1298413749121024004,modelc,47,0.16784949666152008,0,0,0.173921138048172
1575263521750847491,modelc,47,0.0,0,0,0.042993560433387756
1233438028846125058,modelc,47,0.23135462946765442,0,0,0.019539961591362953
1628082486772215841,modelc,47,0.09929158559878032,0,0,0.08279828727245331
1399046300872675328,modelc,47,0.04687661206551876,0,0,0.031023742631077766
1259954791591133185,modelc,47,0.12309325690022505,1,0,0.03189264237880707
1586732526223040512,modelc,47,0.027442900776386493,0,0,0.05138333886861801
1445380143384514561,modelc,47,0.1391306302954397,0,0,0.0318482369184494
1498475514394288129,modelc,47,0.0029151996447098687,0,0,0.023400312289595604
1190205141380583424,modelc,47,0.22612713571729726,1,1,0.9555221199989319
1377716013916172292,modelc,47,0.022721470444577882,0,0,0.0249039139598608
1355641493956874241,modelc,47,0.08062106437570075,0,0,0.1955273598432541
1393667052968333318,modelc,47,0.179529052395616,0,0,0.1611711084842682
1587412786375557120,modelc,47,0.13686752469508046,1,1,0.6386262774467468
1300489088198496258,modelc,47,0.02427094918430447,0,0,0.055819131433963776
1637493415016296449,modelc,47,0.052300395913362135,0,0,0.05315640941262245
1380751228171354112,modelc,47,0.014226994726804922,0,0,0.024182764813303947
1120860417645895680,modelc,47,0.32713141681637486,1,1,0.9211100339889526
1319668055367208961,modelc,47,0.028181404011997438,0,0,0.02056986279785633
1392520237539549188,modelc,47,0.41850684589951487,0,0,0.05376763269305229
1397398267806236676,modelc,47,0.127673236025484,0,0,0.028717435896396637
1407216852875452443,modelc,47,0.06048738062879282,0,0,0.15164469182491302
1393616932696432640,modelc,47,0.1760744482457161,0,0,0.020006058737635612
1445042996408246275,modelc,47,0.006448789307889547,1,1,0.9429958462715149
1592051401177591808,modelc,47,0.010855757710248092,1,0,0.04362352564930916
1297284021282537472,modelc,47,0.04125046905058279,0,0,0.2269081324338913
1639011015076478977,modelc,47,0.0543278284856979,0,0,0.12208373844623566
1405155653988098056,modelc,47,0.10349839106232368,0,0,0.02490496262907982
1298280815273672705,modelc,47,0.10166520693267063,0,0,0.07461562752723694
1600473720186773505,modelc,47,0.1621421913400158,1,0,0.31906968355178833
1469703539081449472,modelc,47,0.014561863582090629,0,0,0.030979463830590248
1268558839214899201,modelc,47,0.04247772652995574,0,0,0.14721199870109558
1345451046475354112,modelc,47,0.006774185524788384,1,1,0.9254466891288757
1270982396121214978,modelc,47,0.11851574193158416,1,0,0.12514448165893555
1411961344962686978,modelc,47,0.10151121997535809,0,0,0.03288758918642998
1276793702472716289,modelc,47,0.005030278637394437,0,0,0.0986146330833435
1556353135844679680,modelc,47,0.15023664204261827,0,1,0.8183556199073792
1293954705257684992,modelc,47,0.03203425246395476,0,0,0.07779286801815033
1171163784762839042,modelc,47,0.003030203437142381,0,0,0.04039350152015686
1122994928299036677,modelc,47,0.28017832811502064,1,1,0.9554668068885803
1298402312868724736,modelc,47,9.41080929134368e-05,0,0,0.04125684127211571
1286786961542455298,modelc,47,0.02850034356693644,0,0,0.03314250335097313
1396689194106294278,modelc,47,0.016168694652422228,0,0,0.10424350202083588
1563287160908042241,modelc,47,0.1372880004455316,0,0,0.11311071366071701
1541730204648935425,modelc,47,0.14883520841682846,1,1,0.9450610876083374
1268895623278850050,modelc,47,0.26624684178416097,0,0,0.06125102564692497
1451370158367264777,modelc,47,0.05900440602019349,0,0,0.2573663592338562
1491958977667682308,modelc,47,0.10865341208961168,0,0,0.04838903993368149
1396966089708425218,modelc,47,0.07403121159661134,0,0,0.018266592174768448
1442978128394014722,modelc,47,0.03481214714490022,0,0,0.031228801235556602
1458514255716786182,modelc,47,0.07450291245472454,0,0,0.2568140923976898
1321845326555176960,modelc,47,0.00455325616053269,0,0,0.02553979866206646
1633559221227642883,modelc,47,0.06436129431686266,0,0,0.13076208531856537
1586647573368037376,modelc,47,0.0022906240605826958,1,1,0.9404423832893372
1241856213811412992,modelc,47,0.04456744295681932,0,0,0.020551618188619614
1647374538324189184,modelc,47,0.002722836366225514,0,0,0.26019641757011414
1345235597749854208,modelc,47,0.03546989146921244,1,1,0.9481908082962036
1239012712673411078,modelc,47,0.0,0,1,0.7566869854927063
1582437173277601792,modelc,47,0.17660682428490654,0,0,0.14739979803562164
1120591069526228997,modelc,47,0.10446869491762788,0,0,0.022853566333651543
1283422598613868546,modelc,47,0.011523316009242834,0,0,0.02695159800350666
1196747794264051713,modelc,47,0.06815695798483913,0,0,0.05934152379631996
1300022096064520193,modelc,47,0.11368887456238816,1,0,0.13653695583343506
1347894076318879744,modelc,47,0.0896574729365229,0,0,0.059707820415496826
1343348218743164928,modelc,47,0.15630526137611497,0,0,0.03398151323199272
1288266046248562689,modelc,47,0.008216766992347998,0,0,0.037132538855075836
1394273212100456448,modelc,47,0.06380593011454411,1,1,0.9510675668716431
1345212454469566466,modelc,47,0.03227661783890147,0,0,0.09538587182760239
1316806707725709314,modelc,47,0.04330234602052799,0,0,0.1311699002981186
1274382276730802176,modelc,47,0.05547051389844722,0,0,0.3000100255012512
1630353342328107008,modelc,47,0.054370247109431724,0,0,0.029071899130940437
1518388184870178816,modelc,47,0.07046711281386325,0,0,0.025653908029198647
1597318794422411265,modelc,47,0.02623060473879145,0,0,0.0623805969953537
1297728264358813698,modelc,47,0.004384348029836369,0,0,0.029418308287858963
1092607702524743680,modelc,47,0.03858827876294884,0,0,0.02581079863011837
1558159706383912964,modelc,47,0.020172972522750212,0,0,0.048342831432819366
1574261143576535040,modelc,47,0.015444171516639361,1,1,0.9467725157737732
1401102417559580678,modelc,47,0.008667499110365953,0,0,0.02516772970557213
1308105045452390403,modelc,47,0.20319224291356944,0,0,0.07151229679584503
1508194787001831431,modelc,47,0.008224862672738486,0,0,0.022258535027503967
1232601234143678464,modelc,47,0.12259341524933977,0,0,0.25667402148246765
1283393408778870785,modelc,47,0.04652249086850674,0,0,0.038029514253139496
1515204878397849601,modelc,47,0.06543472418527507,0,0,0.05939139798283577
1542274011576602626,modelc,47,0.05015917514029715,0,0,0.41001519560813904
1293974461662793728,modelc,47,0.048544787932651524,0,0,0.17848888039588928
1211490408754270210,modelc,47,0.08935344189063218,0,0,0.027522649616003036
1097212292893196289,modelc,47,0.6768511360790737,1,1,0.9448572397232056
1581970735957872640,modelc,47,0.3298865237531351,0,0,0.04736104980111122
1225984535046840320,modelc,47,0.0967198492157787,1,1,0.7775375247001648
1604186809625415680,modelc,47,0.03626706595734733,0,0,0.03412512317299843
1163972893765775365,modelc,47,0.17888455382008714,0,0,0.029758797958493233
1341775550189350912,modelc,47,0.05052495888572094,0,0,0.057974882423877716
1286748877563891713,modelc,47,0.025937058656187492,0,0,0.058427002280950546
1460712630553923584,modelc,47,0.21915339956091667,0,0,0.019152460619807243
1477825713206177792,modelc,47,0.014231163442137788,0,0,0.05385393649339676
1284434882140176389,modelc,47,0.08574010655429226,1,1,0.5100015997886658
1255205589396979724,modelc,47,0.0014691707366501928,0,0,0.01972060464322567
1449353935626588163,modelc,47,0.014137333480955914,0,0,0.07069994509220123
1287098479496634370,modelc,47,0.00956938640293313,0,0,0.033039335161447525
1241902809592803328,modelc,47,0.48618261310941274,1,1,0.9537599682807922
1235962772770283522,modelc,47,0.050707272821794144,0,0,0.025249198079109192
1448053433374740482,modelc,47,0.0028837107510448446,0,0,0.03252336010336876
1282333713267859458,modelc,47,0.10513041616124641,1,1,0.7947794795036316
1325795907514863622,modelc,47,0.031467206863093296,0,0,0.018404675647616386
1417228816808820741,modelc,47,0.11360687443204426,0,0,0.06755098700523376
1611744750368956416,modelc,47,0.04675775750987181,0,0,0.026740262284874916
1521292300260888578,modelc,47,0.020141857813687623,0,0,0.041877035051584244
1203555334805164033,modelc,47,0.4594068697106281,1,1,0.948316216468811
1580245639979749377,modelc,47,0.09263511567259139,0,0,0.1833386868238449
1463578662922604548,modelc,47,0.32167419052585094,0,0,0.028983183205127716
1449684061912510466,modelc,47,0.004460151409040507,0,0,0.022408733144402504
1152034933176590336,modelc,47,0.34109595375749224,1,1,0.9590681791305542
1584558203626434560,modelc,47,0.06004302598000766,0,0,0.10569591075181961
1553717576458534912,modelc,47,0.06246752177272619,0,0,0.0367201492190361
1255567029551144964,modelc,47,0.3518931314886824,0,0,0.0764099508523941
1545151228413415425,modelc,47,0.34045935153234663,1,1,0.947716474533081
1468967696523878410,modelc,47,0.014599929667055627,0,0,0.06242426857352257
1489845616750444545,modelc,47,0.012748634600333123,0,0,0.022212959825992584
1393522778440093700,modelc,47,0.002260141728854863,0,0,0.025915391743183136
1345567610780397570,modelc,47,0.016263120899518386,0,0,0.06191961467266083
1547669888851795979,modelc,47,0.3287155750923573,0,0,0.21263325214385986
1513201920797810690,modelc,47,0.06154186308880524,0,1,0.7272787690162659
1284847378499944449,modelc,47,0.06663397633226394,0,0,0.048722170293331146
1516924289143951360,modelc,47,0.2445778461712342,0,0,0.04395343363285065
1449714900805242883,modelc,47,0.04286066579762604,0,0,0.04498975723981857
1258707209304891392,modelc,47,0.037612562471834275,0,0,0.02850302681326866
1511107589932830723,modelc,47,0.04018240979291092,0,1,0.5488622188568115
1219921409415270400,modelc,47,0.028180617803658856,0,0,0.044347189366817474
1542857597589528577,modelc,47,0.0,1,1,0.9085291624069214
1620508837328588803,modelc,47,0.045275241689829514,1,0,0.1653488427400589
1144672451592413185,modelc,47,0.32998027487022347,1,1,0.9490000605583191
1198999631323115520,modelc,47,0.18977471867220605,0,0,0.08336484432220459
1365488105378230278,modelc,47,0.07989537821959537,0,0,0.03180968388915062
1637857580776312834,modelc,47,0.05323652514164484,1,0,0.2242232859134674
1539994279455719424,modelc,47,0.049643567048407125,0,0,0.3160056173801422
1551584334104215552,modelc,47,0.10926292591041568,0,0,0.06304483860731125
1283750313418055681,modelc,47,0.005115048378892815,0,0,0.04345446825027466
1392197387427274755,modelc,47,0.010518527025535481,0,0,0.10053831338882446
1233959222305607680,modelc,47,0.08779359789310816,1,1,0.9466230273246765
1625906106156429330,modelc,47,0.032735603840396796,1,0,0.0338352806866169
1619534124024487937,modelc,47,0.04555596658201467,0,0,0.02542538195848465
1509027883716526080,modelc,47,0.0161632048565164,0,0,0.49874770641326904
1293924575890345985,modelc,47,0.07979186771475597,0,0,0.03507690876722336
1646011668751699972,modelc,47,0.09581717883641235,0,0,0.24001283943653107
1506007293728591873,modelc,47,0.05319559290240434,0,0,0.1441594809293747
1643707401512550400,modelc,47,0.08732157794765466,0,1,0.5321474671363831
1210275610813054976,modelc,47,0.1837601613337581,0,0,0.027112208306789398
1635345125575626752,modelc,47,0.062479521809406115,0,0,0.02246401645243168
1381927979090075651,modelc,47,0.2930432306016224,0,0,0.05202296003699303
1345012434608795650,modelc,47,0.021065442470239608,0,1,0.5432988405227661
1286035333755305984,modelc,47,0.0168849875219413,0,0,0.07266871631145477
1554196257270284294,modelc,47,0.017099662268176274,0,0,0.0221864040941
1090985813398061056,modelc,47,0.7712597297257063,1,1,0.947615385055542
1212830436012908544,modelc,47,0.12126657248688781,0,1,0.5355744361877441
1539054160896827392,modelc,47,0.03672841864101585,0,0,0.10396245121955872
1270774783958016005,modelc,47,0.01771298433578383,0,0,0.021282831206917763
1205464611157413888,modelc,47,0.01377076221933305,1,1,0.74610835313797
1470443338213957637,modelc,47,0.007953554740695297,0,0,0.16455239057540894
1646682021396115456,modelc,47,0.020007272370134666,0,0,0.053134772926568985
1103688981038985217,modelc,47,0.08734732423818557,0,0,0.021339349448680878
1396961028102053893,modelc,47,0.17290677562984305,1,0,0.13969989120960236
1103013290916175874,modelc,47,0.01605050415373073,0,0,0.02436620183289051
1284764621560315904,modelc,47,0.025965175351134743,0,0,0.017266936600208282
1281292234013446145,modelc,47,0.06287779042859615,0,0,0.01906285248696804
1636400650786426883,modelc,47,0.04415461815928799,0,0,0.08609164506196976
1219628821881802753,modelc,47,0.08983235386797912,0,0,0.30239036679267883
1585465243727056896,modelc,47,0.0,0,0,0.262763649225235
1517548575332265984,modelc,47,0.04943217982456533,0,0,0.15081177651882172
1223652621153722372,modelc,47,0.0026647905001737954,0,0,0.03675936162471771
1106562886778998785,modelc,47,0.0,1,1,0.8745560050010681
1518553007582892032,modelc,47,0.029607743238550716,0,0,0.03405733034014702
1397954044455391233,modelc,47,0.08623007710848195,0,0,0.11531998962163925
1252073855046352897,modelc,47,0.03853915971227501,0,0,0.08351857960224152
1515229140768546819,modelc,47,0.034935327657588534,1,0,0.23521293699741364
1542539148841607169,modelc,47,0.08241981030659232,0,0,0.42229026556015015
1427586547621236739,modelc,47,0.002022750156331802,0,0,0.019822461530566216
1177946201179578368,modelc,47,0.3918703797045399,0,0,0.17333827912807465
1253687689410416641,modelc,47,0.06643538853610857,0,0,0.019307201728224754
1222396158653259777,modelc,47,0.004037165114471971,0,0,0.026205256581306458
1217246308743962624,modelc,47,0.10435730768477863,0,0,0.251405268907547
1382668135690428419,modelc,47,0.02115059115621288,0,0,0.02222978137433529
1650582626758180865,modelc,47,0.0,0,0,0.038594216108322144
1252009084078997505,modelc,47,0.15277936334552136,1,0,0.03617675229907036
1248241876005724161,modelc,47,0.025338241624967072,0,0,0.02955400012433529
1543360155651391500,modelc,47,0.053275602057965527,0,1,0.8620926737785339
1318980851808481281,modelc,47,0.03997600488800995,0,0,0.058003172278404236
1397587532574040069,modelc,47,0.0011499635348618264,0,0,0.025525154545903206
1466454112279662604,modelc,47,0.009807803212173354,0,0,0.023779138922691345
1526762269064974346,modelc,47,0.19962826647908746,1,1,0.8172504901885986
1566132180467814400,modelc,47,0.01584890579868549,0,0,0.018866701051592827
1644717646246473736,modelc,47,0.09385596416371964,0,0,0.01993803307414055
1573081978949505024,modelc,47,0.0405269527603309,1,0,0.22124776244163513
1544818240484155392,modelc,47,0.055576409302090395,0,0,0.03541703522205353
1121874377631465474,modelc,47,0.1356199424082327,0,0,0.029194166883826256
1291623819572989955,modelc,47,0.22040382922180546,1,1,0.7248717546463013
1580600904746962945,modelc,47,0.03357670473947144,1,1,0.9096286296844482
1428807603031789569,modelc,47,0.020785350200031426,0,0,0.4834977090358734
1109061649242226688,modelc,47,0.0388591436967175,0,0,0.03882717341184616
1392756158914600960,modelc,47,0.04662020856867093,0,0,0.05151427909731865
1133067761184378885,modelc,47,0.4102647810782786,1,1,0.9530969858169556
1468658508014911492,modelc,47,0.08817180899118099,0,0,0.08430961519479752
1579549222038560768,modelc,47,0.07049950426844116,0,0,0.021710358560085297
1644465858670993409,modelc,47,0.010221916170889937,1,0,0.32419079542160034
1506076192130191360,modelc,47,0.07037400385108282,0,0,0.03682626038789749
1159696677130948608,modelc,47,0.05033914005439923,0,0,0.07141531258821487
1633114503305936899,modelc,47,0.11771987180709727,0,1,0.640812873840332
1128058851188670470,modelc,47,0.07573131965048623,0,0,0.09104928374290466
1296858111521648640,modelc,47,0.28389212314044576,0,1,0.7160839438438416
1187403288007888898,modelc,47,0.0,0,0,0.050747305154800415
1458036894860775426,modelc,47,0.03538559138079721,0,0,0.13565294444561005
1356378388164976645,modelc,47,0.011036599385547113,0,0,0.019570311531424522
1517749284304695298,modelc,47,0.02646127217069562,0,0,0.32176366448402405
1256562515288494082,modelc,47,0.03874032593692868,0,0,0.04318486526608467
1526056251007852544,modelc,47,0.01211261760778494,0,0,0.2127968668937683
1352771322863116288,modelc,47,0.05439933749658918,0,1,0.7780697345733643
1393789126772543490,modelc,47,0.0037124074920626337,0,0,0.05020235851407051
1360239202827403267,modelc,47,0.13888404842998625,0,0,0.03222719952464104
1353190490305392640,modelc,47,0.12751263718545985,0,0,0.0641031563282013
1357201397838618624,modelc,47,0.1670714657741647,0,0,0.07087527960538864
1255823949532987397,modelc,47,0.15954927935470306,1,0,0.13835330307483673
1272891981480497152,modelc,47,0.2280983119881146,0,0,0.021280577406287193
1354349851581034498,modelc,47,0.04444781401854261,0,0,0.03336413949728012
1120663055526957062,modelc,47,0.10194119430625036,0,0,0.08280956745147705
1283401552032456705,modelc,47,0.07507730952868845,0,0,0.035162415355443954
1524755538415861761,modelc,47,0.001950124641504348,0,1,0.7759215831756592
1399745357555322889,modelc,47,0.07628621412819746,0,0,0.06740269064903259
1519841120473202688,modelc,47,0.05562679033756176,0,0,0.04475223645567894
1300150538668060674,modelc,47,0.060033714509941015,0,0,0.2296924889087677
1209982157982248961,modelc,47,0.30465317038823403,0,1,0.6103987693786621
1645009221635694593,modelc,47,0.03318836144641665,1,1,0.938705325126648
1215515751496339456,modelc,47,0.35247596718979274,0,0,0.024300716817378998
1426471423086764033,modelc,47,0.05694091758501311,1,1,0.819892168045044
1232887804969078789,modelc,47,0.005584136219819826,1,1,0.8943148255348206
1407469081494757382,modelc,47,0.054276151350654986,0,0,0.024755876511335373
1470482593539837954,modelc,47,0.0015518038601520705,0,0,0.020302196964621544
1413068266759655427,modelc,47,0.10297483618336951,0,0,0.06252951174974442
1229152388851929091,modelc,47,0.007067397876604027,0,0,0.1509840339422226
1286027681230753793,modelc,47,0.04473899931068972,0,0,0.026543211191892624
1415047667613327369,modelc,47,0.0649317434522644,0,0,0.21482530236244202
1394017841121308673,modelc,47,0.018698311327130797,1,1,0.9436575770378113
1085296318040473600,modelc,47,0.20138855672244083,0,0,0.07038471847772598
1434894931143929858,modelc,47,0.003466416832496433,0,0,0.18549707531929016
1256536483332317184,modelc,47,0.008779759271122081,0,0,0.0394759364426136
1600224079482454016,modelc,47,0.059583928140272364,0,0,0.02298087067902088
1567171489509564416,modelc,47,0.22334952956932783,0,0,0.11089663207530975
1556401396651397120,modelc,47,0.011248100058490258,0,0,0.02656286396086216
1258474383900893189,modelc,47,0.014150974904080097,0,0,0.05063933506608009
1207550765260132353,modelc,47,0.04183906656429516,0,0,0.027663731947541237
1449058322360020992,modelc,47,0.08736609487706064,0,0,0.028459371998906136
1455148755435630594,modelc,47,0.04907277178986989,0,0,0.01912645623087883
1223994516903997444,modelc,47,0.12354514363029723,0,0,0.09010293334722519
1284281138467319808,modelc,47,0.012021906158618059,0,0,0.23974432051181793
1578140790592782336,modelc,47,0.006944210261200176,1,0,0.03496605157852173
1222708257648594944,modelc,47,0.029675025807267733,0,0,0.06640662997961044
1250166932768088064,modelc,47,0.5031709174390814,1,1,0.9553259015083313
1232852903909441537,modelc,47,0.35720815486617286,1,1,0.9550212621688843
1311402290167783424,modelc,47,0.01629202073335198,0,0,0.07485625147819519
1245701249732734977,modelc,47,0.07155870004573199,1,0,0.09134946763515472
1212868104658849795,modelc,47,0.1845131930167547,0,0,0.10189345479011536
1352210396833337345,modelc,47,0.028773850820169925,0,0,0.03714121878147125
1241946825055141889,modelc,47,0.0033677624444141373,0,0,0.022246001288294792
1260225918980816902,modelc,47,0.05959389174604732,0,0,0.03232680261135101
1393777583414669317,modelc,47,0.0883734597762731,0,0,0.02280610054731369
1229308060419514369,modelc,47,0.43429232347523244,0,0,0.019498886540532112
1229222882112348166,modelc,47,0.07271188405748938,0,0,0.023045377805829048
1588261196573986816,modelc,47,0.02481828167345956,1,1,0.9422653913497925
1462395459557810176,modelc,47,0.01567480494045615,0,0,0.07525083422660828
1442869344946454529,modelc,47,0.04295053934560533,0,0,0.028196686878800392
1255605234619072519,modelc,47,0.03168065838916542,0,0,0.06596531718969345
1499012058175655938,modelc,47,0.030707528594641265,0,0,0.08606187999248505
1462851931945283589,modelc,47,0.40462502464077765,0,0,0.028664428740739822
1247576003800686600,modelc,47,0.021869895798159397,0,0,0.019621247425675392
1104601295523000323,modelc,47,0.19644238153757293,1,0,0.26151949167251587
1263682260768681986,modelc,47,0.03527303705561041,0,0,0.03165970370173454
1123871012746092545,modelc,47,0.2749368631527532,0,0,0.03147231787443161
1600150773924450304,modelc,47,0.028407913206415437,0,1,0.654248058795929
1236854787334909953,modelc,47,0.0069502975202166625,0,0,0.10447411239147186
1397658343041339392,modelc,47,0.1988666616250971,0,0,0.10543964803218842
1454323555420803073,modelc,47,0.05419142701404861,0,0,0.3952762186527252
1619614295335239680,modelc,47,0.03892591208458926,0,0,0.06687508523464203
1345745635924992000,modelc,47,0.014778471487339953,1,0,0.339930921792984
1219355089854439424,modelc,47,0.024420458553814115,1,1,0.5718192458152771
1233846578366078986,modelc,47,0.15056083309858306,1,1,0.8668792247772217
1310174329653530624,modelc,47,0.00794198712449643,0,0,0.14144018292427063
1421844891404062726,modelc,47,0.2874054267959444,0,0,0.13210135698318481
1393372156482949129,modelc,47,0.16897728253690625,0,0,0.23729152977466583
1267842168128966657,modelc,47,0.032279971450317274,0,0,0.09351430833339691
1555651653453348865,modelc,47,0.018438706060881743,0,0,0.06879816204309464
1389360261270806533,modelc,47,0.12974587128265694,0,0,0.03780698776245117
1576232372063772672,modelc,47,0.06077004543433235,0,0,0.05998377874493599
1518769899996606464,modelc,47,0.12325052436916695,0,0,0.17547938227653503
1298736963000901632,modelc,47,0.009413694719509084,0,0,0.1525147706270218
1194722327952547844,modelc,47,0.3350912112026549,1,1,0.784140408039093
1604141984712531968,modelc,47,0.021136021335980217,1,0,0.10119296610355377
1266753810392854529,modelc,47,0.03091446725507151,0,0,0.03940366953611374
1417123755390689287,modelc,47,0.10665244566850468,0,0,0.2951008975505829
1288838940569620483,modelc,47,0.003139840259314161,0,0,0.0423118956387043
1412564686516666369,modelc,47,0.06612294453447917,0,0,0.028733281418681145
1376823894569443329,modelc,47,0.07137115039201163,0,0,0.01924924924969673
1369368335532589061,modelc,47,0.19156041477769403,0,0,0.04884497448801994
1224738215652814849,modelc,47,0.009925392858490222,0,0,0.02824280597269535
1185557829501018114,modelc,47,0.40193458792414893,1,0,0.057065170258283615
1274205440239374337,modelc,47,0.008405989637522504,0,0,0.027470258995890617
1509567860095569937,modelc,47,0.01274132754952842,0,0,0.023864036425948143
1457557396973187088,modelc,47,0.048118098470546496,0,0,0.0233591478317976
1238978053633716226,modelc,47,0.04509447368429349,0,0,0.06463438272476196
1137416842560118784,modelc,47,0.01076887267298232,0,0,0.02581828646361828
1474945563271606273,modelc,47,0.015286277515860196,0,0,0.022005323320627213
1601901750096924674,modelc,47,0.030295593653853866,0,0,0.0890771746635437
1249002861129863170,modelc,47,0.07145862286959626,0,0,0.03490106016397476
1289575405611921411,modelc,47,0.08052549266701448,0,0,0.06019370257854462
1263521952364474368,modelc,47,0.10337136563845768,0,0,0.1956467181444168
1468332039216803847,modelc,47,0.2994190546269724,0,0,0.0361732579767704
1487758635275014149,modelc,47,0.13148287058118055,0,0,0.05910196900367737
1609464228045365248,modelc,47,0.0,0,0,0.1279062032699585
1355618686770569219,modelc,47,0.010086869441780204,0,0,0.04486473649740219
1232922381544386560,modelc,47,0.24160692020453128,1,1,0.9558181762695312
1345353737368457221,modelc,47,0.16244692963832527,0,0,0.04984884709119797
1263926391474491392,modelc,47,0.060999241319519365,0,0,0.44327378273010254
1262954263384334338,modelc,47,0.030145041199042308,0,0,0.02048439346253872
1355356438714003459,modelc,47,0.006090513018944025,0,0,0.027583055198192596
1478755285934252032,modelc,47,0.05470706693022087,0,0,0.04374006390571594
1247933746881462273,modelc,47,0.019464976814512015,0,1,0.62992924451828
1114201210960085002,modelc,47,0.0954671174554108,0,0,0.02427099458873272
1567548400983228421,modelc,47,0.026775237637490453,1,0,0.3462564945220947
1393566849275555845,modelc,47,0.03262435115154971,0,0,0.0766959860920906
1440444267135004681,modelc,47,0.011421322679915254,0,0,0.06765194237232208
1569022602882039812,modelc,47,0.017485609654376517,0,0,0.06193992868065834
1268796619761291264,modelc,47,0.07976064784771411,0,0,0.04567801579833031
1466588575697309698,modelc,47,0.246082519106804,0,0,0.12190891057252884
1358471344753569792,modelc,47,0.04426426313406291,0,0,0.055799610912799835
1466314626426146818,modelc,47,0.002932337465130924,0,0,0.0580541267991066
1559265728037109765,modelc,47,0.07315892156677589,0,0,0.15636347234249115
1285236887599419392,modelc,47,0.0326483732136599,0,0,0.01952117495238781
1421202358105690121,modelc,47,0.01625779013322808,0,0,0.038030024617910385
1230462416368099328,modelc,47,0.13490143054710807,0,0,0.02617269568145275
1276280108278415360,modelc,47,0.006316708911197078,0,0,0.025614367797970772
1251955772797399044,modelc,47,0.019697312066236882,0,0,0.05996742472052574
1252583581685252097,modelc,47,0.05636823509424829,0,0,0.02221992053091526
1564590802348949504,modelc,47,0.0,0,0,0.1465768814086914
1566917637564768256,modelc,47,0.018230586777243783,0,0,0.16230835020542145
1599649990762434560,modelc,47,0.04850385873584396,0,0,0.15901431441307068
1575021890040537090,modelc,47,0.05731801034787224,0,0,0.16982883214950562
1645040637119438848,modelc,47,0.10411567686698574,0,0,0.01937147229909897
1594193136632623104,modelc,47,0.37555604654956104,0,1,0.6562989354133606
