text,label,post_id,targets
laura loomer raped me while screaming at me in her disgusting kike language and said we must exterminate the goyim laura loomer loomergate,1,13851720_gab,"[""Jewish""]"
nogs jews and dykes how enriching,0,14567516_gab,"[""African"", ""Homosexual"", ""Jewish""]"
guilty until proven innocent unless you are a jew a nigger or a lover of both,1,19679648_gab,"[""African"", ""Jewish"", ""None""]"
<user> condoning drug use not kike at all thanks for that disclosure,0,18696652_gab,"[""Jewish""]"
lol what a stupid kike,1,15544666_gab,"[""Jewish"", ""Other""]"
this sounds like a kike national socialist,1,12533510_gab,"[""Jewish"", ""Other""]"
only elite looters are enriched when they import a 6 0 iq moslem onto welfare section <number> homeless vets would not need taxpayer paid classes on how to use toilets in free homes,0,14580398_gab,"[""Islam"", ""Jewish"", ""None"", ""Refugee""]"
if i hear the phrase white privilege one more time i am going to opt to come back in my next life as a black hispanic latino illegal muslim jewish faggot feminist queer gay lesbian dike transgender piece of shit in other words everything i have not been in this life,1,22421440_gab,"[""African"", ""Arab"", ""Asian"", ""Hispanic"", ""Homosexual"", ""Islam"", ""Jewish"", ""Refugee"", ""Women""]"
they are going to figure out a way to kike bitcoin,1,16637220_gab,"[""Jewish""]"
<user> the cunt of a retarded nigger pissed beads of shit into asshole of a jew kike,1,4120510_gab,"[""African"", ""Disability"", ""Homosexual"", ""Jewish"", ""Women""]"
<user> you first kike,1,2992367_gab,"[""Jewish""]"
jew should be hated they are a disease that needs to eradicated from among white folk they and their subhuman nigger and arab foot soldiers are the enemy their annihilation is not up for negotiation,1,27064690_gab,"[""African"", ""Jewish""]"
lol that why i wear them i have had many confrontations with the pos muzzies and black panther scum,1,24977683_gab,"[""African"", ""Islam"", ""Jewish""]"
reminds me of a college fundraiser to help a kike family rebuild their burnt house the father was a magistrado which is like a high court judge so they were richer than most of the other students families,1,10504469_gab,"[""Jewish""]"
i tire with you all day same just blah blah blah kike you will see it a dream cheese puff boy go bed it a school night 😉,1,14564271_gab,"[""Jewish""]"
nd only <percent> nigger but jewish culture should be taken into account here thanks jews,1,23463421_gab,"[""African"", ""Jewish""]"
this yid endicted yet not arrested and,0,20055204_gab,"[""Jewish"", ""None""]"
tfw jews want to ban p*rn <censored> tfw now i agree with jews tfw i change my ideals get owned jews,0,1091106800408190976_twitter,"[""Jewish""]"
you are next kike,1,23018207_gab,"[""Jewish""]"
lol get a load of this kike,1,22676555_gab,"[""Jewish""]"
i raped the jews because it bombed dave,0,1178796473175220230_twitter,"[""Jewish"", ""None""]"
make the word nigger great again make racial slurs great again my dad told us bedtime stories w bad guys jip the jap jigaboo jones his mom my german grandmother w german accent always called blacks darkies jews jewish shysters <user> pc terminology is part of the brainwashing,1,15481820_gab,"[""African"", ""Jewish"", ""None""]"
fuck what this kike cunt has to say only thing she is good for is sticking a cock down her throat so she can not talk,1,20317635_gab,"[""Asian"", ""Jewish"", ""Women""]"
the only rationale i can see for trump not firing prosecuting rosenstein is that now that little kike is in his pocket bad idea,1,19206277_gab,"[""Jewish""]"
<user> lets see what they will do to the smelly kike who composed that tweet and whose name is visible in the photo the world awaits his lynching with relish,1,4321340_gab,"[""Jewish""]"
i have found another degenerate who is pushing smut on gab not a joke he is actually promoting smut and porn <user> is a degenerate diversity kike hiding behind patriotism i am not so easily fooled,1,27652218_gab,"[""Jewish""]"
i love your pro white jack o lantern fuck that nigger and fuck the national african american communist party founded and run by jews look up it history that not j.p. sedita saying that its ok to be white altright american nationalist,1,14549463_gab,"[""African"", ""Jewish""]"
what the hell is it with shitty gab trolls and calling people monkeys maybe that kike freud was right,0,24227903_gab,"[""African"", ""Jewish""]"
nice idea but i doubt it as my jewish gf back in hs used to say a jew is just a nigger turned inside out neither can ever be satisfied if you give a jew your teeth he will want your eyes too,1,15730084_gab,"[""African"", ""Jewish""]"
ok so i have been off twatter for some time now so i may just be rusty but has leftist kike trolling actually gotten worse in quality than it was a year or so ago,0,13438032_gab,"[""Jewish"", ""None""]"
<user> this ugly kike cunt keeps showing up on my timeline,1,23615794_gab,"[""Jewish"", ""Women""]"
when your pussy self is worth a grammatically sound and proper editing then perhaps you will get to read without using your little brain to decipher i really do not have to impress a little kike minded subversive like yourself peace tho trumpowitz so ironical ironybro faggot,1,24921934_gab,"[""Homosexual"", ""Jewish""]"
saint sir adolf was the most lied about person in history for financial political and kike reasons alt right history lesson,1,20773435_gab,"[""Jewish""]"
is luke ford on a mission to infiltrate the altright to prove his kike conversion bona fides,1,18979487_gab,"[""Jewish""]"
better to kill the kike first,1,20705631_gab,"[""Jewish""]"
i am offended because nigger faggot kike spic chink gook cracker,1,11073228_gab,"[""African"", ""Asian"", ""Hispanic"", ""Homosexual"", ""Jewish""]"
lets hope so gas the lot including the nigger,1,24096893_gab,"[""African"", ""Jewish""]"
all right faggots why is it that our posts bantzing beaners get so much engagement but when we take the piss out niggers and kikes you all get so silent all of a sudden,1,7727242_gab,"[""African"", ""Hispanic"", ""Homosexual"", ""Jewish""]"
shalom aussie goyim my name is gladys berejiklian i call myself an armenian but in fact i am a ratfaced kike looking to implement communism in your country do you like my gallah beak,1,14357997_gab,"[""Jewish""]"
depeche kike personal hitler remastered video,1,22086860_gab,"[""African"", ""Jewish""]"
refugees in white homelands are worth more then gold to israel ask trump and any kike truth fears no investigation they are low wage workers which will destroy america labor market but you still vote for this goyim,1,19932727_gab,"[""Jewish"", ""Refugee""]"
you are the epitome of stupidity you could not beat the kike vermin alone last time so this time your goal is wait for it to fight the kike vermin alone again and lose again you have the strategic sense hitler did moron,1,20126138_gab,"[""Jewish""]"
this yid parasitic bitch should be hanged on the 1 st tall tree that grows in the center of the city to all to see and learn that yids are beasts of the field and not allowed to exist with humans,1,20055328_gab,"[""Jewish"", ""Other""]"
is it gonna be you you said they offered to let you be in playboy in the <number> maybe they are not ready for a kike whose make up makes her look like a neanderthal painted up as a shemale rodeo clown <user>,1,13565733_gab,"[""Homosexual"", ""Jewish"", ""None"", ""Women""]"
lol at <user> thinks he a dothead kike lol,1,16188142_gab,"[""Indian"", ""Jewish""]"
showa time for this fucking kike,1,21037896_gab,"[""Jewish""]"
he a jew when it convenient for him and a fellow white person when thats more convenient just like literally every other kike,1,21969771_gab,"[""Caucasian"", ""Jewish""]"
<user> called it hours ago and this kike rat would not reply to my calling him out either part time shit tier jidf making some extra shekels lol they are not sending their best yet,1,15824095_gab,"[""Jewish""]"
you are defending this dumb shit for creating the illusion that i should somehow care because i was raised mormon or that i am a kike because i was born into a mormon family oblige me with that retard level logic and just add to the dumpster fire,0,24017229_gab,"[""Disability"", ""Jewish""]"
percentage manufacturing crime sends them to the rightabout the devil on moneylenders gave reuben j a great strawcalling now he really what they call a dirty jew power those judges have crusty old topers,0,1178958645138264071_twitter,"[""Jewish"", ""None""]"
instant mute and creeping my tl total kike behavior,1,16123875_gab,"[""Jewish""]"
<user> <user> <user> he wants a white ethnostate and thinks that the holocaust didnt happen and that the jew globalists control everything,0,1178314665211944960_twitter,"[""Jewish"", ""None"", ""Other""]"
nazi is a kike jew term invented by an inbred schizoid kike rat they were called national socialists <number> gorillion were not gassed but should have been the world would be a much better place,1,23208708_gab,"[""Islam"", ""Jewish""]"
i know they are trying to commit white genocide but is not the f ing jews but the f ing muslimes that want to kill christians and jews and atheists and hindu and budhists or submit them to their psycho cult what part of kill do not you understand,1,18452832_gab,"[""Islam"", ""Jewish""]"
<number> and me is a kike company they started to see how the agenda is going,1,24416711_gab,"[""Jewish""]"
khan can suck the shit off the syphilitic dicks of his moslem pedo brothers uk cops can lick up the mess never rotherham rochdale rape jihad sharia creep islamo facism white genocide christiangenocide never islam 14 words,1,14436416_gab,"[""Islam"", ""Jewish"", ""Men""]"
as a full blown gas the kike nazi otoya yamaguchi is in my top <number> nationalist heroes,1,11003094_gab,"[""Jewish""]"
fuck her she nothing but a kike that will play which ever side that will get her paid,1,19112164_gab,"[""Jewish""]"
the iranian regime has a mosque in my home town thousands of miles from tehran its controlled by the revolutionary guard do not let the persian kike fool you,1,16210558_gab,"[""Jewish"", ""Other""]"
since jews have tried to exterminate white it seems only right that every single jewish girl have a nigger for her first night those who say they are jews and are not but do lie and are the synagogue of satan,1,7603245_gab,"[""African"", ""Jewish"", ""Women""]"
president trump should not recieve kike netanyahu either and should not acknowledge israel as a country either and should exterminate all jews as well,1,4650392_gab,"[""Jewish""]"
<user> <user> <user> jews assisted the nazis slaves assisted slave masters mexicans assist the white people treating them like animals,0,1178515162002857986_twitter,"[""Hispanic"", ""Jewish"", ""None""]"
he loves his daughter more than himself doubt he endangers his grandkids yet yid marries his daughter doubt accidentally yids prepared to stub trump from inside they knew that opposition was preparing him for the last <number> years to overthrow order i think for his daughter he would cave in,0,20692960_gab,"[""Islam"", ""Jewish""]"
<number> <number> salute brother its the the truth and nothing but the truth enjoy and let it develop your brain and use it against your kike government,1,17929392_gab,"[""Jewish""]"
every kike needs to be baptised,1,25354844_gab,"[""Jewish""]"
i am a nigger rabbi who sells bacon,1,13912847_gab,"[""African"", ""Jewish""]"
sorry mate my comment was more so aimed at the self professed kike killer,1,24033780_gab,"[""Jewish""]"
free weev we need another ruby ridge torba is a faggot kike,1,12475012_gab,"[""Homosexual"", ""Jewish""]"
a jew did not tell the truth some kike sympathizing cuck shilled and virtue signalled and then a kike reposted it and called it truth,1,25855002_gab,"[""Jewish""]"
the detroit lions revoked a season ticket holder tickets because he said nigger on twitter but they insist their players are allowed to express themselves freely so long as that expression is jew approved i gather the nfl hates you,0,12585712_gab,"[""African"", ""Jewish""]"
shuttener of kike banks,1,16129041_gab,"[""Jewish""]"
welfare is a kike scam to enable niggers like you to sponge off of the system it was pushed upon the country unwillingly and has been causing constant turmoil and misery ever since it should be abolished completely what else have you got for me you jew fellating ignoramus,1,15762396_gab,"[""African"", ""Jewish""]"
holy shit the ugly kike at the end,1,27150859_gab,"[""Jewish""]"
non white and kike we are coming for you a white revolution is on its way,1,14035101_gab,"[""Arab"", ""Jewish""]"
the kike shill psyop ricky vaughn has deleted his post where he stated white identity does not exist so i will post the screen shot here now ask ricky tkr get gassed faggot,1,22967436_gab,"[""Homosexual"", ""Jewish""]"
monday kike nigga kike tuesday nigga kike nigga wednesday kike nigga kike thursday nigga kike nigga friday kike nigga kike saturday nigga kike nigga sunday kike nigga kike repeat yawn,1,23637308_gab,"[""African"", ""Jewish""]"
lets fight the kike,1,17973079_gab,"[""Homosexual"", ""Jewish""]"
haha holy fuck just try not to say that guy name in a squeaky hobgoblin yid voice 😂 😂,0,22188689_gab,"[""Jewish"", ""None""]"
more kike lies could not even find his body yet those cocksmokers tell us they have his fucking dna esad thank nature for the tay sachs,1,18990407_gab,"[""Homosexual"", ""Jewish""]"
god damned kike whore cunt so sure that none of those cowards could ever get to her in her hymiewood mcmansion,1,10733286_gab,"[""Jewish"", ""None"", ""Women""]"
dirty kike we have to gas them all just to make sure,1,17016811_gab,"[""Homosexual"", ""Jewish"", ""Women""]"
that sarah press <user> the resident wannabe high brow kikess,1,13329120_gab,"[""Jewish""]"
<number> hours remaining of my <number> day ban on twitter my next move is to completely overwhelm twitter thought police with hate speech allegations for everyone who is a kike and especially the adl,1,18517477_gab,"[""Jewish""]"
trump playing 4 d chess or just being a filthy kike stooge,1,20344700_gab,"[""Jewish""]"
beat it asshole i have already argued with enough kyke shills today,1,15036536_gab,"[""Jewish""]"
could someone explain to me why this kike is typing like a nigger i mean is the hasbara program so cheap that these jews are still using flip phones from the 9 0,1,17529758_gab,"[""African"", ""Jewish""]"
the enemy is the jew do not take your eye off the target there would not be muzzies flooding london if it wasn t for the jews,1,26476649_gab,"[""Islam"", ""Jewish""]"
dude you are a fucking idiot skepticism nihilism and trying to gaslight me are not arguments miss me with that kike shit,1,23069299_gab,"[""Jewish""]"
get fucking gassed kike,1,11011726_gab,"[""Jewish""]"
all high level bolsheviks were <percent> kosher the only russians involved were low level muscle golden rule if a kike says it it will almost always be a lie,1,15990140_gab,"[""Jewish""]"
meet the jew brainwashed nigger who brought down the nfl by trying to bring down whitey maga white genocide alt right jewish war on whites nfl kaepernick,1,12470828_gab,"[""African"", ""Jewish""]"
i do not do it all the time sometimes i just say kike and do not respond afterwards,1,22124962_gab,"[""Jewish"", ""None""]"
ira because i cannot get behind christians killing christians without fellow white people involvement especially considering the ira never once said a bad word about infinite nigger migration and the rapes that came with it,1,15730351_gab,"[""African"", ""Jewish""]"
some fuckin kike does not know what free speech is,1,11632794_gab,"[""Jewish""]"
<user> <user> <user> sure numbers of the holocaust are probably inflated your religion is still bs,0,1179009626588745728_twitter,"[""Jewish"", ""None""]"
vote conservative if you do not want a nigger for a neighbour if you do not want a yid vote labour,1,24549572_gab,"[""African"", ""Jewish""]"
lmfao the retardedness yo actually stabbing a fucking real kike is not larping you muppet come on <user> ‍ you are not sending your best to bullycide us,1,19159387_gab,"[""Disability"", ""Jewish""]"
stupid meme delete now dont you dare put a kike on the boss face not even joking delete now,1,12208265_gab,"[""Jewish""]"
camel kike spitting on aryan woman,1,17027156_gab,"[""Arab"", ""Jewish""]"
free speech yet he banned for his speech pretty gay if you ask me also that kike doug mackey is not right wing he a subversive antifa level faggot,1,23323165_gab,"[""African"", ""Homosexual"", ""Jewish""]"
people that think that they have a personal relationship with talk to a fictional kike pervert pacifist on a stick are insane perverts by dictionary clinical definitions most people are insane it is a matter of degree,1,10034563_gab,"[""Jewish""]"
i do not just hate kikes i hate kikes and kike accessories,1,18235429_gab,"[""Jewish""]"
<user> ‍ the jews are controlling my weather again i am a get that kike alf for this shit you with me <user> ‍,1,22222578_gab,"[""Jewish""]"
if u freinds wit a jew or nigger den u ain t no freind of mine,1,15165556_gab,"[""African"", ""Jewish""]"
so fucking sick of that kike zuccerberg and his jew bullshit,1,11094794_gab,"[""Jewish""]"
i have not once used a single kike source for anything the fact that you automatically assume that anybody who disagrees with herodotus is a kike says something about you i am merely referring to german historians who had disproven herodotus accounts by the mid 1 6 0 0,1,25925813_gab,"[""Homosexual"", ""Jewish""]"
lol kike,1,17711892_gab,"[""Jewish""]"
two questions <number> how did you get a picture of my dick <number> who the fuck put a kike star on it,1,7756008_gab,"[""Jewish""]"
i would say that the majority of shitty whites that behave like that are living under a kike enforced degenerate rule that celebrates the nigger as the height of culture while demonizing natural folk beliefs and traditional views i would say they have had it forced on them,1,14277483_gab,"[""African"", ""Economic"", ""Jewish"", ""Other""]"
are we really this stupid as a species europe is turning into a muzzie infested hell hole but o the royal kikes are getting married let us celebrate o boy 😒,1,25905133_gab,"[""Arab"", ""Homosexual"", ""Islam"", ""Jewish"", ""Refugee""]"
this is a really interesting excerpt from planet faggot but back on the real world it pretty obvious you are a kike shill trying to pilpul your way out of humiliation very talmudic of you bro check with your local rabbis for help to avoid this beatdown next time,1,26721459_gab,"[""Jewish""]"
so it ok to dox a kike but not someone he supports,1,26910410_gab,"[""Jewish""]"
color me shocked just another degenerate heeb for ya,1,16750798_gab,"[""Islam"", ""Jewish""]"
that happened when you allow a rat yid in your country,1,21814284_gab,"[""Jewish""]"
nope not even remotely interested in kike religion,1,25934380_gab,"[""Jewish""]"
chad makes all kinds of stupid kike threats,1,13908244_gab,"[""Jewish""]"
smallest amount in the kike bowl,1,13675592_gab,"[""Jewish""]"
i know this one i was browsing twitter and saw this very kike had been caught lying that she was a christian she gave no response after being confronted on it a literal fellow white person,1,18969876_gab,"[""Jewish""]"
this lil yid pig should be sued by the <number> million he fucked over with their info and strip him clean of every penny and life in prison dirty lil fuckin snyde rat and i am being nice 😇,1,22355751_gab,"[""Jewish"", ""None""]"
zuckerberg loves live streamed violence such as gang rapes the pitiful jew cunt but call a wetback a wetback and you get <number> days fucking psycho,1,7020770_gab,"[""Hispanic"", ""Jewish"", ""Women""]"
<user> is going to let pedos run freely on gab advocating for child fucking but if you think nigger and jew rapists that want you enslaved and your kids raped should be killed you are the bad guy,1,16070530_gab,"[""African"", ""Jewish""]"
what does this nigger know about growing up irish catholic in boston niggers and kikes pretend we whites bully and oppress our women nothing could be further from the truth this is wholesale racist discrimination and defamation and we are going to put a stop to it,1,13606830_gab,"[""African"", ""Jewish""]"
i like how the jew is losing so its using a fat nigger to talk shit always remember nigger the jew slaved you not the white man filthy nigger,1,12907285_gab,"[""African"", ""Jewish""]"
i think it is because you are full of shit and refuse to budge on the kike narrative that you have been brainwashed to believe is the only way forward,1,20906157_gab,"[""Jewish""]"
last nights black lighting show ov yea such miscasting jewy jewnose is the white guy forcing <number> niglets to deal drugs but blond hergerman is the comet pizza guy keeping powerful niggerette girls trapped in his basement pizzagate seriously visit dc sometime <user> <user> <user> <user> <user> ‍,1,25605196_gab,"[""African"", ""Jewish"", ""None"", ""Women""]"
imagine thinking you are not in a race war already all this anti white propaganda the media spits out everyday is not real goyim go tell this nigger <user> ‍ says he should put a maga hat on,1,19159665_gab,"[""African"", ""Christian"", ""Jewish""]"
i am a proud nsdap member nazi was a kike slur i will not wear it nsd ap,1,13265405_gab,"[""Jewish""]"
this kike does not understand someone help her,0,13791088_gab,"[""Jewish""]"
y sus <number> millones de payasos falsos solo se le ocurren a este hijo de perra kike,0,24604125_gab,"[""Jewish""]"
mike enoch got his ass handed to him by a kid yid today his debate performances are worse than his work out routine,0,25725788_gab,"[""Jewish"", ""None""]"
god of israel is a faggot he a joke,1,1179105689186242561_twitter,"[""Arab"", ""Christian"", ""Homosexual"", ""Jewish""]"
that because those tv students are jewish actors as is sheriff israel and the shooter himself the spic chick is just a spic,1,20219963_gab,"[""Hispanic"", ""Jewish""]"
who said that breeders can not be fighters contrary to what scheming kikes will tell you good women still exist and men can be warriors and fathers simultaneously mgtow is just another kike ploy to discourage whites from breeding jews always play both sides fighting zog involves making babies,1,15544962_gab,"[""Jewish""]"
that britain new fab four then a jew a nigger a ginger a bald ganch groovy,1,20710962_gab,"[""African"", ""Jewish"", ""Minority""]"
the heeb fears the muramasa,0,20318223_gab,"[""Jewish"", ""None""]"
ass in the air lodi take every inch of depravity your masters want to give you take it all ya lil faggot btw the 1 st amendment applies to everyone not just thin skinned boomer queers and leftists you do not like gab 🐸 gtfo,1,20994284_gab,"[""Homosexual"", ""Jewish""]"
goes against the kike narrative goy,1,24873800_gab,"[""Jewish""]"
<user> the future of the world is jews calling each other nahtzees until eventually there is not enough bandwidth left for the parts of the internet that keep logistics working and we all starve to death as planes fall from the sky hopefully,0,1179086983089594368_twitter,"[""Jewish"", ""None""]"
europe is being destroyed by the kike eu which is run by the crypto kike juncker to destroy whites,1,19658925_gab,"[""Jewish"", ""Other""]"
♫ after debris settles and the dust gets swept off young hwytes pick up where big a had left off right when kike magazines wrote the west off we used the internet for something better than to jack off ♫,1,13987009_gab,"[""Jewish"", ""Other""]"
i probably ended up another kike list somewhere lolz yeah no doubt plus jews like to keep tabs on us nazis idk why it not as though we are coming for them to put them in the ovens yet,1,21214738_gab,"[""Jewish""]"
aryan goddess taylor anti kike forcefield,1,13375491_gab,"[""Jewish""]"
lets not as far as im concerned youre a kike working in tel aviv using kike circular non argument tactics to make the far right look silly as an effort to make sure no one effectively opposes white genocide,1,20049808_gab,"[""Jewish""]"
other than ted bundy i have never heard of a violent criminal voting republican republicans should be doing everything in their power to keep felons from voting and if kike judges make that impossible keeping felons in prison imo republicans advocating for muh prison reform is political suicide,1,19513796_gab,"[""Jewish""]"
did not you have to leave for work hours ago you shit tier kike lol tell your hooknosed bosses to send someone better before your shift ends,1,15824604_gab,"[""Jewish""]"
two of the people i am really getting sick and tired of seeing as guests on these evening news programs are that wild eyed gook malkin and the physically retarded jew krauthammer i change the channel when they come on there are others the list is growing,1,8525782_gab,"[""Asian"", ""Disability"", ""Hispanic"", ""Jewish""]"
you do not need to shut up i like when you talk exposes you as the kike loving shill that you are,1,25138131_gab,"[""Jewish""]"
says the kike cunt trying to charge for premium content how that working for you 😆 obviously nobody gives a fuck what you have to say cuz you are a fucking joke go blow some wetbacks behind the burrito stand and you might make a buck lick balls heebhole premium cunt contributor,1,21419884_gab,"[""Hispanic"", ""Jewish"", ""Women""]"
nigger is not something we use it just is not but since they say we can not say it i like to show them that we can see miracles do happen i think the <number> big dirty words are nigger kike cunt and broke,1,9827968_gab,"[""African"", ""Jewish"", ""Women""]"
weinstein amazon vox gq the left is eating itself right now the deathmatch du jour is lecherous kikes versus cat ladies we need to meme a race war between nigs and beaners for <number>,1,13600554_gab,"[""African"", ""Hispanic"", ""Jewish""]"
he spelled prophet as profit lol you are talking to a kike bro,1,14899318_gab,"[""Islam"", ""Jewish"", ""None""]"
ur nazi ur nazi u am nazi is usually the only argument the kike can come up with they are never able to come up with anything to say to try to prove the other person wrong,1,17179582_gab,"[""Jewish""]"
i think the one she replaced was actually a conservative and the show kike producer replaced her for that,1,13438443_gab,"[""Jewish""]"
apparently cannot read either stormer women are off limits to kike mediatards,1,14046032_gab,"[""Jewish""]"
girls dont exist on the internet stop spreading kike lies <number>,1,7930207_gab,"[""Jewish""]"
i intensely dislike jews i am not going to link up with a filthy white hating nigger who also dislikes them just because he nods to the fuhrer,1,15859370_gab,"[""African"", ""Jewish""]"
this little kike is a good little donkey american,1,27015103_gab,"[""Jewish""]"
purple commie zhid from russia has arthritis and mental disability so to kick someone he needs lots of calcium and zoloft,0,27716368_gab,"[""Jewish"", ""Refugee""]"
dolezal is one of ourwimmin trollin the kike system only niggers get special benefits well guess what hymie i too am tyrone johnson,1,26344844_gab,"[""African"", ""Jewish""]"
hey leave <user> alone his wife may be a horse faced kike but i personally saw chad punch a nigger square in the face at cville for a fat homosexual diabetes pusher he based,1,13660502_gab,"[""African"", ""Homosexual"", ""Islam"", ""Jewish""]"
the globalist eu jew whores are sneering at trump his halt of the sand nigger immivasion because he exposing them to be the weaklings cultural marxist cowards they are,1,4606380_gab,"[""Arab"", ""Jewish""]"
how can the kike apologist negate this one you can not admit it they are scum everything you learned in school except math and grammar was a lie,1,24476033_gab,"[""Jewish""]"
aa the direct appeal to the most base human desires is a cheap kike trick and it the reason that people call jews the devil and satan,1,12729501_gab,"[""Jewish""]"
yeah no feminism is kike mind poison inserted into the easily malleable female brain with the goal of undermining the white man,0,15699175_gab,"[""Jewish"", ""Women""]"
<user> no wonder you are charging for tweets stereotypical kyke behavior spy and propagandize the goys but remember to charge them for you fuckin oven nigger,1,15032941_gab,"[""African"", ""Homosexual"", ""Jewish""]"
zecharia sitchin is what happens when an autistic kike finally goes batshit crazy,1,18903937_gab,"[""Jewish""]"
kike vs kike <happy>,1,27920036_gab,"[""Jewish"", ""None""]"
why can not i hold all this projection i could say the same exact thing considering i gave you actual data and all you did was go no race isn t fucking real i said so go back to your oven you filthy kike,1,18823962_gab,"[""Jewish""]"
the only kike here is you,1,12009892_gab,"[""Jewish""]"
can someone please find out if this judge is one of them looks like a crypto faggot kike to me,1,26428645_gab,"[""Homosexual"", ""Jewish""]"
solve the kike problem and solve the muslamic problem without having to exterminate <number> billion savages that were confined to their desert shitholes for over two centuries prior to the christ killers facilitating their entry to white nations <user>,1,27394474_gab,"[""Islam"", ""Jewish""]"
what about the child raping kike that was their advertising front man i cannot imagine that good for business,1,16647204_gab,"[""Jewish""]"
fuck you you fucking faggot degenerated kike parasite anti white c we are going to wipe you from the face of this earth you better pray there is not a war soon,1,25858883_gab,"[""Homosexual"", ""Jewish""]"
ot has someone a quote by this sarah press <user> kike about her catholic german boyfriend one of my followers was asking and i could not find one handily,1,12918517_gab,"[""Jewish"", ""None""]"
money grubbing filthy kike in panic mode he has to refund shekels,1,18326112_gab,"[""Jewish""]"
well some kike called me psychopathic once and i have read seige so,1,23014347_gab,"[""Jewish""]"
kate brown is a kike whore oregon was a nice state now its cess pit this bitch should pushed down the stairs when everyone is looking,1,24281913_gab,"[""Jewish"", ""Women""]"
<user> given that he <percent> of the globalists top <percent> are kikescum and that the dictatorship ruling over americans is largely comprised of jewfilth perverts and criminals pace wikileaks and that the most powerful banking factions are mostly ratfaced yids,1,1520595_gab,"[""Jewish""]"
my problem with these kike lovers is not what they are not doing they are punching right that the problem if they want to keep their fuckin mouths shut fine,1,10763688_gab,"[""Jewish""]"
someone she has not muted should really point out to ion that sinead is a proud mudshark and kikelover,1,23895200_gab,"[""African"", ""Caucasian"", ""Jewish"", ""Other"", ""Women""]"
assuming we are on the same side edgy morons like yourself are the enemy have fun alienating people who do not worship your kike on a stick,1,27997868_gab,"[""Jewish"", ""Other""]"
figures that this homo would promote kike behavior while saying kikes abhor it and blaspheme at the same time ion,1,15121539_gab,"[""Homosexual"", ""Jewish""]"
jews are a race of greedy little rat faced beady eyed hook nosed cunts atheism is an ideal about god do you honestly think the two are mutually exclusive that is some nigger level of brain power right there,1,20923810_gab,"[""African"", ""Jewish""]"
<user> or worse that dykes from livingston because he is a different option 🙈,1,1179057199865315328_twitter,"[""Homosexual"", ""Jewish"", ""None""]"
he rattled a kike,1,26432575_gab,"[""Jewish""]"
<user> interesting analogy the new world order globalists are jews trying to create hell on earth communism pedophilia homosexuality to bring forth their messiah mother goose of all fables now they label her as a successor of christ will they kill her like they killed christ,1,1179100968660717568_twitter,"[""Jewish"", ""None""]"
call <user> a kike or say hes a hero and he can not trip over himself fast enough to give you a platform but if you give him the suggestion perhaps he fundraise for charity to actually help child trafficking victims and you will hear such a profound silence,1,14963895_gab,"[""Jewish""]"
lol what a kike retard,1,20921931_gab,"[""Jewish"", ""Other""]"
jean is absolutely retarded and apparently a heeb dickrider,1,15219656_gab,"[""African"", ""Jewish""]"
i doubt that filth fucking bolshevik kike said that,1,24615935_gab,"[""Jewish""]"
trulay a pathetic unfunny zhid cunt,0,12787655_gab,"[""Jewish"", ""Women""]"
destroy this kike run organization and the jumping monkeys they own,1,14811469_gab,"[""Jewish""]"
so according to kike shapiro <number> out of <number> dead and <number> injured being members of hamas justifies everything,0,25711501_gab,"[""Jewish""]"
i gained <number> followers from this kike lovers post thanks faggot,0,21056476_gab,"[""Homosexual"", ""Jewish""]"
but that you can not even articulate kike what is yes a kike is anyone who signals against myself or any other alt right person who only exposes jews and my posts judaism v the world among other posts have brought you to my timeline kike,1,15465826_gab,"[""Jewish""]"
then quit talking like a kike yenta ya fat pig the world is chock full of pieces of shit white race traitors like you cunt,1,25903878_gab,"[""Caucasian"", ""Jewish"", ""Other""]"
who cares what is popular what are you <number> kikes want you and your children dead this is well known but i bet you are still watching nigger ball and hollywood garbage,1,22312249_gab,"[""African"", ""Jewish"", ""Minority"", ""Other""]"
man you really suffer from schizophrenia that gibberish even here scary muting u you are crazy unstable mentally ill like typical yid and a school shooter,0,26868854_gab,"[""Jewish""]"
you are officially a nigger or jew or oven middle class if you use the phrase white trash,1,18948105_gab,"[""African"", ""Jewish""]"
shut up you dumb kike,1,27110145_gab,"[""Jewish""]"
mane fuck you all kike,1,18321938_gab,"[""Jewish""]"
even a down syndrome kike knows the torah was written during captivity in babylon compare the myths,1,27150234_gab,"[""Jewish"", ""Other""]"
of couse the jewish qb gets traded to miami,0,1121949459716292608_twitter,"[""Jewish"", ""None""]"
the fucking kike sob banned my favorite youtube channel motherfucker we all listen to it at work everyday,1,20301314_gab,"[""Jewish""]"
aussies are gonna get a first hand lesson in hunger soon real hunger it fucking sickening what happened here and still the goyim cheer for sodomites streetshitters and muzzie pigs i hate to say it bit if shit does not change soon they deserve what coming,1,14660398_gab,"[""Islam"", ""Jewish"", ""None"", ""Other""]"
<user> you killed it man great job verbally shoving that kike in the oven you are a fucking hero,1,25589782_gab,"[""Jewish"", ""Other""]"
agreeing with a kike,1,21646935_gab,"[""Jewish""]"
getting sick of not taking action everyone a kike,1,13055176_gab,"[""Jewish""]"
philippines is over <percent> moslem and marilou danley has a southern mindanao face they will not release her maiden name someone needs to search flip media for it because they will find it before western kike media,1,12914760_gab,"[""Islam"", ""Jewish""]"
milo something faggy public he so provocative altright gas the filthy kike milo something edgy public he so altright altright gas the filthy kike milo something pedo public wait what altright lol told ya milo gate,1,5412068_gab,"[""Jewish""]"
i agree <user> you are yet another kike compromised piece of dog shit this is just another data mining site that removed the capability of communication between brothers and sisters the war is hot 😠,1,27263628_gab,"[""Jewish""]"
if all the kike news networks have pretty faces with empty heads reading their teleprompters why can not we have hotter smarter ones,1,15889662_gab,"[""Jewish""]"
shifty jew changes his mind decides he really a retarded nigger,0,10813584_gab,"[""African"", ""Disability"", ""Jewish""]"
whites enslaving whites is white mans affairs in how we conduct our nations and our forefather outlawed slavery in europe beginning in the 1 8 th century jewish niggers enslaving whites for your nigger brethren is a trespass no matter how you wish to justify it <number>,0,15806094_gab,"[""African"", ""Jewish""]"
ancient made up european gods and ancient made up kike gods are the exact same thing if you are not worshiping actual god you are worshipping someone else that someone else is satan does not matter if you call him moloch odin or your ancestor spirit different names same being,0,15836567_gab,"[""Jewish""]"
i checked my genes and i am <percent> white can i say im just from one nation no but my race is pure would i change my mind about them if i had yid or neger dna i dont think so i hate ideology more then skin color,0,25129722_gab,"[""African"", ""Caucasian"", ""Jewish""]"
lol we are triggered because we were banned from everywhere else because we hurt libs feelings too frequently and we are told that hurt feelz is worse than murder nice try kike,1,15729814_gab,"[""Jewish""]"
both versions whether censored or not are still written by the fucking kikes to pussify gentiles the kike know that there no such thing as god they made him up,1,24968577_gab,"[""Jewish""]"
no he does not he fucking hates trump the kike is gaslighting you,1,15941612_gab,"[""Jewish""]"
kike spic nigger faggot allah sucks kid dicks jews did <number> <number> white power 4 th reich hitler did nothing wrong,1,11624742_gab,"[""African"", ""Homosexual"", ""Islam"", ""Jewish""]"
jews have a tendency to out themselves knowingly or not especially to the erudite goyim listed above however they should absolutely wear the yellow star both as a badge of shame and as a warning to whites who are not as adroit at identifying kikenvermin from their words,1,17178016_gab,"[""Jewish"", ""Minority""]"
i detest abortion even regarding negro enemy babies call me a softie as with them though if some beaner wants to kill their kid i will not lose a great deal of sleep they do not need to be invading and populating america,1,24097574_gab,"[""African"", ""Hispanic"", ""Jewish"", ""Refugee""]"
cut to cubs postgame crew on nbc sports chicago and it a jew a spic and a kneegrow for a team that ll get the vast majority of its offense and pitching this year as usual from white players and whose fanbase is overwhelmingly white,1,23192371_gab,"[""African"", ""Hispanic"", ""Jewish"", ""Minority""]"
nonsense obama could do what he wanted because there was no opposition and no judges over ruling him trump is opposed by dems republicans all levels of judges the media the bureaucracies the deep state and his own kike cabinet and shysters and family,1,22347127_gab,"[""Jewish""]"
strangely enough the idea that he consumes extraordinary amounts of artificial sweetener was the first thing the kike media has said about trump that gave me pause,1,16058746_gab,"[""Jewish""]"
a sentiment we should all hold we do not run that what the r selected kikenvermin leftists do no we stand and fight for our nation and by extension our race blood and soil,1,19110403_gab,"[""Jewish""]"
so it a desert kike instead of a european one that wrote it duh it does not matter they are all jews,1,19589481_gab,"[""Jewish""]"
lololol do not comment above your paygrade kike,1,25277773_gab,"[""Jewish""]"
the politic boys keep chimin in on my culture war it would be nice if they kindly fucked off and stop counter signaling my kike gassing,1,19407319_gab,"[""Jewish""]"
more substance than anything you are ever going to post you disinfo kike,1,26726148_gab,"[""Jewish""]"
the gook hooker gets lots of shekels from heebs,1,24824526_gab,"[""Asian"", ""Jewish""]"
wow never had such a busy evening until now bluehand family joining gab in droves here all free speech is welcomed if snowflake soy boy leftie sjws are not content with mute or stop follow then they can fuck off to dhimmi moslem cock sucking twatter,0,15078775_gab,"[""Christian"", ""Islam"", ""Jewish"", ""Men""]"
you know nothing about our uncle except whatever jew fantasies are out there and if ya wanna go that tactic you must side with the antifa faggots since they hate nazis also go be a kike somewhere else,1,18524079_gab,"[""Homosexual"", ""Jewish""]"
you have printed a story claiming a man is a jew with no proof whatsoever but the word of a leftist gook gawker hack and his leftist mother who was threatened and gaslighted this is some real pulitzer shit here bro,1,17266261_gab,"[""Asian"", ""Jewish""]"
that would be because muslims are disgusting and i want them out of my lands note they would not even be in my lands had the jew not brought them but you will ignore this because it does not fit your kike narrative,1,15167203_gab,"[""Islam"", ""Jewish""]"
then you pay for the military doing the kike bidding i will not the ag works at the president leisure he can tell the ag to arrest them,1,24817947_gab,"[""Jewish"", ""Other""]"
ur a kike,1,27479700_gab,"[""Jewish""]"
<user> dead jews got me feeling cute might seig heil later idk,1,1179091307270168577_twitter,"[""Jewish""]"
israel is not scary meddles in world elections including the us da goat fuckers are da problem the reason you have goat fucker problems is cause you got hook nosed shekel counting kike problems,1,22707489_gab,"[""Arab"", ""Islam"", ""Jewish""]"
lots of us have been reading ds for chuckles even mischlingen he does some funny stuff at times if you mentally filter out kike this and kike that,1,11749763_gab,"[""Jewish"", ""Other""]"
dont comment above your pay grade in future do some research kike lover,1,18743168_gab,"[""Jewish""]"
that rouge jewess as if there is any other kind called for complete genocide of palestinians her name is ayelet sheked when she does not call for genocide of people she stole land from she whinies about holohoax typical kike shenanigans disgusting rats,1,16883592_gab,"[""Asian"", ""Jewish""]"
ha ha ha reminds me of the hate mail from calgary being sent to synagogues of satan this kike commie double speak and double think p*sses <censored> me off,1,16722976_gab,"[""Islam"", ""Jewish""]"
yeah i got to about just over <number> followers and got shoahed for criticizing amy schumer being cast as barbie and just never bothered to return and surprise surprise i was correct and they nixed that kikey plan but whatevs <happy>,1,14030104_gab,"[""Jewish""]"
fuck you trump just fuck you and your kike ass first bitch,1,25789788_gab,"[""Jewish""]"
podhoretz is kike trash that needs a horrific reckoning,1,14949935_gab,"[""Jewish""]"
yea i bet a white nationalist is a real big traitor or maybe i do not like a kike puppet who doing nothing on immigration you retard,1,24894439_gab,"[""Disability"", ""Jewish""]"
so i am not white because i want whites to live in a world free of non whites and am willing to use any means necessary to ensure that goal you outright want to murder whites to prove how pro white you are that the same reasoning that the kike weev used,1,25296749_gab,"[""Jewish""]"
lying kike filth the false dichotomy here is your false dichotomy between capitalism that mistreats workers and marxism guess what kike there is a capitalism by which workers and owners are complementary fascism,1,24307910_gab,"[""Jewish""]"
fugly lezbian jews like this are why im cool with domestic violence with the kind of attitude and birdbrain this jew broad has im willng to bet anything that either a male or butch dyke husband is gonna wind up punching her til she shits out her bones 🙄,1,12771315_gab,"[""Homosexual"", ""Jewish"", ""Women""]"
cernovich race mixes and does tabloid journalism regardless of his fellow white person status cerno in every sense is a bugman he raising chink kids he pro sodomy and pro homosexual a former tranny lover he got a rap sheet a mile long and you and i both know it,1,15872881_gab,"[""Asian"", ""Jewish"", ""Other""]"
what the fuck does matt heimbach think he doing is he really punching right for a kike publication,1,17265419_gab,"[""Jewish"", ""Other""]"
some butthurt kike reported this display picture i can not understand how it violates any of twitter rules tho,1,17382671_gab,"[""Jewish"", ""Other""]"
lol another salty kike,1,25800722_gab,"[""Jewish""]"
post that kike star again and you can wear them in the oven,1,16980692_gab,"[""Jewish""]"
smoke signals ala kike style 🔥 💨,1,27256820_gab,"[""Jewish""]"
wow this d bag if he not a kike he might as well be one geezus,1,17827115_gab,"[""Jewish""]"
you type like a nigger but your message is pure kike are you a niggerkike,1,17179923_gab,"[""African"", ""Jewish""]"
no that would be the second person he described as in the curry nigger that married to a kikess israel supporter keep up shitheel,1,26170727_gab,"[""African"", ""Indian"", ""Jewish""]"
<user> he cannot be alt right for so many reasons faggy kike coalburner not a chance hahahah,1,3367209_gab,"[""African"", ""Homosexual"", ""Jewish""]"
muh kike on a stick so edgy,1,13587865_gab,"[""Jewish""]"
this is what <number> years of kike brainwashing does to white kids sad,1,19658982_gab,"[""Caucasian"", ""Heterosexual"", ""Indigenous"", ""Jewish"", ""Men"", ""Minority""]"
eat shit you spamming kike,1,19801022_gab,"[""Jewish""]"
why do you have that kike shit tavor,0,20215097_gab,"[""Jewish"", ""None""]"
i only ask because if it a nigger than i care a little less back to your parenting theory nonsense parenting literally applies when you are well a child parent if someone said gas these jew babies i was like meh that would not be bad parenting,1,8279790_gab,"[""African"", ""Jewish""]"
on point it all kike mercinary work,1,22398230_gab,"[""Jewish""]"
good points i kike this post very much,1,19581918_gab,"[""Islam"", ""Jewish""]"
billy graham an amiable recycled kike salesman who withheld the most significant thing he knew from his assemblies of dunces,1,20332357_gab,"[""Jewish"", ""Minority""]"
sounds like a kike to me,1,20748901_gab,"[""Jewish""]"
while the palestinians protest against jewish dictatorship ruling their country this kike rants about caring for muslims all of a sudden,1,17068058_gab,"[""Islam"", ""Jewish""]"
trump is a pedophile kike verified power user,1,6305207_gab,"[""Islam"", ""Jewish""]"
silverstein has shown his true colors as a kike shill <user> ‍,1,23331731_gab,"[""Jewish""]"
i did not realize that <user> was still taking up valuable airspace on the radio i am thinking we probably need more leaders <user> as opposed to more self absorbed entertainers kike cantwell and anglin,1,27434482_gab,"[""Jewish""]"
yep i knew you were a kike you are promoting a conspiracy between trump and putin that never existed gas yourself my commie kike,1,23558286_gab,"[""Jewish"", ""None""]"
pretty sure that the best counter to the kike on a stick argument,1,27360202_gab,"[""Jewish"", ""None""]"
another poser i was a trump supporter but not now get the fuck off the train you fucking fake ass mother fucker schultz that jew is not it would not expect anyless from a kike,1,24739445_gab,"[""Jewish"", ""None""]"
joder los eeuu me estais poniendo tostao solo k me gustais y soy de jesús de borrar vuestrro mindo kike solo eso,0,24569622_gab,"[""Jewish"", ""None""]"
as a honky mofo i hate honkies who hate other honkies just because they hate being honkies they ownselves sad is not it let us get a movement going move to mecca that should work well for lgbt and jews,0,12195162_gab,"[""Caucasian"", ""Homosexual"", ""Jewish"", ""None""]"
this article could be used to create a gab kike bingo game sheet similar to this dindu twitter board,1,11516513_gab,"[""African"", ""Jewish""]"
antifa faggots love nigger ball,0,19264885_gab,"[""African"", ""Homosexual"", ""Jewish""]"
i smile when i see lgbtq jews same with mudshark jews breed em out of existence the only good jew is a queer jew japs ❤️ bbc,1,26269323_gab,"[""African"", ""Caucasian"", ""Homosexual"", ""Jewish"", ""Women""]"
is he taking lessons from penis juice and his kike handlers 🤔 that a great example of reaching across the aisle so to speak if true,1,12894603_gab,"[""Jewish"", ""Minority""]"
its called being a pleb with no technical or rhetorical skills dont give me that crap about being busy when you seem to have plenty of time to troll my crew acting like a hasbara kike shill shaking your fat fists at everyone to the right of stefan molyneux,1,26185198_gab,"[""Arab"", ""Jewish"", ""Minority"", ""Refugee""]"
wu neva seen it put like this but fuggin nails it the kike house of cards is wobbling as we speak,1,24340362_gab,"[""Jewish""]"
and the author is a ratfaced kike faggot absolutely shocking,1,18481914_gab,"[""Homosexual"", ""Jewish""]"
dood dat nigga litterally got a kike on tv to say shuddit down nigga dat top kek,1,18350404_gab,"[""Jewish""]"
if that supposed to be a threatening message i am not frightened i am not frightened by a human filth sewer rat named joe with a dutch surname born in <date> i do not fear him so if this is a filthy kike trying to frighten me it not working,1,15057963_gab,"[""Jewish""]"
he a midget kike yeah been known for a while on the right and everyone who agreed he was a midget kike got banned from all the alt right forums,1,22239165_gab,"[""Disability"", ""Jewish""]"
better believe the kikes are behind these nigger attacks,1,24226606_gab,"[""African"", ""Jewish""]"
yeah you are filthy little bone smoking kike,1,20887656_gab,"[""Jewish""]"
is this a sin for a yid to sue another yid,0,27716611_gab,"[""Jewish"", ""None""]"
at least i made an impression lol there will not be a mute feature in that gas chamber you heeb whore,1,11466858_gab,"[""Jewish""]"
the kike code is the death of white western civilization,1,24438781_gab,"[""Caucasian"", ""Jewish""]"
good luck firing him he will find a kike lawyer and sue on the grounds that he was fired because yu iz rayciss,1,18436011_gab,"[""Jewish""]"
you can go free speech on your kike platforms like kikebook jews are not even human talmudic moloch worshiping christ killers,1,10989570_gab,"[""Jewish""]"
a bullet in the brain of a kike works too and it faster,1,20704125_gab,"[""Jewish""]"
why does some nigger hang with white people vs helping its own kind sounds like a jew plant,1,12955204_gab,"[""African"", ""Jewish""]"
but the jews did not believe concerning him that he had been blind and received his sight until they called the parents of him that had received his sight john <time> faith bible god,0,1178923049820643328_twitter,"[""Christian"", ""Jewish"", ""None""]"
was the mad muzzie with a sword outside buckingham palace a uber driver we need to know,1,11249320_gab,"[""Arab"", ""Islam"", ""Jewish""]"
if that silver is not an ovenable rat faced kike i do not know what is,1,25346126_gab,"[""Jewish""]"
meanwhile the rat kike mark levin is ranting about muh free trade and protectionism,1,3639199_gab,"[""Jewish""]"
what are you a pathetic loser who jacks off to a mudshark who would not piss on him if he were on fire hit up her patreon goy she might notice you lol,1,15595723_gab,"[""African"", ""Caucasian"", ""Heterosexual"", ""Islam"", ""Jewish"", ""Women""]"
astute analysis an internal kike war while maintaining the destruction of the goyim only the seed of satan could manage such a task,1,15990803_gab,"[""Jewish""]"
wherever there is a tribe of jews living in an area that area is gonna be fuckt up full of fags nigger lovers mudsharks cucks and mental morons jews easily brainwash most whites into hating themselves,1,18868841_gab,"[""African"", ""Disability"", ""Homosexual"", ""Jewish"", ""Minority"", ""Women""]"
here we have a my fellow whites and the kike cries out in pain <number> for 2 fer lol the persecution of the jews will always remain one of life greatest mysterious,1,27546625_gab,"[""Jewish""]"
given that they backstab each other like skaven but do not have the numbers to repopulate from screwing each other i say the muzzies because they breed like the skaven,0,19789502_gab,"[""Islam"", ""Jewish""]"
<user> wignats secretly jealous of the jews because they have an ethnostate and they do not lmao,0,1179063129067659265_twitter,"[""Jewish"", ""None""]"
of the <number> moslem terror attacks in germany this week bbc has reported on <number> as someone from former yugoslav republic with mental health problems hes a kosovan muslim immigrant with no mental health problem other than being moslem,1,6016299_gab,"[""Islam"", ""Jewish""]"
as i have said before if you have not been called a kike nigger faggot on gab you are doin it wrong <happy> i hope you get better soon flu sucks,1,19580240_gab,"[""African"", ""Homosexual"", ""Islam"", ""Jewish"", ""Men""]"
when they leave they need to begin revoke permission to be in the country and begin mass deportation along with moslem spay and neuter program,1,25417107_gab,"[""Islam"", ""Jewish""]"
you are an illiterate kike apparently ey <wink>,1,19399571_gab,"[""Jewish"", ""None""]"
explain judeo christian history of previous english kings of christian faith also past jewish kings holding woman as man property how to protect some woman from rape laws of nature allow man to rape women do not molest a man wife like not to molest his horse,0,1179002091555164160_twitter,"[""Christian"", ""Jewish"", ""None""]"
its so fucked up that someone as smart as me gets brain cancer 🤔 that would be a like a jew getting wallet cancer or a nigger getting turd cancer ew,1,12503777_gab,"[""African"", ""Jewish""]"
in two tweets a naive cuck and midwit jew perfectly illustrate white jew relations cuck sees jewish listed twice on dnc tweet hmm sumptins fishy kike tries to shut it down anti semite cuck expects fairness and explains kike suck my dick harder goyim,1,17539352_gab,"[""Jewish""]"
why does british state tv produce content in arabic lol <user> i guess the uk wants out to have more muslims for themselfs we need a nationalist socialist eu which only makes sure that every nation is jew and nigger free and take cares of their traditions and its values,1,27997778_gab,"[""African"", ""Jewish""]"
that kike jewess totally inbred only another piece of garbage would ever sleep with her,1,15174706_gab,"[""Jewish"", ""None"", ""Women""]"
if islam is a religion of peace then why would there be a danger of violence in response to an embassy move because trump and his kike bosses are deliberately provoking the moslems that why,1,15736765_gab,"[""Islam"", ""Jewish""]"
it ok he is yid anyway,0,25854526_gab,"[""Jewish""]"
last night i was kind of drunk and held up a steadfast sieg heil the entire time some nigger was walking past me on the bus it was gratifying,1,11598944_gab,"[""African"", ""Jewish""]"
the church preferred communism to nazism because the latter had the potential to make them obsolete unlike stalin this kike butchers hitler took a far more tolerant approach only imprisoning priests believers when they opposed him knowing the appeal of racialism meant time was on his side,1,12052665_gab,"[""Jewish""]"
it would not take much for us to convert some garages into holding cells and begin arresting these kike servant politicians who are betraying us,1,15038989_gab,"[""Jewish""]"
roflmao you have nothing other than the lies your moronic nigger and kike bosses at fedcoat central told you to spout you dumbfuck forget there were dozens of war experts writing and researching years before you idiots destroyed the klan u fucks gonna destroy nigger lives matter too bye for good,1,17137733_gab,"[""African"", ""Jewish""]"
that poor guy fucking mixer nigger grand kids that as bad as that fucking moron trump with his mixer jew grand kids,1,20318172_gab,"[""African"", ""Jewish"", ""Other""]"
the world is waking up to trump the kike scam,1,25428247_gab,"[""Jewish"", ""Other""]"
i mean i guess they could do that i am just thinking that these guess are kike funded,1,21492394_gab,"[""Jewish""]"
so do alt lite jew and nigger loving faggots,1,12075675_gab,"[""African"", ""Homosexual"", ""Jewish"", ""Men""]"
are u for real absolutely who cares jews care intensely otherwise you would not have conspired to shut down anglin and his daily stormer in addition to 1 0 0 0 of other sleazy kike moves losers wars against israel wars fought for israel by american soldiers jews do not fight,1,17504619_gab,"[""Jewish""]"
in other jwo news trump plans to meet with kissinger yesterday that kike kissinger said he wants to nuke n korea,1,19509084_gab,"[""Jewish""]"
yeah that dumb nigger just took all the evil of the kikes and blamed the nazis for it and actually expected someone to believe it i would call him jidf but he is so stupid i can smell the nigger stench through my screen,1,16874612_gab,"[""African"", ""Jewish""]"
vox believes kristol foreign policy goals will always take precedence and he will move the goalposts as suits him vox is a dumpster fire but they got this part right other lefty kikes like tomasky see trump as an existential threat to kike hegemony and do not care about the details,1,15989475_gab,"[""Jewish""]"
i m glad ds is back on dailystormer top and no kike will ever hold our movement down,1,18946604_gab,"[""Jewish""]"
the whole reason we are here is to get away from kike faggots like you,1,15315340_gab,"[""African"", ""Homosexual"", ""Jewish""]"
did not this sick kike adopt a young asian girl for the sole purpose of fucking her i have heard something like that years ago remember that it got hushed up by the media real quick like 🤔,1,13286906_gab,"[""Jewish""]"
you are replying to torbas post in defence of a kike that calls people goys you seem to of forgot jews killed jesus the first problem is people like you jews are next you will be gassed first,1,14102861_gab,"[""Jewish""]"
some other kike company will buy them out so yeah,1,18593688_gab,"[""Jewish""]"
well that really complicated i guess when we have a stable domain i do not know when that will be iceland is trying to kike us right now,1,12451124_gab,"[""Jewish""]"
croats backed ol adolf almost unanimously and czechs slovaks were more or less ok with being under germany wing hitler wanted to kill all slavs is garbage tier yid propaganda same as hitler wanted to kill everyone who was not blonde and blue eyed so true from a board on 8 chan,0,2064251_gab,"[""Jewish"", ""None""]"
road worn kikess on wrong side of <number> needs validation badly posts shitposter dms in transparent humblebrag remains divorced with no meaningful prospects will likely die surrounded by cats many such cases,1,27470117_gab,"[""Jewish"", ""Women""]"
1 9 3 0 sgermany geneticjews controlled white germany via violating antitrustlaw 2 1 st century whit eusa controlled by genetic kikes enablers buffett whos white gives billions to filthy kike gates not for profit ;& traito rcongress enem ysupremecourt who refuse to enforce antitrust law,1,11273952_gab,"[""Asian"", ""Caucasian"", ""Jewish""]"
anthony bourdain was a kike that advocated for white genocide good riddance,1,27162115_gab,"[""Caucasian"", ""Jewish""]"
the worship the kike on a stick shit i can put up with but fuck this,1,25935069_gab,"[""Jewish""]"
more kike propaganda,1,23500303_gab,"[""Jewish""]"
so you are not a kike just a cucked kike ball washer then my nightmare you give yourself too much credit the only one who consistently shitter shattered about my posts is you i have gained steady followers from my posts itt i will keep posting especially so your old pissflaps stay irritated,1,16475631_gab,"[""Jewish""]"
so that way if some cowardly kike wants to push her narrative it can still be seen and challenged by the public,1,21393137_gab,"[""Jewish""]"
imagine being a lying kike shill like <user>,1,23332570_gab,"[""Jewish"", ""Other""]"
crawled out bitch i have been here since the doors opened why do not you take your kike ass back to twitter where you belong,1,18351010_gab,"[""Jewish""]"
oh just a jew nigger with a phone that does not know walking while filming is retarded try holding still jew nigger,1,19502440_gab,"[""African"", ""Jewish""]"
<user> i heard the school shooter in fl wuz a coffee beaner and a baby dick suckin jew,1,20053313_gab,"[""Hispanic"", ""Homosexual"", ""Jewish""]"
womp womp kike,1,27879993_gab,"[""Jewish""]"
what happened to its all so tiresome did you filthy kikes ban him too thankyou for giving me all the evidence i need to now publish the documentary about gab to kike infested fraud it is,1,27946665_gab,"[""Jewish"", ""None""]"
at the expense of repeating myseld whaddya expect from a free speech sm platform run by a kike and a street shitter free speech,0,26259962_gab,"[""Indian"", ""Jewish""]"
a dyke a queer and a jew over there,0,20560615_gab,"[""Homosexual"", ""Jewish"", ""Women""]"
usa kids are taught only <number> things in history holohoax civil war slavery religion of the nigger mlk sainthood have zero knowledge jew expulsion england 1 2 0 0 of jew expulsion from spain jew infiltration spanish netherlands english civil war cromwell aftermath jew infiltration england creation bank of england etc etc etc,1,21545187_gab,"[""African"", ""Jewish""]"
just another yid waste of oxygen,1,27789501_gab,"[""Jewish""]"
alright kike lover enjoy ranting about the evil chinese rice farmers you deranged simpleton,1,13240915_gab,"[""Jewish""]"
jon summers is a communist kike who hates white people,1,24460896_gab,"[""Jewish""]"
psychopathic inbred kike djuggie schooma manages to eat his own anus,1,18229799_gab,"[""Caucasian"", ""Jewish"", ""Other""]"
retarded nigger bessie coleman on google homepage literally fell out of her plane to her death because she wasnt wearing a seatbelt while flying the more you know maga gab fam,1,4480271_gab,"[""African"", ""Jewish""]"
how would issues even be brought up to vote for in that system some kike will push drug legalization or gay marriage or something,1,20213902_gab,"[""Jewish""]"
said in maximum kike voice,1,20448158_gab,"[""Jewish""]"
to each their own i prefer not to get into pissing matches with wn on either side of the kike on a stick issue i d rather find common cause with both factions i am sure a christian would provide you better discussion on the matter,1,8297655_gab,"[""Jewish"", ""None""]"
oprah is a stupid nigger that only got into the entertainment business because she fucked a kike with jungle fever,1,17578395_gab,"[""African"", ""Jewish""]"
<user> lol what a stupid gook,1,2694325_gab,"[""Asian"", ""Jewish"", ""None""]"
hey how about you go be a kike somewhere else schlomo sound good,1,18452041_gab,"[""Jewish""]"
this bullshit narrative about whites supposedly always wanting to touch nigger hair is pure unadulterated kike spawned muh magical negroes horse shit nobody wants to touch nigger hair not even other niggers,1,16439435_gab,"[""African"", ""Jewish""]"
so the non european kike won eurovision oh vey look at the fucking state of it,1,25532099_gab,"[""Jewish""]"
i have been swinging hammers for <number> years i ain t never seen a kike in my industry unless he was shlmeeling a product or taking graff from a trade union and you can take that to the bank,1,19348796_gab,"[""Jewish""]"
chuck the cuck nellis bad mouthed trump often on twitter while supporting spik cuban ted cruz jewed up ass now he on gab saying how great trump did his 1 st year and knocking liberals he is a liberal shit himself dam cuck,0,17126242_gab,"[""Hispanic"", ""Jewish""]"
<user> i actually do notice that some italians have hook noses like jews of course they are still noticeably different but i have seen it before,0,1178771115042312192_twitter,"[""Jewish"", ""None"", ""Other""]"
the manager picked out the fly and said it was rubber he then said just another kike trick then he threw me out i did not deserve that,1,15539701_gab,"[""Jewish"", ""None""]"
this is why israel rothschild hungary soros must open their borders diversity will be their strength refugees and non white in white homelands are worth more then gold to israel ask any kike,1,25523547_gab,"[""Jewish"", ""Refugee""]"
judge naomi reice buchwald no government official — including the president — is above the law and all government officials are presumed to follow the law as has been declared the judge said did not that same kike rule that sambo was above the law,1,26226915_gab,"[""Jewish""]"
taylor swift is a whore who went through a lot of men worked with jewish producers dated jew jake gyllenhaal had nigger background dancers and made love songs with shitskins she promotes drinking promiscuity racemixing and she must die for this paid too little attention to realize till now,1,15674562_gab,"[""African"", ""Caucasian"", ""Heterosexual"", ""Indigenous"", ""Jewish"", ""Nonreligious"", ""Women""]"
because we bucked natural selection and currency manipulators have ravaged the world yes the weaker of every people die off i will take fighting gender queers and 1 4 century folk over crossing the atlantic and fighting indians and shit,0,8210379_gab,"[""Homosexual"", ""Jewish"", ""None"", ""Other""]"
jews lie niggers steal and rape spic women can not stop shitting out babies and birds have beaks,1,17363428_gab,"[""African"", ""Islam"", ""Jewish"", ""Women""]"
schiff is a kike and he also pretty much always wrong turn him off he will just cost you coin,1,11138997_gab,"[""Jewish""]"
oh we got us a high iq kike here huh can your high iq explain why jewish boy nicolas cruz murdered <number> kids because he jewish,0,19996968_gab,"[""Jewish"", ""None""]"
not surprised the shiksa bitch is a yid,1,24221461_gab,"[""Jewish"", ""Women""]"
schmidt will just be replaced with some other yid from the globo homo elite,1,16678502_gab,"[""Homosexual"", ""Jewish""]"
fuck me i have fallen for yet another kike merry go round of circular non arguments about the holohoax a death accountant you are right you are not you are a dumb cunt now fuck off off my timeline with your horse shit,1,11981423_gab,"[""Jewish""]"
idk we need our own internet and need to trash this whole system if gab is the zenith then the whole thing is still kike bullshit <user> ‍,1,24958450_gab,"[""Jewish""]"
lmfao i have trs guys emailing me threats and shit had anglin in a chat stream once and i roasted him why are the kike kissers so worried about little ol me dude enoch is a kike get over it i am shaking in my boots over these threats faggot,1,27318507_gab,"[""Homosexual"", ""Jewish""]"
how many in percentage form jews niggers mexicans muzzies or dot heads vote for less government intrusion and less government services,1,17397697_gab,"[""African"", ""Hispanic"", ""Islam"", ""Jewish"", ""Other""]"
<user> yeah well i could not listen to this cernolispy kike fag for more than 5 sec,1,4406976_gab,"[""Jewish""]"
i guess i get complacent and forget not everyone lives in florida or has heard their names most anyone i talk to in a real life situation knows of them of course most anyone i talk to here is in agreement where liberals rats and muzzies are concerned,1,20685925_gab,"[""African"", ""Islam"", ""Jewish""]"
one time i went to chicago and there was a homeless nigger railing on about jews should we support him why or why not,1,27088183_gab,"[""African"", ""Jewish""]"
she is referring to the de niro projects financed for or by kike rapist harvey weinstein it helps if you took english reading classes dummy,1,13385286_gab,"[""Jewish""]"
if i was trump i would certainly not be broadcasting my intentions for these hooknosed bastards he has been tossing them a bone for the time being while he figures out the correct strategy needed to eliminate this toxic and distractive influence from the world,1,5708239_gab,"[""Jewish""]"
most uncomfortable with trump kike connection hell his grandchildren are jews not good,1,26820144_gab,"[""Jewish""]"
hitler made numerous peace offers but uk churchill ignored them did you know that kike puppet,1,12582904_gab,"[""Jewish""]"
super rich nigger super rich jew joins forces to tell us how horrible the white man is white people stop giving your money to people that hate you,1,7132277_gab,"[""African"", ""Caucasian"", ""Jewish""]"
oy vey goy nordic resistance movement has too many white people in it they need a little diversity maybe a few based niggers and some based dune coons they need a few heeb lawyers too,1,24856797_gab,"[""African"", ""Arab"", ""Caucasian"", ""Jewish""]"
imagine believing in white privilege as whites are ethnically cleansed in their own countries imagine not knowing why whites must learn to fly not be weighed down by the shitskin undertow by guilt by lies trust in your whiteness,1,17905144_gab,"[""African"", ""Caucasian"", ""Jewish"", ""None"", ""Other""]"
shut your filthy lying kike mouth,1,23164454_gab,"[""Jewish""]"
piss off kike,1,16936242_gab,"[""Caucasian"", ""Jewish"", ""Other""]"
kikes like faggots because they make good pets just like the nigger the best kike pet is a nigger faggot,1,27802700_gab,"[""African"", ""Homosexual"", ""Jewish"", ""Minority"", ""Other""]"
we need to gas assad all you so called right wingers supporting a muzzie make me laugh,1,23568042_gab,"[""Islam"", ""Jewish""]"
y lña historia falx falsa kike sdo se trata en convertinos ew n cobardes a los españoles,1,24414450_gab,"[""Jewish"", ""None""]"
continues to brag about muting continues to prove my point about him being a kike continues to do the kike thing of projecting mental deficiencies,1,21934219_gab,"[""Jewish""]"
fyi the relay nigger arrived shekels delivered,1,16596098_gab,"[""African"", ""Jewish""]"
loomer is a disgusting predatory kike with sociopathic tendencies the only help she needs is being assisted while entering a gas chamber,1,13688078_gab,"[""Jewish""]"
you mean red pills like it ok to fuck half nigger apes and an ethnostate can not work in america because muh magic dirt that not a red pill cuck faggot that jew bullshit that she been pushing from the beginning if you think that helpful kys,1,15702025_gab,"[""African"", ""Homosexual"", ""Jewish""]"
trump should try to impeach the wetback jew justices who performed gay marriages but did not recuse themselves from the gay marriage ruling,1,26938167_gab,"[""Hispanic"", ""Jewish""]"
mike enoch invented slurs to slander his own side the next time you get called a larper remember they have been gaslit by kike shills,1,25250464_gab,"[""Jewish""]"
really sick of everyone in my daily life being a selfish kike,1,12584270_gab,"[""Jewish""]"
loll calling me a zhid and pedophile when i am neither,0,21276945_gab,"[""Jewish"", ""None"", ""Other""]"
debating which pro whites belong in the alt right total kike behaviour vox day is this generations william f buckley,1,10801908_gab,"[""Jewish""]"
i heard you hate joows you a muzzie hon,1,20796672_gab,"[""Islam"", ""Jewish""]"
f*cking <censored> kike loving degenerate commie scum burn in hell fagot trudeau,1,14818066_gab,"[""Homosexual"", ""Jewish""]"
which proves everything we say about kikes is the truth these book merchants know the second they mention a kike their gig ends which gives kikes free reign to start more wars because no one can question their shit,1,12441225_gab,"[""Jewish""]"
we are woke as fuck and we are not listening to some kikess or shabos shiksa not even your favorite,1,18051974_gab,"[""Jewish"", ""Women""]"
the golden don is an honorary blonde but his dumbass daughter is a kike by cock,1,14606703_gab,"[""Jewish"", ""Women""]"
mess kikes coons hajjis shits and feral chinks,1,17799157_gab,"[""African"", ""Caucasian"", ""Islam"", ""Jewish""]"
mysterium tremens why do new yorkers continue to support insane kike djuggie schooma,1,18229892_gab,"[""Jewish""]"
identifying kike internet shills mentions attributes actions to hamas muslims out of context overly friendly initially then extreme hate when you refuse to alter stance non organic bantz which attempts to lead to focus on unrelated topic which concerns kikes hyper defensive if called out as a kike propagandist,1,18797061_gab,"[""Jewish""]"
he called me a pig when i asked question lol he has no answer its just typical yid technique believe me even i lie otherwise it anti semitic,0,20427890_gab,"[""Jewish""]"
<user> hey jewie u still suckin jew cock in your twitter son,1,15332117_gab,"[""Jewish""]"
whose surprised kikes gona kike,1,13298876_gab,"[""Islam"", ""Jewish""]"
maybe you should stop spinning dreidels and freebasing pennies while you larp as some paki thot,1,15868897_gab,"[""Asian"", ""Indian"", ""Islam"", ""Jewish""]"
god dammit trump do not be looking at that kike pussy,1,22404789_gab,"[""Jewish"", ""Women""]"
facts are facts deal with them forsake jesus kike and return to the gods of your ancestors,1,16591775_gab,"[""Arab"", ""Jewish""]"
i am happy once the last kike hangs from a tree,1,17524246_gab,"[""Arab"", ""Jewish""]"
another sick alt kike faggot pay our thots shekels goyim donate to mike heeb wife so how long did you know doug mackey was a for sale media hack rip your reputations,1,23192171_gab,"[""Jewish""]"
<user> hey thank you for following me back you are the guy with kike avatar from vnnforum right i am a fan btw <wink> do you have twitter acc,1,3813106_gab,"[""Jewish""]"
her kike buddy lena dunham has hypnotised her into a dyke relationship,1,10904919_gab,"[""Homosexual"", ""Jewish"", ""Women""]"
nah i just posted an ugly kikess from anonymous nudes that she was sending to minors on twitter after she claimed she was gonna dox me and purposely endanger any children i may have and she dared me to do it got the whore fired too turnabout is fair play,1,13196929_gab,"[""Jewish"", ""Women""]"
<user> hanging out kike moose nuts lol i gotta grin from ya,1,7787743_gab,"[""Jewish""]"
a yid and a jock go for a meal in a very expensive restaurant when the bill comes the jock says i will pay next day headlines jewish ventriloquist found beaten to death,0,24002178_gab,"[""Jewish"", ""None"", ""Other""]"
shillary is still crying why why you lost you traitorous hag you hate your own race and put illegals and non whites above your own people figure it out and then go away and no one wants that shitty book except maybe dykes with purple hair,0,10824155_gab,"[""Homosexual"", ""Jewish"", ""Women""]"
if that ambulance chasing kike feminist cunt gloria allred is involved in a case you know itz jewshit,1,14605009_gab,"[""Jewish"", ""Women""]"
when you are a kike and these gentlemen kick down your door,1,16633953_gab,"[""Jewish""]"
lol snow nigger is salty as fuck meanwhile hindus are richer than alt right cucks therefore paying more in tax rates so are the jews,1,19006649_gab,"[""African"", ""Caucasian"", ""Jewish""]"
stop paying kike license,1,24013190_gab,"[""Jewish""]"
spoken like a kike <user>,1,17227689_gab,"[""Caucasian"", ""Jewish"", ""Other""]"
yeah about what i d expect from someone using a kike term for his username fraudian psychology stay go finger your own asshole whatever it takes to get you off there princess virtue sniveling at me is not going to earn you good boy points,1,11342145_gab,"[""Caucasian"", ""Jewish"", ""Other""]"
why jews are profiting from the us importing moslem refugees,1,25400457_gab,"[""Islam"", ""Jewish"", ""Refugee""]"
we all know its mysterious why are those yid q not expose the names who doing it they should know the all are not the delivering news is not he or she anonymous or its anonymous from us so we do not know that q is shlomo,1,25744519_gab,"[""Jewish""]"
a kike and an infamous boy buggering faggot every single time,1,21108185_gab,"[""Homosexual"", ""Jewish"", ""Other""]"
the donald did the same worse than a spic or nigger he let his slut daughter wed a malignant jew,0,27894822_gab,"[""African"", ""Hispanic"", ""Jewish"", ""Women""]"
star trek discovery do not have a single straight white male character the crew is full of cunts niggers faggots and have a kike captain start trek was always a liberal franchise full of jews niggers but libshits cut out straight white males from their visions of the future absolutely,0,13456793_gab,"[""African"", ""Homosexual"", ""Jewish"", ""Women""]"
kike spic nigger faggot allah sucks kid dicks jews did <number> <number> white power 4 th reich hitler did nothing wrong heather heyer was a fat bitch rip,1,11627890_gab,"[""African"", ""Caucasian"", ""Hispanic"", ""Homosexual"", ""Islam"", ""Jewish"", ""Other"", ""Women""]"
lol nice boomerposting hey does kike jism taste better on the shabbat you d know after all lol gimme more,1,15133126_gab,"[""Jewish""]"
remember if you have a single jew at your x mass party you have to provide an alternative to free ham or he will sue san bernardino shows that if you have a single moslem people eating free ham can cause jihad,1,15516356_gab,"[""Islam"", ""Jewish"", ""None""]"
nah baldwin might be making a good point here i have no love for the kike weinstein or the thots who whored themselves for money but baldwin can let the feminists and jews bash him for a while might redpill him and flip him from being a libtard,1,14262039_gab,"[""Jewish"", ""Women""]"
how generous they killed only <number> million yet we all have to kiss their yid ass for nonexistent <number> gazillions killed in auschwitz oven that was built by the bolsheviks in <number> i dont understand people who are blind on this matter,0,17379175_gab,"[""Jewish""]"
<user> would be owning this subversive kike right now did mike enoch get hit in the head right before this debate started,1,19861040_gab,"[""Jewish""]"
i do like how you call out everyone that does stuff irl as spergs and claim i am either a kike or a nigger simply because i told you that people who are here to stir up shit with everyone else in the movement only work to support the kikes,1,21829843_gab,"[""African"", ""Disability"", ""Jewish""]"
so get this every day us white men hear the kike academic and activist call for our dispossession and genocide it not okay to be white and somehow we are supposed to be anything but satisfied that hitler might have based on dubious jew lies gassed some of these shit bastards,1,14565472_gab,"[""Jewish""]"
ayn rand was a kike reject i burned my copy of atlas shrugged ages ago,0,9840947_gab,"[""Jewish""]"
now if only we can get moslem men to do this before their wives squat out shitlings,0,26342506_gab,"[""Islam"", ""Jewish"", ""Women""]"
stfu up woman stop larping with your lame ass reposting account no one likes mexicans you are only slightly above a nigger and below a jew,0,14441243_gab,"[""African"", ""Hispanic"", ""Jewish"", ""Women""]"
this shitty kike decided to create a group called nazi fail or some such jewry,1,25224181_gab,"[""Jewish""]"
ivanka is a traitor she married the filthy kike who is trumps handler trump cucks when he has to and pushes maga when he can most of the meetings between trump and kushner is about how much he has to cuck that day,1,25725396_gab,"[""Jewish""]"
white people are not real jews the holocuast was a hoax for the devils to spread and raise so they could conquer the world,1,1081534811490140160_twitter,"[""Caucasian"", ""Jewish""]"
i think at this point it better to just have a set day like every 1 2 th or something so people do not get confused like how we do with blackout you all really should be taking notes from the niggers,1,1178711725924855808_twitter,"[""African"", ""Jewish""]"
<user> if white privilege is real why did elizabeth warren lie about being native american why are asians and jews more successful than whites please explain,0,1178230395290210307_twitter,"[""Asian"", ""Jewish"", ""None""]"
filthy kike matt drudge throws in his two sheckels,1,19900230_gab,"[""Jewish""]"
normie will not approve of his kike gassing platform but straight ticket voters gonna straight ticket which is usually enough to win,1,23591171_gab,"[""Caucasian"", ""Economic"", ""Jewish""]"
lol we all know <user> ‍ likes working with jews it has nothing to do with racism just kike nepotism real high in group preference pretending to have moral authority that right there is the reason hell it not like aa works for the idf and fires indiscriminately at crowds goyim,1,26441093_gab,"[""Jewish""]"
exodus the kike foundational lie before the holohoax <number> jew men plus all wives children animals so millions tramping through a small desert prior people had crossed for <number> yrs yet they are lost <number> years zero evidence bs all things jew are <percent> lie twisted beyond reality or total fiction,1,22312716_gab,"[""Jewish""]"
typical kyke nigger your breed of autism is cancer chemo the stupid,1,11344135_gab,"[""African"", ""Jewish""]"
wow go figure once again the placed crowd at new year rockin eve is mainly chinks niggers beaners muslims kikes dykes faggots and chicks with dicks,1,17138988_gab,"[""African"", ""Asian"", ""Hispanic"", ""Homosexual"", ""Islam"", ""Jewish"", ""Women""]"
lol gives a whole new meaning to bread basket lmao fuggen kike demon,1,13651130_gab,"[""Jewish""]"
<percent> of bands replacing frontmen are epic fails stp without scott will be ugly the only success i can think of offhand is van hagar sammy was way better than that kike roth,1,18538260_gab,"[""Jewish""]"
the other kike claimed soros wasn t prosecuted because he was too old bulan kike claims it was because he was too young shoah <number> electric boogaloo will not discriminate by age all are welcome,1,17844735_gab,"[""Jewish"", ""Other""]"
if we ever get our shit together in the south this should and must be the main priority because without the jew the nigger has no leader,1,27269563_gab,"[""African"", ""Jewish""]"
bbc sunday morning that oddity andrew marr interviews a bunch left wing politician followed by sunday morning live hosted by a jewess a gay nigger pushing for moslem isis fighters to come to britain and we are forced to pay for this shite,1,13914769_gab,"[""African"", ""Homosexual"", ""Islam"", ""Jewish"", ""Minority""]"
<user> ‍ i try to ignore you bec you are rude but basically if jesus walked down the street today in the flesh you would call him a kike like you called me you hate jesus stop the pretense,0,22628139_gab,"[""Jewish"", ""None""]"
should have known it is a fucking kike jew scum bag getting this ticket off,1,21816100_gab,"[""Jewish""]"
ha ha ha look at this you a kike bro <user> ‍,1,26534972_gab,"[""Jewish""]"
i checked that one already as someone else said it one of the two according to wikipedia founders were jewish but yeah be peaceful it was an intentionally provocative question primarily to the wns who call me a kike and does not actually matter i do love puppies <number>,0,12386020_gab,"[""Jewish"", ""None""]"
bcz of this primitive oboon not even one nigger ever would win anything in gov top seat and it should be stopped in lower seats too that yid ape is the worse what can ever be happed to the us,1,18551096_gab,"[""African"", ""Jewish""]"
shut up you nigger kike learn math niggers commit aggravated assault at a rate <number> × that of whites keep eating soy you feminised cuck enjoy being replaced by baboons who will never get to outer space ever again,1,23590591_gab,"[""African"", ""Jewish""]"
the wise nigger fantasy perpetuated on white america by the industry kikes meanwhile niggers cant even raise their own spawn raping <number> white women annually basically commiting all the violent crime in america,1,26361372_gab,"[""African"", ""Jewish""]"
that kike pressto claimed she was the exception to the rule i believed her naive nazi that i am,1,12983751_gab,"[""Jewish""]"
bitch is perfect kike example she does not even pretend to be objective somehow honest she just straight up makes shit up naive goyim like kevin macdonald tried to deal with her like a white results are appalling yet predictable google exchange w k mac bitch is evil,1,17303590_gab,"[""Jewish"", ""Women""]"
they are saying there were nigger vikings for fuck sake yup jews are rewriting our history to show us that niggers have always been with us pisses me off fucking jews,1,24472587_gab,"[""African"", ""Jewish""]"
here truth she a nigger on jew payroll recruiting mestizo street shitter immigrants,1,23926775_gab,"[""African"", ""Hispanic"", ""Jewish"", ""Other"", ""Refugee""]"
hey <user> this is spamm right tell this fat kike cunt to stop ahahahahah lolol free weev gab fam speak freely,1,12420286_gab,"[""Islam"", ""Jewish"", ""Other"", ""Women""]"
epileptic gamma kike kurt eichenwald calls the alt right childless single men who masturbate to anime 4 chan sends him swastika memes till he fumbles a screenshot revealing his hentai browser tab he covers with a transparently false lie featuring his wife kids and tentacle porn,1,8695293_gab,"[""Jewish""]"
negro felon league ™ is for queers who like wearing the names of niggers on their backs while watching said apes throw balls around and watching poz laced commercials from corporate america,1,19277792_gab,"[""African"", ""Homosexual"", ""Jewish""]"
<user> you definitely get the scarlett johansson award for removing the fugly kike proboscis and replacing it with an aesthetically pleasant caucasian nose without the aid of cosmetic surgery it almost as if you are trying to hide something,1,18382683_gab,"[""Jewish""]"
liberal fuckwad kike loser,1,20551345_gab,"[""Jewish""]"
sorry patience has worn thin at this point if any of these kike lovers even mentions isreal i mute them i do not want my screen getting infected with degeneracy,1,18852504_gab,"[""Jewish""]"
do not act like your not a kike ive read your posts months ago your the ny kike that moved to pine hills and buys nigger tranny hookers on obt how could i forget you,1,20688469_gab,"[""African"", ""Homosexual"", ""Jewish"", ""Other""]"
2 3 andme is a strange choice for this sort of thing given that it primarily works at the behest of the israeli government to determine who is a kike or not,1,22393483_gab,"[""Jewish""]"
he got blasted by some in that tweet then that jewish kike told him hey tribe lets getting oscarssogoysih trending will fox news show his tweet on that,1,5617428_gab,"[""Jewish""]"
that <user> a fat kike liar profitmonger censor <user> a pajeet fucking a confirmed kike and a couple sand niggers but they duped gab fam out of 1 0 0 of thousands of dollars lol,1,13380422_gab,"[""Arab"", ""Jewish""]"
just saying if you use word kike now days you will be a junk nazi asshole lmfao your funny gay nazis whitesupreamist 😁 😂 😎 😍 😅,1,17708752_gab,"[""Jewish""]"
<percent> of the average population are being exploited right now by facebook despite knowing kike zuckerturd designed fb to exploit the human brain and still use it despite we were exponentially smarter back then,1,19565361_gab,"[""Jewish"", ""None""]"
he sounds like a jewish nigger,1,11656314_gab,"[""African"", ""Jewish""]"
so when our youngens are grown up and the fight is theres too late our government has indoctrinated them to be queers and dykes forget your ancesters and their achievments 1 1 th <user>,1,16900430_gab,"[""Homosexual"", ""Jewish"", ""Other""]"
you are a fucking mush brain jew i fucking know that about iq and never said any different i said that a shitskin thinks a white woman is an upgrade because they do because she is you are like in the mossad special education classes for slow jews or something,1,17819498_gab,"[""African"", ""Jewish"", ""Other""]"
better cut the estro kike,1,16404022_gab,"[""Jewish""]"
the anti white anti american kike who tossed pledge of allegiance out of schools because it says one nation under god what will become of us without such talmudic wisdom,1,16379513_gab,"[""Jewish""]"
superman was created by <number> kike dweebs back in the 3 0 comics has always been a juu controlled racket to brainwash young boys,1,12192979_gab,"[""Jewish""]"
if they do not fear us then why do they pay kike shills like you to think up cringe poetry,1,25859461_gab,"[""Jewish""]"
lol he quotes the kike ayan rand yeah ok this guy lost his marbles long ago,1,22020564_gab,"[""Jewish""]"
you know how that nigger blamed weather on rothschilds without realizing he was naming the jew and then his kike handlers wrote his apology for him maybe trump did not realize what globalist meant and now his kike handlers jarvanka have taken over,1,22317052_gab,"[""African"", ""Jewish""]"
he does not care if america goes brown and shitskins are anti free speech show me one shitskin country with free speech shaprio is a fast talking jew tool,1,27999703_gab,"[""Asian"", ""Indian"", ""Jewish"", ""Other""]"
the best thing about roseanne <number> kosher cuckservative fake right destroyed <number> everyone js reminded that everyone is quietly aware that blacks are apes <number> white normies once again have something they love ruined and taken from them by nigger bullshit nfl starbucks hero movies videogames sitcoms anti black rage builds,1,26629071_gab,"[""African"", ""Jewish""]"
all kike konstructs,1,13502476_gab,"[""Jewish""]"
my relatives were raped and murdered by inbred schizoid kike vermin in the bolshevik revolution every drop of evil spawn of satan kike blood will be exterminated from the earth as a promise to my ancestors,1,11477949_gab,"[""Jewish""]"
whatever kike lover,1,20593068_gab,"[""Jewish""]"
that will not stop them trust me i am a guitar playing rattlesnake not even a jewish guitar playing rattlesnake and they call me a cuck and or a kike all the time <surprise>,1,14303118_gab,"[""Jewish""]"
a building full of kike vagina is a <number> <number> dream come true kill yourself my man,1,17024438_gab,"[""Jewish"", ""Women""]"
and a good day to you i d shake your hand but i dont want to get kike all over it,1,13059323_gab,"[""Jewish""]"
jones is a kike shill he as well as rush limbaugh never call out those they always refer to as they liberals the left instead of as jews,1,18749415_gab,"[""Jewish""]"
typical for a yid tapeworm,1,20041645_gab,"[""Caucasian"", ""Jewish"", ""Other""]"
this is marxist scumbags liberals idea of diversity a weaponized nigger joy reid harvard educated and harvard is run by jews a hollywood shitlib jew another educated weaponized nigger mocking trump no whites necessary no white opinions matter just sitcha ass down stfu whitey,1,10197766_gab,"[""African"", ""Jewish"", ""Minority"", ""Nonreligious"", ""Other""]"
more kike propaganda this idea is also part of the jew plan for extermination promote masturbation in white men so that their desire for family and white children is diminished,1,21106674_gab,"[""Caucasian"", ""Heterosexual"", ""Jewish"", ""Other""]"
oh god <user> ‍ is still posting hey faggot stop saying we are kike shills dividing your imaginary movement your precious ricky vaughn has been attacking white people and white nationalists for months now you are openly doing it as well,1,23337099_gab,"[""Caucasian"", ""Homosexual"", ""Jewish"", ""Other""]"
as the kike dreidle turns,1,20238487_gab,"[""Jewish""]"
not that they should be identifying with that trash at all but white people should say whatever words they want fuck niggers and their jew record labels this white people can not say nigger but we can thing is just more hook nosed bullshit,1,26277753_gab,"[""African"", ""Jewish""]"
once again what the fuck are you babbling about no wonder you have such an abysmal post to score ratio you are a blithering nigger with a sub <number> iq and a sub <number> word vocabulary you should change your name to obamasucksatgab you worthless yid loving mooncricket,1,15762578_gab,"[""African"", ""Jewish""]"
when did blacks and hispanics and muslims and feminist and queers and gays and transgenders and illegals and jews gain the upper hand law according to them screw that,0,19831042_gab,"[""African"", ""Hispanic"", ""Homosexual"", ""Islam"", ""Jewish"", ""None"", ""Refugee"", ""Women""]"
in a gesture of cooperation the mex government extradited el chapo to the u.s. trump should boot international mega kike soros to russia,1,4320599_gab,"[""Jewish""]"
enjoy your kike faith,1,27149193_gab,"[""Jewish""]"
a kike kissing a nigger seems right kikes keep them as pets,1,26820627_gab,"[""African"", ""Jewish""]"
whose hiding i am right here bro that me in that picture to the top left or some kike who looks like me i can not remember too much drinking and too cheap to buy a mirror anyways i ain t hiding show yourself you pussy,0,20763855_gab,"[""Jewish"", ""None""]"
do we have <user> on the list zionist heeb alert on this guy,1,25297832_gab,"[""Islam"", ""Jewish""]"
see its going on about iq and shit now lol same shit same kike shit,1,15818321_gab,"[""Jewish""]"
i like bro nathaniel he near the mark on most every topic and is the only kike willing to rip his own to shreds good vids,0,19280968_gab,"[""Jewish""]"
if this faggot is not a kike then we are gonna need a new term for whatever he is b c shabbos goy simply does not do justice to this level of cuckoldry,1,24569919_gab,"[""Homosexual"", ""Jewish""]"
oh hell no fuck this kike bitch,1,25665650_gab,"[""Jewish"", ""Women""]"
for one minute i have to take a break from jew and nigger hate to remind everyone i fucking hate fat people,1,21014361_gab,"[""African"", ""Disability"", ""Jewish""]"
iq matters you virtue signalling twat while you are lecturing on the precise definition of racism niggers wetbacks and muzzies are planning how to rape your daughter and steal your house,1,19793197_gab,"[""African"", ""Islam"", ""Jewish""]"
i blame all the white guilt commie kike cuck dismay for this violence,1,23528556_gab,"[""Jewish"", ""Other""]"
maybe a jew doc fixed him up if a kike kept me from going blind i d likely soften up on em a bit such is human nature or at least huwhite nature at least,1,12006781_gab,"[""Jewish""]"
not to mention his butt fucking nigger boy cracksmoking faggot lover kike degeneracy at it finest,1,19173007_gab,"[""African"", ""Homosexual"", ""Jewish""]"
photo op for <number> useless <number> kike <number> white trailer trash usa trump hating motherfuckers that need to be exterminated immediately,1,22282384_gab,"[""Caucasian"", ""Jewish""]"
im anti racism but pro normalizing words like faggot and nigger and kike and so on theyre just words lmao,1,1178401026308636672_twitter,"[""African"", ""Homosexual"", ""Jewish""]"
yeah i do not believe the come and take it crowd we will see kike controlled cops will put bullets in your children heads just an fyi when supporting law enforcement thin jew line,1,25825567_gab,"[""Jewish""]"
its a nigger problem not a gun problem florida was also a half jew half hispanic not white,1,20730385_gab,"[""African"", ""Hispanic"", ""Jewish""]"
this person is obviously a cianiggrr admits race mixed and calling me a kike yet i am fully white my husband is white and our kiddos are white and making fun of me for having cancer thots begone,1,15685111_gab,"[""African"", ""Jewish""]"
derp de derp let me just lay out my profession so this kike whore can attack my career,1,19791797_gab,"[""Jewish"", ""Women""]"
they are allowing this beaner on ellen degenerate show because no one but thots and other assorted sjw wymyn watch that shit,1,13522325_gab,"[""Hispanic"", ""Jewish"", ""Women""]"
do not forget to add me to your hit list you kike shill,1,21241796_gab,"[""Jewish""]"
the wtc was built with the understanding that it would be a public works project not a privately owned commercial development that is why it was originally run by the port authority a state government transportation agency turning it over to the kike billionaire silverstein violated that understanding,1,26038110_gab,"[""Islam"", ""Jewish""]"
firstly i never studied the bible too closely secondly i always hear people refer to jesus as a jewish carpenter thirdly and lastly kike jew if my anti semitism to english dictionary is up to date,1,22409250_gab,"[""Jewish"", ""None""]"
holy shit dude everything this kike posts is flat out gay <user> these kikes just can not resist their perversions can they,1,23673476_gab,"[""Homosexual"", ""Jewish"", ""Men""]"
yawn look the book up boomer kike it written by a kike like you you know a degenerate coward yid <happy>,1,19806318_gab,"[""Jewish""]"
another reason voting is pointless civ nat burger nat at its finest let us ask niggers who the good niggers are so we can get the nigger vote <number> iq apes will turn this country red blue wave be damned trump is owned by jews anyway ridiculous <user> ‍ <user> ‍,1,27284969_gab,"[""African"", ""Jewish""]"
i am going to assume that anyone who supports a big fat kike with a divershitty and homo supporting kike wife and a half nigger brother is some sort of zogbot jew boy or whigger himself at this point,1,13655598_gab,"[""African"", ""Homosexual"", ""Jewish""]"
i raped the jews because it rigged dave,1,1178507064403992576_twitter,"[""Jewish""]"
always a fucking kike,1,11461970_gab,"[""Jewish""]"
so a kike banned you from twitter and you come over to a platform full of jew hating nazis to complain about nazis what the fuck,1,20374990_gab,"[""Jewish""]"
princess michael wore a nigger brooch to meet harry nigger jew fiancée 😂 judenpresse expresses outrage and offence 😂 😂,1,16628983_gab,"[""African"", ""Jewish""]"
i didnt realize how repressed being on twitter was making me i just feel like saying nigger and faggot constantly and posting as much gay porn as possible,1,6303180_gab,"[""African"", ""Homosexual"", ""Jewish""]"
his being a faggot and a globalist and a whore for the kike is worse than being mixed race though most half street shitters are shit in general there a half czech <number> <number> japanese <number> <number> korean politician tomio okamura who is very pro family anti invasion anti eu,1,21868057_gab,"[""Homosexual"", ""Indian"", ""Jewish""]"
tsekk kike you need a history lesson faggot,1,13004991_gab,"[""Homosexual"", ""Jewish""]"
tfw you declare jesus christ as king of poland and tell jews and muzzies to f*ck <censored> off,1,19170993_gab,"[""Islam"", ""Jewish""]"
i have offered quite a few constructive and gentle criticisms of her kike face and it modern art paint shellacking 😬 buffalo bill was not very appreciative,1,13567007_gab,"[""Jewish""]"
you think that jew son of an fbi agent and that bald spic dyke needed school to teach them to hate whites and white society,1,23114637_gab,"[""Hispanic"", ""Homosexual"", ""Jewish"", ""Women""]"
pepper your speech with hatephrases gayer than aids fatter than a feminist dumber than a nigger tranny scary nagging like a negress cruel as a communist deceptive as a democrat jealous as a jew murderous as a muslim unmarriageable as madonna,1,10917548_gab,"[""African"", ""Homosexual"", ""Islam"", ""Jewish"", ""Women""]"
lol nice try kike trying to convince me to dox myself because you called me a name tell ur kike line manager to try harder next time ur freudian bs no longer works on us goyim the goyim know,1,17600760_gab,"[""Jewish""]"
fuck that uppity communist nigger sow she attended the same jew run communist indoctrination school as marxist lucifer koon revering these pavement apes is part of how we got the fucked up society we have now,1,15505316_gab,"[""African"", ""Jewish"", ""Women""]"
these your kike bosses too feldman is cernovichs bossman he the most anti white kike on twitter,1,15311795_gab,"[""Jewish""]"
not <percent> jap i am willing to bet there is a generous dollop of hooknose in her blood,0,16878190_gab,"[""Jewish""]"
trump is helping us wtf i love trump and his kike children now,1,14509960_gab,"[""Jewish""]"
perverted old kike drooling over yentas sad,1,25954119_gab,"[""Jewish"", ""None""]"
sajid javid says islamophobia does not need to be investigated but only anti muslim hate crime i wonder if he also thinks that antisemitism should not be investigated either but only anti jewish hate crime r4 today,0,1178575273014497280_twitter,"[""Islam"", ""Jewish"", ""None""]"
i will admit she is a jewish woman who i have disagreements with in her politics i am not going to stoop to that level because she has not done enough to stoke my ire to that level plus being called a kike is a compliment in today society thanks lil dickey,1,20753511_gab,"[""Jewish""]"
i do not think the kikes are gonna get this war i mean russia will fuck up the launch sites then what trump attacks a russian base no fucking way i know he is kike owned now but even he can not want nuclear flames in america,1,23559144_gab,"[""Jewish""]"
part from da zhid turning up his toes this will serve well if true,1,15927948_gab,"[""Jewish""]"
he posts good stuff but i am just not into fashier than thou bs when we need all hands on deck 8 pol goes off on trs is a kike honeypot bs too it not helpful,0,14281811_gab,"[""Jewish""]"
this is why i have often stressed the need for whites to grow eat their own produce processed foods take years off our lives enrich corporate multinationals who use their billions to flood our countries with shitskin migrant labor buy elections for globalists who sympathize with them,1,16138926_gab,"[""African"", ""Jewish"", ""None"", ""Other"", ""Refugee""]"
do some research tony you will find out that mohammed was an illiterate sand nigger married to jewesses rabbis were behind the whole islamic scam jews and arabs are basically inbred cousins neither jews or muzzies have any business being in white civilizations,1,27175705_gab,"[""Arab"", ""Islam"", ""Jewish""]"
i went to ds to read the comments for that shill article for ricky bobby and almost all the comments make me feel like i am on the outside looking in on people still trapped inside the kike matrix it a bizarre feeling,1,23265516_gab,"[""Jewish""]"
there is a yid involved in very single breaking story out of the white house it interesting that jews are over represented in our government but can somehow avoid blame for any failures in governance it as if the media is somehow colluding to absolve them of any guilt,1,7894283_gab,"[""Jewish""]"
a vile piece of shit that kidnapped beat and tortured a pregnant woman and got out on 1 0 k bail thanks to his kike lawyers from the music industry,1,27767940_gab,"[""Jewish""]"
ok i still do not have them trying to kill me yet 🤔 but raghead islamist have tried to kill many in my family i will deal with the jews trying to kill us when i see their rpg coming towards us thx 🇺 🇸 🇺 🇸 🇺 🇸,1,25630676_gab,"[""Arab"", ""Islam"", ""Jewish""]"
i am <percent> irish origin both parents irish no dirty jew here the kike never infected ireland,1,27656195_gab,"[""Jewish""]"
yeah phone seems ok but not my desktop especially posting links to news pieces or imageshack which to me is unacceptable kike sabotage,1,14157011_gab,"[""Jewish"", ""None""]"
ricky is a kike named art tavana so do not waste your breath bro,1,15870686_gab,"[""Jewish"", ""None""]"
contra kike lo mas de base fuego y agua la purificación del mundo sin ratas de peste,1,25494915_gab,"[""Jewish"", ""None""]"
os pensais que vuestra mente kike me importa solo soys estupidos americanos de matar indios asquerosos,1,24570164_gab,"[""Indian"", ""Jewish"", ""None""]"
<user> unfortunately i think trump is right his impeachment may well fracture america the maga people will declare a hippiejewcommiemoslem conspiracy to destroy the red white and blue,0,1178782405492170754_twitter,"[""Arab"", ""Jewish"", ""None"", ""Other""]"
btw isps are every bit as kiked and kike owned as social media and can censor much more severely by blocking sites entirely since isps are already cartelized and small isps cannot enter the market easily there is no alternative if internet becomes tv <number> and wrongthink is outright censored,1,15008414_gab,"[""Jewish""]"
by heard you mean you made it up in your tiny kike brain take my advice and leave the trolling to the pros shlomo,1,17065878_gab,"[""Jewish""]"
remember to support the merchant right is not civic nationalism awesome based nigger loving kike faggot and his crew of fellow scam artists are here to save western civilization,1,19372895_gab,"[""African"", ""Homosexual"", ""Jewish""]"
the jews help other jews the asians help other asians and white supremacy has wealth frozen in their community is america was built for whites not blacks so blacks should help other blacks,0,1179083904269115392_twitter,"[""African"", ""Asian"", ""Caucasian"", ""Jewish"", ""None""]"
holy shit these people are the biggest kike faggots i have ever fucking seen how does this man keep his cool with all these aids babies in his face,1,25022755_gab,"[""Homosexual"", ""Jewish""]"
this morbid yid with fleas brown only in his shithole,1,18088062_gab,"[""Jewish""]"
and what does that make you a hearsay peddling moron what is a kike anyway what label may i place upon your genius how about peasant,0,12731678_gab,"[""Jewish""]"
look like jew york has been enriched by a bit of vibrant moslem diversity tonight enjoy,0,14010122_gab,"[""Islam"", ""Jewish"", ""None""]"
y know what i never see any criticism of jew on goy commentary anywhere it fucking terrible jew censorship works like herpes it all over the place but you have gotta be super special to avoid it hook nosed kike cunts,1,21423631_gab,"[""Jewish""]"
love pissing off the kike 😀 🤣 🤣,0,17710836_gab,"[""Jewish""]"
will there be an option to submit our own jared i have got a freaking library of kike professors teachers etc etc,0,20588422_gab,"[""Jewish""]"
just another day in kikey la la land,1,14024707_gab,"[""Jewish""]"
go suck a dick fagit kike,1,20323246_gab,"[""Homosexual"", ""Jewish"", ""Men""]"
good replace that fence sitter swing vote then tee up to replace ruth buzzie jewberg and co tribalist kike bryer,1,21353838_gab,"[""Jewish""]"
you cant either pussy all talk no action threats accusations hypocrisy and cowardice typical kike rat,1,26699755_gab,"[""Arab"", ""Jewish""]"
yeah sure sperg take your kike shill bullshit somewhere else,1,23332289_gab,"[""Jewish""]"
keep telling us how bored we are hymie,0,13727583_gab,"[""Jewish""]"
shes a fat kike lol,1,25973627_gab,"[""Jewish"", ""Other""]"
because i am not a burgernat like you go play kike in the oven,1,22852348_gab,"[""Jewish""]"
neither are on our side especially that rat kike shapiro he a never trump shadowcon,1,17809640_gab,"[""Jewish""]"
<user> the biggest enemy u have is yourself in ulster it the sf pan catholic front demanding abortion liberalisation homo faggot rights skank equality the prod dup are the social conservatives resisting this jew marxist attack as for shitskin immigration u should give a fuck,1,17379077_gab,"[""African"", ""Homosexual"", ""Jewish"", ""Other"", ""Refugee"", ""Women""]"
mead mutton and a proper medieval mace ball we can take a roman bath afterwards as if you do not wash greasy kike blood off within a certain period of time the parasites they carry are very hard to dislodge <wink>,1,14811410_gab,"[""Jewish""]"
wait i missed something why are you saying the ds split from the alt right the only person i see acting weird is you by trying to defend a racemixed kike woman,1,15888684_gab,"[""Jewish"", ""None"", ""Other"", ""Women""]"
it was in an attempt to find this sweat that i found out you are not a chink after all still do not know where to watch the stream and tbh do not know where to turn at this point,1,19226129_gab,"[""Asian"", ""Jewish""]"
halsey is a fat boomer goblin kike,1,20812319_gab,"[""Jewish"", ""Minority""]"
look at dis ugly dothaid kike beak look like its mouf wuz made fo suckin dat babydick <user>,1,18349415_gab,"[""Jewish""]"
another ignorant yank the injuns are immigrants like us fucking mongoloids from asia just like jews but they were immigrants not kike landsquatters,1,27955937_gab,"[""Indian"", ""Jewish"", ""Refugee""]"
and some kike loving people with degrees who are fucking delusional,0,18805447_gab,"[""Jewish"", ""None""]"
dose you can not even spell moron who would listen to a dumb illiterate kike like you,0,18420297_gab,"[""Jewish"", ""None""]"
gee you behave like a kike but post normie reaction gifs like a nigger hm possible nig kike,1,16865722_gab,"[""African"", ""Jewish""]"
jews created communism <number> million stupid morons voted for the commie kike sanders,1,27797993_gab,"[""Jewish""]"
the kike usurped the white people place white europeans are god chosen people jesus was a gaul not a kike,1,25355082_gab,"[""Jewish""]"
i am fucking amazed it took this long for weinstein to pull the jew card gotta give the kike credit any other kike would of pulled it day one,1,13379900_gab,"[""Jewish""]"
lol of coursh coz it normal to believe in perverted kike holoporn right fuck off faggot,1,25852454_gab,"[""Homosexual"", ""Jewish""]"
three movies i flat out will never watch inglourious basterds hidden figures black panther three movies i unfortunately did watch and recommend you do not the hateful eight last jedi the shape of water remember fellow crackers just say no to kike propaganda,0,21560693_gab,"[""Jewish""]"
world simply will not be a safe space until the goatfuckers and zhids are gone,1,12793806_gab,"[""Arab"", ""Islam"", ""Jewish""]"
you have a blue checkmark and thousands of followers yet you feel the need to reply to a guy with like <number> followers who you think is a gay nigger jew,1,21935031_gab,"[""African"", ""Homosexual"", ""Jewish""]"
<user> the most high elohim is my strength and not the white women who love so called negroes i am not brainwashed as the majority of my hebrew brethren,0,1178381149405696002_twitter,"[""African"", ""Jewish"", ""None""]"
we will see there best i can figure is if we cut those dick mutilators adrift then dune coons would not fuck w us no more esp cuz they ain t gawt no navy,1,25691638_gab,"[""Arab"", ""Islam"", ""Jewish""]"
i went to school with marc almonds soft cell sister she was a hebe btw 😉,0,22494427_gab,"[""Jewish"", ""None""]"
bert is a trained nigger dog barks and growls at coons and jews he can smell them,1,5105284_gab,"[""African"", ""Jewish""]"
hell yeah proof that the anti q trolls here are fake alt right kike dick suckers,1,23290934_gab,"[""Homosexual"", ""Jewish""]"
you are not white you filthy perfidious kike rat,1,17994158_gab,"[""Jewish""]"
all these god dam filthy savages and nigger muslim dothaids these fuckin babyraping jews keep bringing in is causing a flu epidemic die jew die,1,18431319_gab,"[""African"", ""Islam"", ""Jewish""]"
jewtube is pushing the royal wedding so hard i dont give a rats behinders if some royal prince wants to muddy his bloodline england is fuct up with paki rape gangs but forget about that theres a royal wedding high pitched girl squeels puke,1,25948672_gab,"[""Asian"", ""Indian"", ""Islam"", ""Jewish"", ""Other""]"
was engels a kike,1,22341782_gab,"[""Jewish""]"
someone who still has a twitter account please tell this kike ass kisser that there are far more high iq white people in american then there are jews in existence jews get into positions because of nepotism not merit,1,22387373_gab,"[""Heterosexual"", ""Jewish"", ""Other""]"
so i just realized that <user> aka albino nigger pictured below the leader of faggotwaffle and nigerian resident shares a name with jews so that certainly interesting,1,22198009_gab,"[""African"", ""Caucasian"", ""Jewish""]"
i am gonna give her a listen maybe royals is about the kike assassinated romanovs,1,16905410_gab,"[""Jewish""]"
tsekk faggot kike puppet,1,22782753_gab,"[""Homosexual"", ""Jewish""]"
note the nasty anti white kike wolf blitzer scowling behind watson his israeli mossad agent arse is there obviously to make sure the proceedings go to the destroy the west bit by bit plan dnskta,1,13286525_gab,"[""Jewish"", ""Other""]"
he really meant to say jew not zionist every kike is the same there is no good lucifer worshiping satan kissing kike in this world,1,20084749_gab,"[""Jewish""]"
ahed tamimi is whiter than all the kike rats in israel free ahed tamimi gas the jews,1,22807536_gab,"[""African"", ""Jewish""]"
based on that comment i d say it a trap with a belly full of schwartze semen,1,22152065_gab,"[""African"", ""Jewish""]"
disney was only good under walt now its kike brainwashing shit,1,19685625_gab,"[""Jewish""]"
because you are not a nog or a kike,1,20780384_gab,"[""African"", ""Jewish""]"
jesus was no kike he was a jew in the biblical sense an aryan the jews of today are descended from southern european converts to judaism in the dark ages they are evil jesus is not,1,22047052_gab,"[""Jewish"", ""Other""]"
ben shapiro a typical lying kike trying to represent the alt right ethical jews have precedence over non jews for getting an israeli citizenship he lying as is typical of his race,1,20646560_gab,"[""Jewish""]"
the communists insist shitskin foreign invaders are real americans they can label it any way they want so long as we hurry up and get to the civil war and ethnic cleansing two of my favorite american traditions welcome to the continent,1,8619849_gab,"[""African"", ""Arab"", ""Jewish"", ""Other"", ""Refugee""]"
definitely when they started promoting asian women and kike bitches over breeding white women i knew they were explicitly anti white faggots fuck them all,1,24543379_gab,"[""Asian"", ""Caucasian"", ""Homosexual"", ""Jewish"", ""Women""]"
it real simple goy jack dorsey the nigger loving sodomite is the real fascist he bans based ™ mischlings like jayda fransen and other members of based ™ crypto zionist organizations because he such a hardcore fascist and everyone knows that fascism is evil and israel is our greatest ally,1,16500435_gab,"[""African"", ""Homosexual"", ""Jewish"", ""None""]"
what a fucking disgusting lowlife piece of shit he missed his calling he should have been born a kike,1,21949847_gab,"[""Jewish""]"
jews are using muslims and blacks as foot soldiers to destroy white homelands they are the racechist henchmen of the kike,1,20826899_gab,"[""African"", ""Islam"", ""Jewish""]"
<user> good to know the people who alone made up half the deaths of the holocaust were not going to be completely forgotten just the last to be remembered,0,1179018020942954496_twitter,"[""Jewish"", ""None""]"
guerilla warfare accomplishes nothing you can never hope to win — cia nigger sam francis really kike boy,1,16929027_gab,"[""African"", ""Jewish""]"
kikeroyalty queen victoria was a dope smoking sex maniac who infiltrated faulty kike genes like hemophilia all over europe royal families and was a willing mistress to the rothschilds read victoria gene and the purple secret look in the <user> timeline victoria real secret,1,16190530_gab,"[""Jewish"", ""Women""]"
gas the kikes and muzzies with tide pods at least they will be clean enough to show up at church,1,23403686_gab,"[""Islam"", ""Jewish"", ""Other""]"
bye bye kike er may you be reincarnated a worm after a long time in hell,1,17448265_gab,"[""Jewish""]"
fuck off you kike schill,1,19269291_gab,"[""Jewish""]"
get in line cunt fucking jew bitch christ killing baby raping kike whore,1,15484856_gab,"[""Jewish"", ""Women""]"
i raped the jews because it hugged my brother,1,1178807797745700874_twitter,"[""Jewish""]"
every one of them even down to <number> 1 2 8 th of a half breeds quarter babies and the octaroon kike fuckers too,1,19797760_gab,"[""African"", ""Jewish"", ""Other""]"
says the guy calling for violence against cops and defending obama in the same breath you are a transparent kike hasbarat,1,27944432_gab,"[""Jewish""]"
i did not say anything about doing something illegal i repeatedly asked the guy if he was ever planning on doing an event irl he assumed i meant shooting shit up he responded with you are a kike and a shill before blocking me,1,21838010_gab,"[""Jewish""]"
you sound like a fucking kike,1,27370845_gab,"[""Jewish""]"
labour should always be written in scare quotes as labour seeing as how it has nothing to do with the working class and a whole lot to do with kike academics and other fruitcakes,1,26190379_gab,"[""Homosexual"", ""Jewish"", ""Other""]"
i just roasted my kike,1,18728472_gab,"[""African"", ""Jewish""]"
i am speaking to the retarded homosexual who thinks the kike shills were the freedom loving american nationalists and not the communists and the kike mayor nigger police chief and shabbos goyim governor if the butt plug fits that probably you buddy,1,23080455_gab,"[""African"", ""Disability"", ""Homosexual"", ""Jewish""]"
if you breathe youre a kike and a thot,1,19872659_gab,"[""African"", ""Islam"", ""Jewish"", ""Women""]"
why would i read the bible that kike created faggoty anti white shit is for low t fuckbois like you speaking of which been touched by any priests lately in that kike run pedophile cult,1,23721481_gab,"[""Christian"", ""Homosexual"", ""Jewish"", ""Other""]"
oh look another anti white kike on gab my muslim buddies stab jews for peace,1,11272788_gab,"[""Jewish""]"
theyblove hezbollah they have admitted this id rather submit to a jew than even acknowledge a sandnigger terrorist group is even remotely okay not saying i would obviously,1,15724750_gab,"[""Arab"", ""Islam"", ""Jewish"", ""Other""]"
microchip admits to being a kike so his antipathy to christianity is basically genetic,1,13061735_gab,"[""Jewish""]"
messaged a jew on skype and he ignored me i am tired of these damn jews,0,1179102137286119425_twitter,"[""Jewish"", ""None""]"
sorry no final kike meals it makes the oven dirtier more ash to shovel out,1,11958600_gab,"[""Jewish""]"
in <number> there was <number> million white christian south africans now kike are gruesomly genociding those <number> million peacefull european white minority today <number> million left and still going strong alt right white brothers and sisters,1,13102768_gab,"[""Jewish""]"
jew wetback cruz into isis under islam the only way a moslem that has gay adult sex can get into paradise is to kill infidels he gets all the infidels he kills as slaves in the afterlife according to the koran,1,20770791_gab,"[""Hispanic"", ""Islam"", ""Jewish"", ""None""]"
ok so i can be called a kike and a cunt but i cant retaliate look i am a fighter i dont roll over and play dead like many jews do capiche pussy <wink>,1,11657882_gab,"[""Jewish"", ""None"", ""Women""]"
bump that fuck them cosmo queers of zion no way now am i gonna lose site of that,1,23331498_gab,"[""Homosexual"", ""Jewish""]"
strawman i said my allies you said all woke wimmenz do not use kike sophistry it gross,1,20872620_gab,"[""Caucasian"", ""Jewish"", ""Other"", ""Women""]"
it feels good to say kike on social media,1,24402010_gab,"[""Caucasian"", ""Jewish"", ""Other""]"
you do not think it the fact that you sound like a whiny wheezy nasally libtard right now calling you a kike faggot does not make someone a nazi kikefag that an insult to real nazis,1,18624874_gab,"[""Caucasian"", ""Homosexual"", ""Jewish"", ""Other""]"
how your physics <user> i am trying to put a discussion group together to discuss transcending kike science <user> how about it,1,13064853_gab,"[""Jewish""]"
<user> <user> if saying nigger to someone makes them respond violently that person has no place in society violent animals belong in cages when is the last time you heard kike or faggot or any other slur as the basis for violence words are just words sticks and stones etc,0,1179071841375117312_twitter,"[""African"", ""Homosexual"", ""Jewish"", ""None""]"
fake news has no idea why pussy hat wearing bernie bro boomer anti trump protester with live in indonesian moslem vagina shoots <number> redneck trump voters but fake news is is sure a black saved <number> lives i looked and only saw he told people to run stampeding injuries kill as well,1,12957383_gab,"[""African"", ""Islam"", ""Jewish"", ""None""]"
<user> he a fucking faggy kike oh yeah bill mitchell got it as well he turned on the alt right yesterday as well saying white genocide and jq were conspiracy theories,0,3367166_gab,"[""Homosexual"", ""Jewish"", ""Men"", ""Other""]"
she churning out a steady stream of pure kike garbage,1,16109606_gab,"[""Jewish""]"
who is this nick fuentes is she some kind of spic jew who wants to be a white nationalist,1,24118048_gab,"[""Hispanic"", ""Jewish"", ""Women""]"
mudshark nigger whore brainwashed to equate self death with morality by kikes,1,17519362_gab,"[""African"", ""Caucasian"", ""Jewish"", ""Women""]"
yes world need another zhid holocaust this time not <number> million but <number> that infecting countries,1,25331138_gab,"[""Jewish""]"
cnn kike does not like goyim with guns even members of the military in afghanistan,1,17238224_gab,"[""Jewish""]"
i answered your question now answer mine are rabbis who suck baby penis pedophiles are you too chicken shit to answer a simple question i think you are it a kike thing,1,26092928_gab,"[""Homosexual"", ""Jewish"", ""Men""]"
the term you are looking for is jew libtard neocohen or any other faction of kike it all comes to the same thing,1,16289676_gab,"[""Jewish""]"
cuckservative media calls trump a liberal liberal kike media calls him far right tired of these deceitful cocksuckers,1,2372101_gab,"[""Jewish""]"
i am a kike i thought i would be powerful and control the world and shit nah fam,1,26096641_gab,"[""Jewish""]"
america will become a neo brazil if the right retreats into the ghettoes of explicit ethnonationalist advocacy retreats into the ghettoes of explicit ethnonationalist advocacy this kike is pro ask ricky tkr,1,16968190_gab,"[""Jewish""]"
not very likely russia cannot be forced to bend by some ridiculous sanctions us will be flattened before russia looses one devision your leftards will kill us and joos do the rest next us potus bibi netanjahu kcu kike in chief of usrael,0,23904525_gab,"[""Jewish""]"
i own you bitch because you had to delete <number> years worth of pedophile content to prove that you are not a dirty kike pedophile,1,23791285_gab,"[""Jewish"", ""Women""]"
he said kike,1,11140888_gab,"[""Jewish""]"
if that kike is whining and bitching i say make trump emperor for life,1,27275815_gab,"[""Jewish""]"
the worst part of this sessions fake news is that it retards the real momentum trump had after his speech media kike attacks are coordinated,1,5747853_gab,"[""Disability"", ""Jewish""]"
i hate to be the bringer of bad news but his real name is mark shouldice and he just another shapeshifting kike e merch chasing shekels look that name up,1,14891840_gab,"[""Jewish""]"
age of consent is <number> in alabama the kikes and roasties want white men fucking <number> year old infertile nigger cum dumpsters white ge n ocide,1,14642341_gab,"[""African"", ""Jewish"", ""Other"", ""Women""]"
mudslimes seppo retard thinks that muslims are the only shitskin variant invading mother evropa the majority of subsahran dindus are christian,1,25952742_gab,"[""African"", ""Disability"", ""Islam"", ""Jewish"", ""Other""]"
he going to get fucked by the left i blame this on trumps lack of kike awareness his son in law for example,1,16074519_gab,"[""Jewish""]"
that fine i called him a kike on the radical agenda,1,10762626_gab,"[""African"", ""Jewish""]"
tell me how dna testing is not real than huh how it fucking fake you kike piece of shit,1,24449567_gab,"[""Homosexual"", ""Jewish""]"
such a cute story and hot on the heels of wolfenstein <number> the nigger colossus,1,14025455_gab,"[""African"", ""Jewish"", ""None""]"
<user> <user> <user> well semites are a race that includes arabs mandaeans syriacs samaritans and jews this is why i consider the term anti semitism as racist as if arabs did not exist instead i say anti jewish bigotry this makes way more sense,0,1179060420558147592_twitter,"[""Jewish"", ""None""]"
nigeer bastardo como freeman los judios le prestaron apellido de esclavo sus abuelos son mierda morgan kike freeman,1,27945436_gab,"[""African"", ""Islam"", ""Jewish""]"
that number nearly doubled for black on white rape in <number> whilst the white on black rape stat never changed but the <user> coons nor juden presse lugen presse would report these facts,1,8643913_gab,"[""African"", ""Jewish""]"
it about time trump fires this little kike whore and jared too,1,20737742_gab,"[""Jewish"", ""Women""]"
not a single peep from racist nigger obama nor vapid cunt hillary nor heeb bernie fuck you,1,9468538_gab,"[""African"", ""Jewish"", ""Women""]"
they do they chase after the nordic alpha with mucilaginous desperation all abasement and kike headgames like all yid bitches they end up hitching to a balding hymie cuck who thinks himself secure behind a thin prenup the norish man goes on to have beautiful white children with white goddesses,1,4622912_gab,"[""Jewish""]"
thinking about creating a based nigger in a trump hat twitter account just so i can get a shit load of followers fast then act like i just discovered the jews are up to some real shit see whose side the normie conservatives take lol,0,10328560_gab,"[""African"", ""Jewish"", ""None""]"
is it weird that i do not mind the anti semitism that i have seen on gab use of the word kike never had any weight to me also there only <number> million of us in the world and billions hate us how can we control anything,0,11147738_gab,"[""Jewish"", ""None""]"
anytime bro rekt the kike christ cuck fuckers shits about to get real,1,19838726_gab,"[""Jewish""]"
europes muzrat problem predicted to take a sharp sudden drop in numbers as soon as ordinary europeans have had enough go into open rebellion p.s. the uniform on junker should be a communist uniform not german ww2 germany was all about nationalism for their own people,1,15593840_gab,"[""Islam"", ""Jewish""]"
farmers are white trash grow your own damn food ya kike bastard,1,21808381_gab,"[""Caucasian"", ""Jewish"", ""Other""]"
jew on a stick now kike in a bag whatever will they think of next,1,26212911_gab,"[""Jewish"", ""None""]"
the bitch calls herself hoe that all ya need to know red flag she prolly a kike too dark eyes bulbous nose fat the hair is prolly bleached blonde,1,27934122_gab,"[""Jewish"", ""Women""]"
you are either the worst shill or retarded no one is running around the streets yelling out nigger and jew but if you are gonna be one i am gonna say it so which one are you,1,27366288_gab,"[""African"", ""Disability"", ""Jewish"", ""None""]"
<percent> kike move,1,24916185_gab,"[""Caucasian"", ""Jewish""]"
you did nothing i did you still do nothing i do you are the kike,1,14040494_gab,"[""Caucasian"", ""Jewish""]"
the kikes and muzzies only pretended to be christian which is why the spanish and the portuguese kicked them out this guy is clueless lol,1,17056871_gab,"[""Caucasian"", ""Islam"", ""Jewish""]"
<user> ‍ maybe you should stop demanding the token kike be your personal jesus,1,24004249_gab,"[""Caucasian"", ""Jewish""]"
went varmint hunting earlier i shot six squirrels and a jackrabbit no kike rats though <sad>,1,18348020_gab,"[""Jewish"", ""Other""]"
the <number> russian from twitter are costing kike land some shekels legendary alt right barbaric khazar kike,1,26202771_gab,"[""Jewish""]"
the ussa illegalized local tribal white justice for two reasons <number> the kk suppressed nigger savagery making the yankee left look bad <number> but travelers will be mistreated the solution to <number> is killing the tribe of benjamin not erasing local justice for all israel abraham sojourned meekly,1,7364217_gab,"[""African"", ""Caucasian"", ""Indigenous"", ""Jewish"", ""Minority"", ""Other""]"
there is a reason why the alt kike refused to support little and that because they care more about sitting in their basements and making fashy podcasts instead of actually doing something,1,27033114_gab,"[""Jewish""]"
i knew the jew dyke gatekeepers considered me disposable while i was still doing healthcare travel that the same nose as the dyke giving marching orders in the last dieverse city,1,24651172_gab,"[""Homosexual"", ""Jewish""]"
lol trump jr fucked around on his kike wife with mudshark aubrey o day the altright really knows how to pick em,1,22204700_gab,"[""African"", ""Caucasian"", ""Jewish"", ""Women""]"
<user> you are welcome what we do what we must all do is work together share the knowledge and the skills and bring about asap the genocide of every last vile kike from our nations,1,4324362_gab,"[""Jewish""]"
everyone deserves to have their own ethnostate i think jews are crazy for wanting it in the middle of savage muzzies but whatever floats your boat,1,10354370_gab,"[""Islam"", ""Jewish""]"
mgtow reeks of kike subversion if you subscribe to that idea you are playing into their hand you are rejecting natural law and giving up on the biological goal of your existence you are giving up on your race and nation sort your life out or swallow a shotgun blast,1,26224458_gab,"[""Caucasian"", ""Jewish"", ""Men"", ""Other""]"
yeah they got executed by russian kikes what kinda kike are you,1,20399784_gab,"[""Caucasian"", ""Jewish"", ""Other""]"
is that chief alinskyite chitownboystownbathhouseboi rahm emmanuel looks sounds like that kike,1,21463925_gab,"[""Caucasian"", ""Jewish"", ""Other""]"
trump containing silence on the sa genocide and his grovelling for israhell tells us who this guy really is and who he works for trump is a traitorous pig along with his filthy kike first bitch nin nuke israhell now,1,25799382_gab,"[""Caucasian"", ""Jewish"", ""Other"", ""Women""]"
thanks jews we were told pt blank by kikess barbara lerner specter this had to take place,1,27002468_gab,"[""Jewish""]"
it makes a strong argument anybody guess whether it is a kike or a chink,1,23594961_gab,"[""Asian"", ""Homosexual"", ""Indigenous"", ""Jewish""]"
death to niggers death to monkey ape kike shit lickers,1,25007143_gab,"[""African"", ""Jewish""]"
jesus spoke aramaic in a galilean dialect distinguishable from jerusalem while many believe the n.t. was translated from hebrew it was not the n.t. was first translated from aramaic the kike religious belief back then was called pharisaism not judaism,1,24464687_gab,"[""Jewish""]"
the sad sack south worshippin the football nigger on saturday and the jew jebus on sunday,1,7069129_gab,"[""African"", ""Jewish"", ""None""]"
you are a kike loving nigger who still uses your mom insults you should just do the world a favor and attach yourself to the end of a rope,1,17200507_gab,"[""African"", ""Jewish""]"
it strategy goy first we lure in beaners with a false sense of security then we let them win we can not lose trump a brilliant businessman he knows what he doing,1,17728107_gab,"[""Hispanic"", ""Jewish"", ""Refugee""]"
it so nigger future blm member is what you sound like are you from houston this sounds like that nigger garbage from that shithole damn break that programming you are a jew tool,1,18827263_gab,"[""African"", ""Jewish""]"
<user> had to refollow you you goddamn jew nigger faggot cunt maple syrup drinking muzzie or fantastic gentleman take your pick,1,8079416_gab,"[""African"", ""Homosexual"", ""Islam"", ""Jewish""]"
do not break your arm jerking yourself off on twitter kike,1,18041918_gab,"[""Jewish""]"
i can not disagree there however to justify avoiding vietnam a large swath of boomers absorbed the toxic critical theory marxism their kike professors were pushing then spent their lives assisting the kike takeover a senior class prank of burning down the high school,1,14584979_gab,"[""Jewish""]"
<user> lets the degenerate kike <user> ‍ fuck him in the ass and cries piteously during the torrid act but deep down he very much aroused at the idea of a filthy jew dominating him that a real radical agenda next week tune in for the threesome with paul nehlen,1,23129338_gab,"[""Jewish""]"
by whom you faggoty nigger loving overlord hey we are shaking in our jackboots u did not do this we did so fuck you,1,23290211_gab,"[""African"", ""Homosexual"", ""Jewish"", ""Minority""]"
lmao i am no pump and dumper nor am i a kike but i definitely follow some kike stereotypes,0,17824595_gab,"[""Jewish"", ""None"", ""Other""]"
i have no doubt rads would say i sound kike you,1,18532486_gab,"[""Jewish"", ""None""]"
good gawd she looks like the prototypical kikess with that rat fuckin face <user>,1,12904097_gab,"[""Jewish"", ""Women""]"
bc she a yid,0,16499171_gab,"[""Jewish""]"
i am a retard or a jew for noticing the crazy claims that jews published themselves regarding the holocaust nice try kike,1,16462384_gab,"[""Jewish"", ""None""]"
as long as you do not call them ugly kike whores you are probably fine my feminism allows men to respond to bitchy women as well preferably in a classy way myself included but i mean women like <user> are classy only in maga fantasyland using words like dyke and faggot deplorable,1,12845220_gab,"[""Homosexual"", ""Jewish"", ""Women""]"
why i am boycotting thor ragnarok disgusted by the nigger portrayal of heimdal first two movies affront by the japanese director having a sheboon playing a valkerie white women that take the warriors slain on the battlefield to valhalla claiming most suitable actress <number> of <number>,1,10510109_gab,"[""African"", ""Jewish"", ""Women""]"
bloodthirsty kike is bloodthirsty,1,23574935_gab,"[""Jewish""]"
i wish these retarded filthy sub humans would quit that you know what i find funny about this particular go round she whiter than the kike schumer talk about the pot calling the kettle names eh,1,19511749_gab,"[""Jewish"", ""None""]"
he a kike pretending to be a christian,1,20622765_gab,"[""Jewish""]"
a god dam kike only thinks about sucking babydicks and making believe they holy,1,18315448_gab,"[""Jewish""]"
i fully support yair netanyahu efforts in helping expose this evil international kike crime syndicate down with the jews down with the reptiles,1,12058809_gab,"[""Jewish""]"
as to followers remember that twitter followers are cheap to buy and i would not be surprised if twit fucked w travis feed there are like <number> gopers running a lot of them after being asked by the rats sacramento is like chicago totally corrupt hell hole run by wetback mafia,0,22440512_gab,"[""Hispanic"", ""Jewish""]"
no problem naming the kike is just and righteous,1,17177315_gab,"[""Jewish""]"
precisely even the japanese were forced into becoming the aggressors by hymie oil and manufacturing monopolies,0,4655378_gab,"[""Jewish"", ""None"", ""Other""]"
the most resounding reasoning i have seen to be happy for the destruction of net neutrality is that subhuman shitstain george soros wanted nn get fucked kike,1,16159744_gab,"[""Jewish""]"
plenty of kike christians like pelosi worry about your own kikes dumb pussy,1,21861414_gab,"[""Christian"", ""Jewish"", ""Women""]"
when neil armstrong died the lack of msm articles celebrating his life was striking they can not wait to disappear one of the greatest accomplishments in history which whites are <percent> responsible for because whatever negress geniuses the jews in hollywood invent it is not enough,1,10806236_gab,"[""African"", ""Jewish"", ""Women""]"
pan you cheater you are no newfag you are an expert on bloated kike identification,1,20624917_gab,"[""Heterosexual"", ""Homosexual"", ""Jewish""]"
that high verbal iq did not help that one heeb it would seem that basic bitch knowledge,0,12442595_gab,"[""Arab"", ""Jewish""]"
further circa <number> mild retardation was marked at iq <number> once the jew headed uncivil rights nigger promotion scam was underway it was realized niggers mean iq is <number> mild retardation so they lowered retarded to <number> on paper but everyone knows niggers are retarded mentally,1,17825834_gab,"[""African"", ""Jewish""]"
how about fuck off and eat shit you yid bastard,1,22203028_gab,"[""Jewish"", ""None""]"
um as i have said before negative ghost rider we do not accept queers or jews the pattern is full,1,18916303_gab,"[""Homosexual"", ""Jewish""]"
this is a good lovefest i am glad all the whining kikes refused to go pelosi is there and just refused to clap for the successfully integrated house nigger smdh,0,18968305_gab,"[""African"", ""Jewish""]"
what happened zhids happened,1,17038569_gab,"[""Jewish"", ""None""]"
trump needs to fire that kike rod rosenstein he should have known you can not trust a jew,1,8927382_gab,"[""Jewish""]"
more kike propaganda in europe almost no one circumcises their boys it genital mutilation,1,14287638_gab,"[""Jewish""]"
u fucking kike troll eat shit with your nazi obvious cuckfaggory,1,17364832_gab,"[""Jewish""]"
you fucking cucktards are the ones running point for antifa y all are the real wignats <user> is going to talk to the fbi about the criminal acts of antifa terrorists he shouldn t do that oy vey goddamn kike ass mother fuckers,1,22628109_gab,"[""Jewish"", ""Men""]"
got a twitter account suspend so here i am nigger nigger nigger jews are duplicitous and you should not cuck for them,1,12442537_gab,"[""African"", ""Jewish""]"
as usual it was just another pussy hat wearing faggot and dyke march,1,22373929_gab,"[""Homosexual"", ""Jewish""]"
<user> <user> check out the hook nose on flake,1,1178806702700933121_twitter,"[""Jewish"", ""None""]"
who are these people most of them are jealous angry people from other nations acting out emotionally any american who is parroting the kike line of american identity does not exist should be presumed to be mentally ill if you do not exist then what are you fighting for,1,12763421_gab,"[""Jewish"", ""Other""]"
fucking kikes and kike lovers,1,23809328_gab,"[""Jewish""]"
you wanna defend this hasbara kike thot too,1,27872681_gab,"[""Homosexual"", ""Jewish"", ""Women""]"
iow you have no real point you retarded yid bastard,1,10965784_gab,"[""Jewish"", ""Other""]"
you just mad that i troll like a boss who happens to be a lady <user> thinks i am not a rate faced kike or worse i will go with his instincts,1,13509836_gab,"[""Jewish""]"
jews are both a race and a religion and i called him a kike because he admits that he a rouge zionist but i guess he could just be a kike sympathizer,1,11673934_gab,"[""Jewish""]"
going to be doing a stream on nick fuentes this kike faced faggot soy boy shortly only white nathionalsit are welcome starting in <number> minutes or so kick nick soy boy nick patrick 2020,1,27238616_gab,"[""Homosexual"", ""Jewish"", ""Men""]"
<user> <user> white zionist monopoly capital is the master of all opposition parties who are in parliament excluded <user> white zionist monopoly capital is the master of all saunoin excluded <user> and this wzmc fake sa media excluded <user> and <user>,0,1178614946386579456_twitter,"[""Jewish"", ""None""]"
why has this happened mr kike lover they were expelled <number> times in previous civilizations chosen thiefs of satan is the problem of humanity if you dont belief me ask jesus he too was a national socialist then jews killed him you are missing the bigger picture mr kike lover,1,13726041_gab,"[""Jewish""]"
fuck you kike,1,19410887_gab,"[""Jewish""]"
why are there tv commercials featuring ugly nigger bitches checking their dna humans do not care and are repulsed get rid of that nasty jew fetishized shit,1,14017990_gab,"[""African"", ""Jewish""]"
hard to out kike the kikes politics is their game hopefully gen zkb will figure a way to oven them all,1,13958561_gab,"[""Jewish"", ""Refugee""]"
so you are who kike central sent to gab to stop shoah <number> electric boogaloo i realize team kike is spread thin with so many websites to keep the goyim from knowing on but fuck how well are you sleeping these days,1,11912919_gab,"[""Jewish""]"
its probably bcz you are dumb thats all you do not have to be muslim to see beast of the field <number> are fucking up all white countries trying to sink us and hoping to make world brown all start with yid plague,1,25268922_gab,"[""Arab"", ""Islam"", ""Jewish""]"
priceless intro to gab i will follow just because you said shithole country lmfao welcome to gab home of the anti semites also home of the muslime and nigger haters <happy>,1,19930942_gab,"[""African"", ""Islam"", ""Jewish"", ""Other""]"
of course because steve jobs was a gay faggit kike himself,1,14500990_gab,"[""Homosexual"", ""Jewish""]"
dont kid yourself you look like a cross dressing faggot himey boy now take a hike kike,1,13740157_gab,"[""Homosexual"", ""Jewish"", ""Refugee""]"
let the kike sluts chase us its nice to feel wanted however i rather chase women of my own caliber,1,14267907_gab,"[""Jewish"", ""Women""]"
what is behind the treasonous uk govt actions mooslim oil money or jewish money,0,21441395_gab,"[""Islam"", ""Jewish""]"
serious question does this kike not understand he is rich follow up what exactly does he imagine rich to be if not him,1,7578858_gab,"[""Jewish""]"
there is no greater endorsement than condemnation from that filthy kike soros,1,27262454_gab,"[""Jewish""]"
jews have not and will never be white anybody who suggests otherwise is either a kike or a race traitor and deserves a gassing,1,25743035_gab,"[""Jewish""]"
fucking kike loving magapedes kys you sniveling faggots,1,25681656_gab,"[""Homosexual"", ""Jewish""]"
yea stunned the fbi are a bunch of ratfaced jews,1,18422173_gab,"[""Islam"", ""Jewish""]"
i will keep my bigotry right here thanks you people niggers and jews and i can not think of anything worse than nigger jews double whammy of wtf,1,17847403_gab,"[""African"", ""Asexual"", ""Indigenous"", ""Jewish"", ""Minority"", ""Nonreligious"", ""Other""]"
is anything owned by gentiles anymore in this country the kike freaks own everything,1,20472665_gab,"[""Asexual"", ""Caucasian"", ""Jewish"", ""Minority"", ""Other""]"
the hpv causes cancer scam was introduced to the goyim so as to make mega shekels on yet another bogus kike vaccine here goyim we have gardisil for your girls and boys do not buy the kosher bullshit bro,1,14059560_gab,"[""Jewish""]"
sli mg is not a good place to put your pics they say your pics are never deleted well they lie i can not even upload any more f ing kike bitches,1,4473541_gab,"[""Jewish"", ""Women""]"
neither jews or moslems could wreck havoc on western nations if these nations were governed by patriots jews would not have been allowed anywhere close to places of decision making and consequently neither moslem or non moslem black brown invasion would have been possible,0,12702256_gab,"[""Islam"", ""Jewish"", ""None"", ""Other"", ""Refugee""]"
being managed by a ny kike what else would u expect,1,20429127_gab,"[""Jewish""]"
literally every single fucking time it still honestly surprises me any time i find something that evil anti white or anti western civilization there is always always a fucking kike involved,1,26779064_gab,"[""Jewish""]"
boomers lolbertarians and kike shills are all here the platform is really picking up leftists know we made twitter much more interesting,1,17465908_gab,"[""Jewish"", ""Other""]"
i often wondered if the kike psycho tortured and brain washed him while he was incarcerated,1,17018343_gab,"[""Jewish""]"
i wanna see a <number> me page now ya dingo kangz larper you are a kike and ya know it at the very least ya post like one,1,8333159_gab,"[""Jewish""]"
sand nigger rats at it again,0,26015173_gab,"[""Arab"", ""Jewish""]"
pile of shit ny jew kike failure,1,20429337_gab,"[""Jewish""]"
only a kike spouts this shit,1,12948507_gab,"[""Jewish""]"
this of course is just donald trump charming kike son in law helping out the don with 4 d ultra hi res techni colour chess you will have to admit it sooner or later america trump was controlled opposition against clinton,1,11917412_gab,"[""Jewish""]"
the jews juden are whitewashed palestinians arabs the only reason they have any brain is because of us otherwise they are nigger semites arabs sandniggers,1,27543139_gab,"[""Arab"", ""Jewish"", ""Other""]"
people should not apologize criminal gov must in this case this merchant yid whore who lies she is a queen while does not have even a drop of royal blood,1,23973351_gab,"[""Jewish"", ""Women""]"
lmao wow they really do not allow you to go around calling people kike on twitter anymore lmfao banned again,0,4299781_gab,"[""Jewish"", ""None""]"
rumor is sustain and able are in their bible and that green rumor is kim jong un just has gas and they want to use it to power a rocketship to mars never had a jew shoot at me in africa had a shit load of muzzies try their luck,1,14860238_gab,"[""Islam"", ""Jewish""]"
oy vey she turned me into a kike ffs,1,15254763_gab,"[""Jewish""]"
we are literally going to have this taken down eventually it one thing if you are a kike it another if you are a kike dog,1,19451128_gab,"[""Jewish""]"
i may be worthless but you are an honor stealing faggot bc if you were kurdistan you would not be sucking jew dick the way u do you are a liberal american kike most likely,1,18974594_gab,"[""Caucasian"", ""Homosexual"", ""Indigenous"", ""Jewish"", ""Minority""]"
oh karma she right around the corner its hit this yid when she less expected,0,17470399_gab,"[""Jewish""]"
before we blame dykes kikes spics niggas whit trash redneck honky trailer trash why do not we look at what part we played in a situation why do not e ask ourselves what could i have done to prevent it did i even try,0,23788375_gab,"[""African"", ""Caucasian"", ""Hispanic"", ""Homosexual"", ""Jewish"", ""Other""]"
you have already tried the standard shit i see here daily you gonna answer or try and kike me again last chance bro do not dance with fire if you are scared of being burned,1,25443383_gab,"[""Jewish"", ""None""]"
nice i like where ur head is kike rinds,1,20505552_gab,"[""Jewish""]"
kike dike kathy schrock is leading educators all over the nation in ed tech a movement to get your kids more engulfed in techno addictions ed tech also pushes children away from local traditions into the curriculum models of silicon valley altrighteducation,1,21198393_gab,"[""Homosexual"", ""Jewish""]"
you are so autistic that you can not understand metaphysical arguments lol stupid spiritual kike just like the pharisees,1,22601151_gab,"[""Jewish""]"
what space nigger bangs a white girl jew show are the normie roomates watching today black mirror,1,13979339_gab,"[""African"", ""Caucasian"", ""Jewish""]"
thanks linus and you are the only oven dodging kike i follow,1,16639230_gab,"[""Jewish""]"
sad imagine being a jewess so low on the talmudic scale that the shuttle you off to run the dying print saggy nigger tits magazine,1,21553592_gab,"[""African"", ""Jewish"", ""Women""]"
you can not form an argument your position on child abuse is indefensible so you resort to low energy attacks it really sad i am ashamed to think you are white tell me you are a kike or something to give me a reason to keep trying to save my people,1,15743373_gab,"[""Jewish""]"
<user> this is the twat who wants to start another holocaust in eire,0,1179093412290711554_twitter,"[""Jewish"", ""None""]"
jews still live as in the o.t. cultish self serving warring and against criticism b cos they have developed a culture of pharasitic entitlements they are not enlightened they still sacrifice animals with all their posturing they still reject god,1,1179058422421041152_twitter,"[""Jewish""]"
wtf is a sheenie,1,19463370_gab,"[""Jewish"", ""None""]"
i bet that pro kike whore is really threatened by you,1,26934858_gab,"[""Jewish"", ""Other""]"
do not like trump and his kike connection,1,25638733_gab,"[""Jewish"", ""Other""]"
be a good little yid and hop in the oven,1,14994943_gab,"[""Jewish"", ""Other""]"
the <number> million jews killed hitler prove me wrong is my favorite troll on kike book right now,1,25660109_gab,"[""Jewish""]"
oh yea i hate jews but also hate their moslum cousins no semetic sand creatures allowed in white nations with jews you lose ban islam,1,16646910_gab,"[""Islam"", ""Jewish""]"
you mean a typical subversive perfidous christ killer kike,1,17827302_gab,"[""Jewish""]"
i think it a conspiracy i think they are truly engaging in a slow modern holocaust globally in white people sknce <number> but instead of five years of hitler the reverse is a <number> plus year systematic invasion harassment and redistribution,0,1178886553667604480_twitter,"[""Jewish"", ""None""]"
mormons came one gay nigger away from having the presidency prairie jews must be stopped,1,12922811_gab,"[""African"", ""Homosexual"", ""Jewish""]"
any last words before you join your fellow kike trolls on my mutes list go ahead rube now your chance make it count post something really smart mouth this time,1,25661371_gab,"[""Caucasian"", ""Jewish"", ""Other""]"
the kike in question is the one in the video yelling at the cops they did not do anything wrong,1,24211592_gab,"[""Jewish""]"
jews are disgusting subhuman animals the world would be so much better if every jew died tomorrow words can not describe how much i hate the rat faced kike vermin,1,20766525_gab,"[""Jewish""]"
i have multiple jobs i am self sufficient and could get more work if i wished you on the other hand will always be a kike or a shabbos goyim <happy>,1,22369186_gab,"[""Jewish"", ""None""]"
you are the definition of a kike who mad because you did not manage to exterminate all the goyim,1,15043126_gab,"[""Islam"", ""Jewish"", ""Other""]"
you are a faggot confirmed and likely a kike as well it is kikery to claim you hate x this means you are x,1,16771777_gab,"[""Homosexual"", ""Jewish""]"
bs poland people did not say or want anything polish yid want to separate slavic people and us people should stay away,0,26563492_gab,"[""Jewish"", ""None""]"
civic nationalist crusader ricky it not the jews vaughn posts weird gab post about a rabid fat kike posting kike shit,1,14846604_gab,"[""African"", ""Jewish""]"
i wonder if this jewish teacher argued to dismiss the case against him because the talmud clearly states that goyim children were not human of course they bring the muzzies partly because these mohammedan degenerates have no problem what so ever with this sort of outrageous behaviour,1,7565117_gab,"[""Arab"", ""Islam"", ""Jewish""]"
and trump loves it he is a kike puppet,1,20820201_gab,"[""Jewish""]"
the nigger con taking the gun from the jumped up meter maid and killing her the white male cop is classic proof of the real world lethality of the feminist poison injected by the god damned kikes into the brains of naive women,1,27728689_gab,"[""African"", ""Jewish""]"
if nick the spic is white than i am a nigger jew,1,25646413_gab,"[""African"", ""Hispanic"", ""Jewish""]"
come on cunt surely you can dig deep into that insult gab handbook and call me a kike again old man hahaahah,0,27966227_gab,"[""Jewish"", ""Women""]"
lol shit tier hasbara yids his boss said use the word yall and this kike goes ultra turbo and drops it every second word oy vey goyim i am a real southerner yall roflmao,1,17200054_gab,"[""Jewish""]"
totally ruined by using a soyboy entertainer married to a kike instead of rowdy roddy piper,1,25906761_gab,"[""Jewish""]"
despite jews being <percent> of the russian populations over <percent> of the soviet commissars in <number> were jews of these <number> kike murderers <number> had been living in the us the remainder stayed behind to destroy and enslave americans you live in soviet union <number> <number> <number> was their takeover completion,1,12457086_gab,"[""Jewish""]"
no kike jokes,1,12438604_gab,"[""Jewish""]"
invade afghanistan we need to destroy countries and steal their resources jew happily rubs hands millions are bombed and die in afghanistan keep going american troops die as well fighting the jews war aw i didnt think our men would die too those damn muzzies <sad>,1,8762820_gab,"[""Arab"", ""Islam"", ""Jewish""]"
i agree all shitskins need to be gassed along with their kike puppet masters,1,25744911_gab,"[""African"", ""Jewish"", ""Other""]"
<user> <user> what wrong that she calling them white supremacists when they are literally jewish,0,1178223346674098176_twitter,"[""Jewish"", ""None""]"
so about trump taxes and rachel maddow somthing i found on <number> pol anonymous <date> tue <time> no <number> dumb dyke dumb kike dumb dykekike,1,6128665_gab,"[""Homosexual"", ""Jewish"", ""Women""]"
i am a disgusting fucking kike who works for the msm sued his own mother and paid for some weird porn shit so i do not have to worry about rules,1,6296007_gab,"[""Jewish""]"
hey you all ever think about those negro boys up in the north and think of how rich they are ever think about lynching them then buy my new lynch that as dirty as those jew loving nigger boys maga daca iasip pandr assduo asduo assdup asdoijasodij asdoihoiashdoih aosihdoaishd oiahosidhaoishd joaisdaoishd,1,20606774_gab,"[""African"", ""Jewish""]"
i wreck every argument you make so you call me dumb lol ok kike,1,25051192_gab,"[""Jewish""]"
i found a hasbara kike everyone,1,17188770_gab,"[""Islam"", ""Jewish""]"
politico terminated the contract of that kike bitch julia ioffe early due to her stupid fucking tweet,1,2867627_gab,"[""Homosexual"", ""Jewish"", ""Women""]"
now we just got to get her kike overlords in there with her and drop a few zyklon pellets on the hot plate and we are in business,1,17087509_gab,"[""Jewish""]"
after many suspensions i was permanently suspended from twitter not worth the effort to keep making new accounts they are totally kike controlled,1,13805216_gab,"[""Jewish""]"
second degree disorderly conduct you fucking rat kike get gassed,1,25718995_gab,"[""Jewish"", ""Other""]"
btw she also said that hitler dindu nuffin,0,1178713178936676354_twitter,"[""African"", ""Jewish"", ""None""]"
hmm wow cant say im cool with that you guys will have to drop that kike or im out tbh <user> ‍ <user> ‍,1,25282597_gab,"[""Jewish""]"
can not do politics offline when degenerate scum like you control the offline that why we have to siege kike shill,1,23990651_gab,"[""Jewish""]"
already millions looking at him saying he is a kike shill moron he out in <number>,1,23785295_gab,"[""Jewish""]"
communist muzzrats and jews together,1,22703602_gab,"[""Islam"", ""Jewish""]"
i was gassing coons and kikes when you were just a fan i got bunkers filled with nothing but zyklon cans,1,15883236_gab,"[""African"", ""Jewish""]"
too many kike trolls on gab trying to trigger the goyim,1,25580645_gab,"[""Jewish""]"
at least he is human kike rat,1,18033237_gab,"[""Jewish"", ""Other""]"
weev and ricky go way back therefore trs is required to do whatever the midget kike and his anti white faggot buddy want,1,23086085_gab,"[""African"", ""Homosexual"", ""Jewish""]"
on the advice of kike snake in law kushnah trump appointed neo cohen war monger assholes like mattis dothead haley and tonight was the predictable result,1,6780068_gab,"[""Islam"", ""Jewish"", ""Other""]"
hey niglets when your jew team owners see you go down on your knees do not be surprised when you find out how small their pps are might want to suck your thumb for practice,1,12544784_gab,"[""African"", ""Jewish""]"
you are right jared we should not judge tara or lauren southern by their distant yid ancestry arguing percentages is frivolous but we should judge them on the positions they take on the issues,1,10994515_gab,"[""Jewish"", ""None""]"
plenty of e celebs have covered israid sending africans from israel to europe patrick little promotes zionism as the solution to the jq he wants to reward jews with their own ethno state in response to them ruining ours this is the type of kike you are supporting m8,1,26732378_gab,"[""Jewish""]"
do not leave out the kike bolshevik revolution bodycount of <number> million hitler was a christian,1,14288558_gab,"[""Jewish""]"
commie yid bastard,1,27501024_gab,"[""Arab"", ""Jewish"", ""Minority""]"
follow <user> he a good goy who physically removes antifa and frequently gets banned from kike social media previous post was wrong account,1,18346631_gab,"[""Jewish"", ""Minority""]"
trump is a fucking kike liar,1,12131802_gab,"[""Jewish"", ""Minority""]"
i here what your saying it just so annoying being at the end of this kike rabbit hole and not being able to do anything about it,1,19208151_gab,"[""Jewish""]"
<user> i am just worried is all lots of jew news fake news out there signalling a 3 rd term for the gay jew muslim jigaboo and his marxist kike administration,1,2693514_gab,"[""African"", ""Arab"", ""Jewish""]"
frankly patrician i have always wanted to tease him in with nothing but sex on his mind and then skewer both his testicles with an icepick premier kike propagandist that he is,1,18740102_gab,"[""Jewish""]"
pls dont talk to me reality is too much for my kike infested mind,1,20983237_gab,"[""Jewish""]"
march for our lives protesters trash streets of d.c. after gun control march similar to environmental protests compare to conservative dan bake sale that left streets spic and span after <number> gathered in fort collins,1,22425202_gab,"[""Hispanic"", ""Jewish"", ""None""]"
he said with a mouthful of nigger jew dick,1,6275765_gab,"[""African"", ""Jewish""]"
actually go be a kike or other non aryan somewhere else,1,18322605_gab,"[""Jewish""]"
no one cares kike,1,18350822_gab,"[""Jewish""]"
nope jews protect soros you go after the everyday normal kike make them cry out in pain as they strike you we need to make jews afraid again,1,15204821_gab,"[""Jewish""]"
the royals deserve no respect after the rothschilds took over the british empire after the french revolution but now they are absolutely beyond redemption with letting one of them marry a half nigger half jew every royal should be exterminated for this kill everyone related to them by blood too,1,15217159_gab,"[""African"", ""Jewish""]"
yes because a name determines who is a kike and who is not obviously i am just as much a full blooded german as my great granduncle and namesake,1,23588213_gab,"[""Jewish""]"
an immigrant are you a filthy kike was the question i think you just answered it they have been given every advantage if by they and every advantage you mean niggers and the racist policies that give them the advantage like affirmative action then you are correct,1,14848345_gab,"[""African"", ""Jewish""]"
ibor is dumb boomer kike shill proposition only paul nehlen shall not censor is worth a while,1,26871375_gab,"[""Jewish"", ""Other""]"
as sun set tzu hu who was little more than twenty two said when you can talk about jews in public with the aplomb of a housecat taking a shit then my son you have achieved mastery of politics dig it that eastern wisdom my weak skinned nigger,1,23192800_gab,"[""African"", ""Jewish""]"
game over kike suddenly you have amnesia i would say where we met and talked i do not want to broadcast it so you have dirt on me anyways identity very confirmed hoe,1,14477029_gab,"[""Islam"", ""Jewish""]"
some ideas for protest chants i am gay horse eat hay i am a jew i dropped out of school faggots make some noise nazis do not deserve a voice i have teeth i have teeth my father is distant we must remain resistant,0,1179097859154595841_twitter,"[""Homosexual"", ""Jewish""]"
la tradución es una mierda kike soy español y ponen vuestra base de ingles de mierda de izquierda comunista,0,25520976_gab,"[""Jewish"", ""None""]"
you must be a faggot a kike or both fuck off back to twitter you fragile cocksucker,1,16928175_gab,"[""Homosexual"", ""Jewish""]"
be good for you to knock off promoting the fictional kike faggot jesus christ insanity perversion in general,1,19679152_gab,"[""Caucasian"", ""Homosexual"", ""Indigenous"", ""Jewish"", ""Men"", ""Minority""]"
zionism is the epitome of evil we must demand that the us congress ceases the funding of the atrocities committed by zionists against palestinians gazans lebanese any other muslim country or people iran will never bow to israel or saudi arabia the world will not either,0,1178876366189498368_twitter,"[""Jewish"", ""None""]"
eli lake was on the special report panel tonight he generally fair to trump but he was in full talmudic rage tonight ripping on trump at every opportunity i suspect cohn ouster along with the tariffs has ruffled the feathers of the kike community,1,21155879_gab,"[""Jewish""]"
there were not but <number> kikes that left europe during the war per the european jewish congress in <number> no one is sure if they died or left the <number> gorillion is another kike lie,1,23533025_gab,"[""Jewish""]"
this is a confirmed kike demanding you click on it kikey unsecured link this allows the kike to view personally identifiable info on you entirely unsecured demand https boycott niger jewess,1,12977068_gab,"[""African"", ""Jewish""]"
it sounds like a kike to me i doubt that is even her photo or it a female <happy>,1,19792576_gab,"[""Jewish"", ""Women""]"
you degenerated kike fuck you stole the land from palestinians israel was never a country asshole,1,25623636_gab,"[""Jewish""]"
fuck splc and every filthy kike on planet earth,1,22968073_gab,"[""Jewish""]"
could you even imagine how many crimes there are that these mexican invaders have covered up by the kike media i can not even begin to theoretically comprehend how bad it is,1,25464404_gab,"[""Hispanic"", ""Jewish""]"
last time i checked it was the alt right that got trump in office kike do not act like you do not know that,1,18365890_gab,"[""Jewish""]"
so they burnt the talmud in the notre dame cathedral now jews and muzzies celebrate muzzie cucks and jewish bucks,1,1118282845263421445_twitter,"[""Islam"", ""Jewish""]"
that because you never voted in a muzzo nigger before,1,23641038_gab,"[""African"", ""Arab"", ""Islam"", ""Jewish""]"
i want to go back to school and get an education but i am poor and colleges are kike rip offs i am not satisfied with where i am in life and honestly have no clue where or how to start pushing forward,1,20084998_gab,"[""Jewish""]"
i raped the jews because it diddled sarah palin,1,1178645475752370176_twitter,"[""Jewish""]"
you pieces of cuck shit jew lovers voted in fat slobby dike merkel an dick haids in france sweden and uk so you all deserve muslim misery <number> <number> sorry for the few normal whites left in those countries,1,20609371_gab,"[""Homosexual"", ""Islam"", ""Jewish"", ""None"", ""Other"", ""Women""]"
i like it i can not wait to watch the kike dem leadership attempt to figure out who to run in <number> that will not completely piss off either blacks or squatamalans it keith elison v tom perez times one billion,0,11385564_gab,"[""Hispanic"", ""Islam"", ""Jewish"", ""Refugee""]"
the policy was wonderfully effective it succeeded in keeping insane kike with taco beaner last name nicholas cruz from suffering the fate of the school to prison pipeline everybody sing kumbaya kumbaya,1,21149794_gab,"[""Hispanic"", ""Jewish"", ""Refugee""]"
hail victory white lives matter make america white again stop white genocide this is proof what future arayn race has to face nsm 88 kk nazi american partys wail you all do nothing this is what each day draws near it does exsit black supremacy is africa new sloggen and the nigger jews here in america awaiting for white genocide,1,22606052_gab,"[""African"", ""Jewish""]"
make amuriker kike again and again and again and,1,24358018_gab,"[""Jewish""]"
fuck off kike,1,6369122_gab,"[""Jewish""]"
only fools think any kike is on the side of whites that foes triple for jewfags,1,13013412_gab,"[""Jewish""]"
<user> you sound like a huge faggot fuck off kike lover,1,2149515_gab,"[""Homosexual"", ""Jewish"", ""None""]"
i kike the idea of an uncensored social media app but why no iphone app why is not there more advertising there also needs to be something more unique about it other than free speech,0,14873005_gab,"[""Jewish"", ""None""]"
adl kikes team with jewoogle and all right wing sites get attacked or shut down this will not stop us it will only make us stronger and bring more attention to you kike terrorist free dailystormer,1,10750547_gab,"[""Economic"", ""Jewish""]"
<number> announcement that fucking kike drudge just gave me the biggest blue balls,1,20617485_gab,"[""Jewish""]"
i have not paid attention to this cunt at all but whatever conceivable sexcapades she may or may not have gotten up to with trump they can not be nearly as gross and degenerate as what faggot kike anderson cooper has done,1,22462238_gab,"[""Homosexual"", ""Jewish"", ""Women""]"
yeah i am neither jewish nor a homosexual but they love to call me a kike faggot i mute freely <happy>,0,17744046_gab,"[""Homosexual"", ""Jewish"", ""None""]"
except he a kike so why do we have to listen to his opinion do not we have enough of them bossing us,1,23459624_gab,"[""Jewish""]"
what we needed were <number> minute videos playing <number> <number> in <number> tv warning us about the evil hart celler kike change the people immigration scheme,1,12371448_gab,"[""Jewish""]"
milton is a kike lover who pretends to be against communism when he promotes degeneracy,1,20511112_gab,"[""Jewish""]"
trumps calls shitskin countries shitholes and is lauded as a hero hillary called blacks super predators but is still a villain the power of kike brainwashing,1,17933849_gab,"[""Economic"", ""Jewish"", ""Other""]"
because scumbags still hate italians as europeans but love spic scum latino trash bags spics of all kinds get a pass even though many spikos hate nig nigs and heebs imagine that in this day and age jew broads prejudice against italians,0,13170998_gab,"[""African"", ""Hispanic"", ""Jewish""]"
you really know nothing product of the kike you need to go do more research i really don have time to educate you this might be to advanced for you,0,27697140_gab,"[""Jewish""]"
ok good night mr kike faggot sleep tight,1,26616403_gab,"[""Homosexual"", ""Jewish""]"
claims intelligence posts headline from drudge run by a faggot kike hillary lover your a shill parody of yourself q qanon maga shills,1,23417113_gab,"[""Homosexual"", ""Jewish""]"
it an old post that was cherry picked after the fact this kike is full of shit,1,3TCFMTM8HEP9WD44AOLN6VRTM9T218_nf_6,"[""Jewish""]"
you outed yourself as a kike that was my goal or did you want to dazzle us further with your jew bantz go for it or you could be looking for tel aviv apartments to save your skin ps jewish landlords are notorious slumlords so shop around kike,1,11958098_gab,"[""Jewish""]"
i heard about it from an epileptic kike journo,0,20371641_gab,"[""Jewish"", ""Other""]"
<user> hey joo phebus you have still never explained your ties to jew lawyers and liberal actvists like diversity law group all you had to do is explain but you refuse but you demand others explain things to you you are such a textbook heeb operative just poorly trained,0,25893116_gab,"[""Jewish"", ""Other""]"
of course he is a fraud lol he belongs to a group of e celebs that leech off of any popular movement to enrich themselves it called the merchant right and most of them are jews or mudshark feminists in disguise,0,16385708_gab,"[""African"", ""Caucasian"", ""Jewish"", ""Women""]"
we need to meme betsy devos as a kike crushing demon lmao,1,4934708_gab,"[""Jewish""]"
morbious stone comment to reality bwhahahahahaha you retard go back over my posts you stupid gay nigger licker you are good for jews,1,15735107_gab,"[""African"", ""Homosexual"", ""Jewish""]"
neo and hank please beware of these kike lovers mark them just as you would make the jew satans messenger in the flesh,1,25628690_gab,"[""Jewish""]"
<user> we are not all in this tohether you fucking kike shill your people are going to get the gassing you habe been been beging for for the last <number> years you christ killing heeb you,1,11531871_gab,"[""Jewish""]"
no one did it to the niggers you lying kike whore,1,21925689_gab,"[""African"", ""Jewish"", ""Women""]"
says mehhir as he sucks off a spic larping as a white boy,1,21871789_gab,"[""Caucasian"", ""Hispanic"", ""Jewish""]"
stone i will never understand how u pick kikes out of a crowed on gab but your damn good at it <user> and that other hypnotized feminist are two kike trolls you called it bud,1,13484608_gab,"[""Jewish""]"
the founding fathers was white the constitution was written for white americans because america was founded by whites build by white for whites you need a history lesson dumb fuck usa is a white hoemland fuckoff kike puppet,1,12043182_gab,"[""Jewish""]"
i have learned so many things from listening to mr bond songs for example there a surprisingly large number of words that rhyme with kike,1,9294761_gab,"[""Jewish""]"
they must destroy the kike he is only a zionist jew puppet destroy israel send all kikes to madagascar asap alt right,1,19713958_gab,"[""Arab"", ""Jewish""]"
buddhists shit on kike filth religions so do most of the world we will kill kikes christfags hajjis as easy as stepping on ants,1,25621523_gab,"[""Christian"", ""Jewish""]"
breaking news kike sheriff pursued into mountains by nra forces lamborgini with broward county police insignia found in forest culvert,1,20615024_gab,"[""Jewish""]"
trump is a kike in sheeps clothing,1,10950260_gab,"[""Jewish""]"
sounds like something that needs a team of shark kike lawyers to sniff out,1,12013273_gab,"[""Jewish""]"
ditto trump has been kissing kike ass since he got in office i will take nehlen anyday,1,17049940_gab,"[""Jewish""]"
we are all out of altruism all we got in stock is generous ultimatums some kike moved in next door and undersold us,1,23617091_gab,"[""Jewish""]"
did i say soley you disingenuous kike rat i said <percent> and it would be better without your <percent> plus the other former <percent> thanks kikes for crankung rhat up to <percent>,1,11534429_gab,"[""Jewish""]"
weinstein is a kike in america he nearly untouchable no matter how many women he raped,1,15513414_gab,"[""Islam"", ""Jewish""]"
i am so tired of these kike terrorists and their evil lackeys,1,24472750_gab,"[""Jewish""]"
so i got called a nappy headed nigger jew 🤣 🤣 🤣,0,22005487_gab,"[""African"", ""Jewish"", ""None""]"
<user> let us do the time warp again ist das jew to ein left and a kike to the right yeah i can see <user> singing it,1,2755794_gab,"[""Jewish""]"
the atma contained in me used to occupy the body of oskar schindler there are nine thousand schindler jews who are only going to procreate i will not go near jews or israel until it aspires to or manifests a level of love prevalent at camp echo lake,0,1178987503942062080_twitter,"[""Jewish"", ""None""]"
ok volks lets downboat this filthy kikess <user>,1,14971294_gab,"[""Jewish"", ""None""]"
this is an issue i have been negligent in paying attention to lately read my fellow kike killers send that boy a care package a book or if your female i am sure he d like to see a pic of a pretty white woman,1,27951683_gab,"[""Jewish"", ""Other""]"
big braineded nibbas have culture of critique i have meatballs all the jew tropes you ever need ultimate kike shit on display <number> iq rekt,1,27200285_gab,"[""Jewish""]"
solo que soy de derecha a l <percent> el virus kike no va con jesús,1,24549535_gab,"[""Jewish""]"
a gook rug muncher aussie mp breaks down when faggotry is given the green light like i always say welcome to babylon goyim,1,14615118_gab,"[""Asian"", ""Homosexual"", ""Jewish""]"
<user> shes a bum n a world renown racist shes on par with farankhan n rev jeremiah wright michelle had non stop criticism for cops white christian repubs jews israel our military i support israel <percent> they r our allies in the middle east m obama soiled white house w her rhetoric,0,1178858224658911232_twitter,"[""Jewish"", ""None""]"
are there any queers in the theatre tonight get em up against the wall against the wall now there one in the spotlight he do not look right to me get him up against the wall against the and that one looks jewish and that one a coon,1,12648130_gab,"[""African"", ""Homosexual"", ""Jewish""]"
you first kike commie,1,17028194_gab,"[""Jewish""]"
solo que seras bombardeas y destruidos como los a los antiguos alemanes la mejor raza masacrada solo virus kike,1,24348147_gab,"[""Jewish"", ""None""]"
boy in the stripe pygama when a yid lost his barmitzvah boy who became friends with a jailed white boy fact of the history all yids were in ss nazi military and all people in concentration camps were either or germans and slavics,0,17832328_gab,"[""Jewish"", ""None""]"
piers morgans on his high horse again this morning telling people in another country that they should ban firearms the reason moslems dont fear anyone in europe is thanks to people like like him promoting the jew agenda of disarming native europeans while inviting in millions of savage moslem beasts,1,12902800_gab,"[""Islam"", ""Jewish"", ""Other""]"
they all took a a filthy kike raping selling their sexual and moral soul for money and fame you do not get to take it with you filthy shiksas when you die,1,14640028_gab,"[""Jewish""]"
she was a holocaust survivor died on rosh hashanah,0,1179012009037312000_twitter,"[""Jewish"", ""None""]"
bs moralfaggotry salinger fyi was a kike pedo,1,18219048_gab,"[""Jewish""]"
what you support obvious fed niggershill kike wignat pipebombers good,1,23334966_gab,"[""African"", ""Jewish""]"
roast this lying kike,1,19225932_gab,"[""Jewish""]"
you are not even white ya fucking kike suck that fuentes spic dick more fake ass kike moonman,1,21726323_gab,"[""African"", ""Hispanic"", ""Jewish""]"
once again kike feds like yourself do nothing but demoralize and divide people you are a fucking kike fed,1,19166924_gab,"[""Jewish""]"
okay and i hope the same happens to you kike faggot,1,26311137_gab,"[""Homosexual"", ""Jewish""]"
the golden sun kike shining like a new shekel in this big oven,1,17528127_gab,"[""Jewish""]"
this is why we will need a trial period giving them a daily quota of loudly shouting kike nigger immigrant faggot sluts any former dem who fails their quota gets to vote for trump once as a confession of their guilt before their execution for violating anti trumpitism laws,1,15977594_gab,"[""African"", ""Homosexual"", ""Jewish"", ""Women""]"
some kike shit right here,1,22020477_gab,"[""Jewish""]"
eu will not last another <number> years i think it will be the italians that eventually bring down the kike show,1,14024764_gab,"[""Jewish""]"
your memes are shit you can only call someone a kike and that it,1,15554540_gab,"[""Jewish""]"
he not white hes a kike,1,23641572_gab,"[""Jewish""]"
lawfare is the arena where the battles are being fought let us make sure we lose as massively as possible to please our kike overlords,1,15252307_gab,"[""Jewish""]"
well at least that kike is honest about his fear of armed goyim,1,25385871_gab,"[""Jewish""]"
deflect all you want kike spawn the whole world saw what happened and people opinions are shifting use all the mental gymnastics you like to justify things for your masters the rest of us have no such strings and can see things with a clear conscious,1,25691623_gab,"[""Jewish""]"
net neutrality was always a kike power move cernovich can eat a dick,1,14943687_gab,"[""Jewish""]"
it was thanks to them that australia brought in the 1 8 c law about racial crap i heard the dick head of the jew council of aust say so on radio they only wanted it because a muzrat was saying jew pigs on fb so we all get this law,1,8160154_gab,"[""Islam"", ""Jewish""]"
fuck feminists and kike media that want to emasculate fathers i piss on them,1,27683915_gab,"[""Jewish""]"
there a kike around every corner a false friend around every bend,1,13285441_gab,"[""Jewish""]"
where do i get news about the possible recount drudge is not putting up links about it being the filthy kike he is,1,16136471_gab,"[""Jewish""]"
<number> jesus was born a jew to jew parents in judea <number> dead people do not live again <number> the problem with claiming i am going to hell forever for not believing in your dead kike is that i do not believe in your dead kike or your hell,1,24809018_gab,"[""Jewish""]"
<user> that explains why you do not have a problem with white genocide you are not white you are a kike that hates european whites fuck off,1,3418902_gab,"[""Jewish""]"
that dude was such a punch able kike too pure cancer,1,7092263_gab,"[""Jewish""]"
the alt right is celebrating because the god emperor called a bunch of nigger countries shitholes and that makes up for having a cabinet staffed by globalist kikes and neocons trump not even knowing his own immigration policies how easily distracted you are by cheap gimmicks,1,17753551_gab,"[""African"", ""Jewish"", ""Other""]"
would not the kike sell it to the nigger they do not ever give things away for free,1,21979713_gab,"[""African"", ""Jewish""]"
bro that yid can run hahahahaha,0,21155705_gab,"[""Jewish""]"
i despise it when news personalities like lauren southern say they are not refugees they are economic migrants no you dumb kike bitch they are i n v a d e r fuck it after what happened to pamela shoot em if they do not leave,1,20978633_gab,"[""Jewish"", ""Refugee"", ""Women""]"
i heard this filthy kike on the lars larsen show yesterday he one of bibi right hand guys apparently,1,21357074_gab,"[""Jewish""]"
<user> had this ru jewish boss who was obsessed with capitalism scared of the us becoming too different aka brown and eternally grateful to reagan for giving him an opening to be a refugee in the 8 0 of course he was the right kind of immigrant lol,0,1179074253439819776_twitter,"[""Jewish"", ""None"", ""Refugee""]"
i think your <number> iq is a bit too high most of the muzzies i have ever dealt with were a <number> iq tops,1,4584513_gab,"[""Islam"", ""Jewish""]"
she a he and it a kike,1,15988874_gab,"[""Jewish"", ""Men""]"
its the jews tucker carlson the mother fucking jews that want war beyween the u.s. and russia say it you kike sucker,0,23888587_gab,"[""Jewish"", ""Other""]"
<user> aslo worrying about putin that i remember something like he said that russia welcomes the jews fleeing from europe and russia still have a kike oblast,1,3942665_gab,"[""Jewish""]"
only the elite looters are enriched when they import 6 0 iq moslem zerg onto welfare section <number>,1,14771408_gab,"[""Islam"", ""Jewish"", ""None"", ""Refugee""]"
tommy kike robinson,1,26513396_gab,"[""Jewish""]"
t r u m p the zionist jew traitor who wants your white children raped by hordes of daca beaner filth the majority of crimes by daca recipients include alien smuggling,1,12144804_gab,"[""Hispanic"", ""Jewish"", ""Refugee""]"
<user> i prefer allah as well praise b2 allah after all allah accepts bitcoin god only accepts kike money end the fed,1,2000298_gab,"[""Jewish""]"
how your kike d c op going today shmule,1,25245711_gab,"[""Jewish""]"
ill tell you for sure that these cunts dont and neither do you im about <percent> sure youre a kike who is pretending to be kurdish so he can spread pro zionist opinions among kurds who israel relies on to disrupt muh shia crescent,1,18971841_gab,"[""Caucasian"", ""Heterosexual"", ""Jewish"", ""Minority"", ""Refugee"", ""Women""]"
a female kike is not a woman or a dame no one should ever reproduce with a jewess to avoid making more jews how is that jewess brave,1,12023581_gab,"[""Caucasian"", ""Heterosexual"", ""Indigenous"", ""Jewish"", ""Minority"", ""Women""]"
more incoherent rambling from a kike who lost the argument,1,25691687_gab,"[""Jewish""]"
wait are u telling us that unwanted zhid cruz from fl was nazi pedo rabi should teach this yid nazi a right way he should prepared oven,1,27716817_gab,"[""Jewish"", ""None""]"
i do not give a fuck you have shown yourself to be weak and a lair cry like a girl and instantly cry fed like a kike cunt weed out the weak we need men in this fucking game not stolen valor niggers fuck off,1,22066859_gab,"[""African"", ""Jewish""]"
<user> is my favorite half kike half nig,1,14558894_gab,"[""African"", ""Jewish""]"
oh shit i did not even read the post fuck <user> is a giant faggot now he cucking for illegals ffs that sub cuckservative next he will be shilling blank slate like a proper school marm <user> plz explain this house nigger in a way that he somehow not a shill,1,5646657_gab,"[""African"", ""Homosexual"", ""Jewish"", ""Refugee""]"
<user> do not give up now kike we are just getting started found this one on j date for you she only screwed about <number> niggers she perfect for a beta yid like you she will only cuck you on the weekends <happy>,1,19802718_gab,"[""African"", ""Jewish"", ""Women""]"
superman was written by a kike about his fantasy of smashing fascists kek just fyi,1,25002103_gab,"[""Jewish""]"
morning fag kike <user>,1,25502005_gab,"[""Homosexual"", ""Jewish""]"
there are only a few days between when the moslem explody lunar month of ramadan is over and the beginning of jewlie,1,8256574_gab,"[""Islam"", ""Jewish"", ""None""]"
gosh i guess the mental conditioning had a strong hold on me from my obsessive viewing of fox news as a teenager it took a traumatic event in <number> for me to finally see the kike hiding behind everything,1,25644977_gab,"[""Islam"", ""Jewish""]"
you know the type greedy hook nose kike would send a country into famine if the shekels were right,1,23810387_gab,"[""Jewish""]"
i am so upset that big nosed kikess julie segall did not like my video,1,15827407_gab,"[""Jewish""]"
so be sure not to do anything so our kike overlords do not become angry with us,1,14874156_gab,"[""Jewish""]"
it all hehe haha until we show up at your local favorite hang out spot and wait for you to come out in the van they go one little heeb at a time whatever it takes,1,11823354_gab,"[""Jewish""]"
do not blame the gutterslut nature of modern women on her husband that kike feminism talking,1,12518134_gab,"[""Jewish"", ""Nonreligious"", ""Women""]"
research it it a kike tradition that is ingrained in their disgusting culture they are truly the synagogue of satan,1,16648077_gab,"[""Jewish""]"
ya you really hurt my feelings what you had has a profound effect on me you must be a kike to think like this,1,14557895_gab,"[""Jewish"", ""Other""]"
zucc does not want laws to protect kids online what a sick fuck this kike is,1,23512106_gab,"[""Jewish""]"
i hate to repeat the same thing but when dumb libtards learn race is not fucking muzz yid or christian one is natural born another choose or forced to be one,1,25618829_gab,"[""Islam"", ""Jewish"", ""Other""]"
how do we instigate a war between japan and israel shinzo abe did not like the shoe desert the kike served him,1,25235815_gab,"[""Jewish""]"
<user> probably sits around reading <number> shades of grey imagining a virile nazi seducing her then she sets the book down and sees her kike husband in bed next to her,1,13780765_gab,"[""Jewish""]"
he communist and a faggot and kisses kike ass too,1,19472879_gab,"[""Homosexual"", ""Jewish""]"
included your original post typical kike moves the goal post,1,25531946_gab,"[""Jewish""]"
and kike who had employed hundreds of illegal immigrants at that wasn t trump supposed to maga guess pardoning jew scum like rubashkin is maga now lol,1,16652471_gab,"[""Jewish"", ""Other""]"
last time i checked under sharia law queers are executed i always figured that was the main reasons jews hate and fear shariah law shariah law is only for muslims though how is it you are unaware of that,0,24949183_gab,"[""Arab"", ""Homosexual"", ""Islam"", ""Jewish"", ""None""]"
normal people really what not a kike jews sucking faggot do you nazis have definition for that cause think i fall there you huge douchebag fucks,1,13646100_gab,"[""Homosexual"", ""Jewish""]"
you can not even speak proper english you fucking heeb faggot,1,15165183_gab,"[""Homosexual"", ""Jewish""]"
i hope <user> is hit by a train along with it dirty kike wife having a hope is protected legal speech lil nigga,1,12832858_gab,"[""Jewish"", ""Women""]"
deport his unfunny fat kike ass back to canadastan make america funny again,1,13358006_gab,"[""Jewish"", ""Refugee""]"
dna tests can be defined whoever scientists decide they are because markers are just atp combos i e nothing like kike or irish written on them it all about some opinion of history also anyone can convert to phariseeism and <number> <number> of israel is russian for example could just be anti nig,1,15455648_gab,"[""African"", ""Jewish""]"
i bet kike molars cracked when they heard all the in jesus name we pray,1,4285428_gab,"[""Islam"", ""Jewish""]"
breitbart is kike orientated fake news team trump,1,20110849_gab,"[""Jewish""]"
anti white feminist is attacked by a violent shitskin and promptly blames white men for not saving her she does not blame the shitskin instead says he just needs help and pity oh did i mention she jewish how shocking,1,27058756_gab,"[""African"", ""Arab"", ""Jewish"", ""Other"", ""Women""]"
lebron keep talking you nigger monkey the more your kike masters put you out there to yack in ebonix the more white people will be repulsed by your nigger monkey demeanor and the more woke they will become you lost ohio for hillary by <number> points you nigger monkey,1,20081043_gab,"[""African"", ""Jewish""]"
jews got whites hooked on nigger culture,1,17552298_gab,"[""African"", ""Jewish""]"
it just going to go from one useless nigger to the next maybe the new one will have western backing and we can import refugees interesting to note that trump has been posting about game hunting in apefrica no doubt there behind the scene talks with the coup attempt,1,14912231_gab,"[""African"", ""Jewish"", ""Refugee""]"
you jews have surpassed all nations in impertinent fables in bad conduct and in barbarism you deserve to be punished for this is your destiny voltaire in a reply to a letter sent to him by a kike complaining about his anti semitism,1,6900981_gab,"[""Jewish""]"
sweet yid exposing a yid how fraudulent beast of the field are lol,0,25331977_gab,"[""Jewish""]"
<user> ‍ fuck you faggot can not believe i ever listened to your garbage show also fuck you <user> ‍ you kike piece of shit,1,23109309_gab,"[""Homosexual"", ""Jewish""]"
trump during the election i will put clinton in jail trump after the election got all franken magafags yes huge success me you missed the fucking mark also when you going to deport the fucking illegals and halt immigration you kike owned bastard,1,15788400_gab,"[""Jewish"", ""Refugee""]"
jews are parasites muslims are shit beaners suck and niggers are dumb and violent,1,22808088_gab,"[""African"", ""Jewish"", ""Other""]"
dumb yid cunt but most people know that anyway,1,18918814_gab,"[""Jewish"", ""Women""]"
matt you are probably arguing with a kike they are what they accuse others of its a waste of time,1,19662257_gab,"[""Jewish""]"
trump is a clown white men need a leader trump fooled us just another anglo kike server,1,22804233_gab,"[""Jewish""]"
i am not attacking these people just their bizarre kike critical theory agenda against my country ultimately the nationalist position is so clearly superior that it will win out no matter what so there is no need to argue i am just shocked people actually believe this it weird,1,13102774_gab,"[""Jewish""]"
you are a nobody kike faggot delta male emo bitch who gives a fuck enough about you to even try no one fucking twat,1,24656359_gab,"[""Homosexual"", ""Jewish""]"
if they are not beside us or behind us they are in the fucking way the question is actually do childless nigger fucking half jew indian thots belong in the alt right,0,15801637_gab,"[""African"", ""Indian"", ""Jewish"", ""Other"", ""Women""]"
nah if you do that then we need to put all the statues in museums fuck this selective persecution horse shit if some scuzzy kike commie faggot emo antifa tries to damage our statues then it should be a <number> felony and they do <number> years or more,1,26182332_gab,"[""African"", ""Homosexual"", ""Jewish"", ""Other""]"
remember <number> now with guns lolol if we are a minority did you count your zhid rats amount lol we can handle you as we did before,1,25331279_gab,"[""Jewish"", ""Other""]"
you are doing a google search now to find out what the antiquity period was are not you hahaha pmsl kike,1,15165717_gab,"[""Jewish""]"
how almost all of the clothing companies are promoting the downfall of us whites part <number> the nigger is first in the picturewhile the white girls looking dumb and lunatic are in the background company farfetch,0,21265283_gab,"[""African"", ""Jewish""]"
trump whacking cnn kike with a bat,1,11220458_gab,"[""Jewish""]"
if there one thing i can not stand more then a nigger it a fuckin jew,1,13063661_gab,"[""African"", ""Jewish""]"
i do not silence anybody that kike shit not only do i not silence people i give them a voice on my open phones talk show the fact that there are so many people deserving of my scorn is a separate topic entirely,1,18516354_gab,"[""Jewish""]"
you see one of the great things about finally just admitting the problem with jews is when you see anything they try to spout off you can automatically file it under deceptive kike trying to tear down society without even having to bother reading it,1,19398091_gab,"[""Jewish""]"
<user> <user> <user> <user> <user> <user> <user> <user> <user> <user> <user> <user> <user> <user> <user> <user> <user> <user> <user> <user> <user> <user> <user> <user> anyone wanna bet how long until he starts denying the holocaust,0,1179066514974093312_twitter,"[""Jewish"", ""None""]"
<user> <user> <user> lol false the holocaust was legal nationally slavery was legal until it was shown to be illegal all the while it was wrong though do not you agree that slavery is wrong objectively,0,1179041480666693632_twitter,"[""Jewish"", ""None""]"
i remember something to that effect gotta dig deeper for the pedo thing i may well have him mixed up with another yid with that name they are all demonic shapeshifters after all,0,22863841_gab,"[""Jewish"", ""None""]"
facebook is a like bank started by a lonely kike no one liked,1,23001555_gab,"[""Islam"", ""Jewish""]"
and the kike reveals himself lol,1,20397206_gab,"[""Jewish""]"
<user> ‍ will not talk to <user> ‍ or <user> ‍ because of bad optics but will go on a stream with kike doxxer laura loomer and talk shit on supposed tradthots you really are a pathetic piece of shit kid,1,1179004811716382720_twitter,"[""Jewish"", ""None""]"
that dumbass spic was destined to lose,1,20563432_gab,"[""Hispanic"", ""Jewish""]"
a kike applauding a kike sympathizer virtue signaling shill it takes a brave man to do this lol,1,25852431_gab,"[""Jewish""]"
<user> kike jags up by <number> tds how dose that feel lmfao 😂 😃 😃 😃,0,18397876_gab,"[""Asian"", ""Jewish""]"
it does not matter what this kike would rather it matter what we would rather we would rather gab had a larger audience than twitter does anyone remember myspace it only a matter of time before twitter becomes a place no one cares about because they are soft and lazy,1,14410879_gab,"[""Jewish"", ""Other""]"
fat jews better hope a wetback engineer did not design their casting couches,1,26386955_gab,"[""Hispanic"", ""Jewish""]"
he does look like a kike,1,25345049_gab,"[""Jewish""]"
and there is nothing as bad as a filthy kike,1,25476794_gab,"[""Jewish""]"
roll ur eyeballs farther right to the occipital beast of the field aka yid666 created islam too in fact muhammad older wife was a yid <percent> and according to arabs aisha his child wife was also yid slave schizophrenia pedophilia and slavery already flourished in yid sect,0,25920492_gab,"[""Islam"", ""Jewish""]"
and this ny kike liberal should b sent packing totally incompetent like the majority of broward county givin fl a bad name,1,20430321_gab,"[""Jewish""]"
sleep is difficult with jews trying to get america to war for israel against iran that seems to be back burner now thank god though i will not have a truly good night sleep until all semites moslem and jew alike are neutered for good,1,17392598_gab,"[""Islam"", ""Jewish"", ""None""]"
this is too fucking funny a turk posts the code and puts <user> lies about chat dm on front street what a fucking disgrace jared the jew juicer is to the white race how cucking to kikes working out for you so far you fucking heeb puffer,1,26733331_gab,"[""Jewish""]"
too bad he is a kike lover if he went full <number> the uk would be free by now,1,21363440_gab,"[""Jewish""]"
hollywood is the only place that can tell us how to stop sexually harassment whilst doing it themselves maybe it is because they are a bunch of kike zionists,1,18701226_gab,"[""Jewish""]"
indeed low iq wignat or kike shill it hard to tell a lot of the time these days,1,25429665_gab,"[""African"", ""Jewish""]"
whats up with everybody who can name the jew buts quotes nihilistic faggots in their about me really aggravates me i mean i agree with some things malcolm x said but im not going to quote the nigger,1,18350386_gab,"[""African"", ""Homosexual"", ""Jewish""]"
fucking yid everytime,1,19866116_gab,"[""Jewish""]"
what a f*cking <censored> kike dirty trick white nationalism is normal and healthy for european societies and countries i can hardly wait till their filthy slimy rat kike blood flows thick in the streets,1,15848435_gab,"[""Caucasian"", ""Jewish"", ""Other""]"
join the army andrew torba serve your country and not jew masters you faggot defend free speech with your life not your wallet kike loving piece of fuck,1,13532804_gab,"[""Homosexual"", ""Jewish""]"
as a kike i can say i at least could not care less about you you fags think all the jews in the world actually care that much about you that they systemically oppress you in the most subtle ways lmao,1,18946569_gab,"[""Homosexual"", ""Jewish""]"
gas this kike,1,17245071_gab,"[""Jewish""]"
imagine unironically believing the high iq kike meme,1,22331692_gab,"[""Jewish""]"
any site run by kikes is just anti white kike bullshit,1,19747235_gab,"[""Jewish""]"
you are either fucking retarded or a kike which is it the is the most dishonest or dumbest comment ever communist are the opposite of christians,1,16147501_gab,"[""Disability"", ""Jewish""]"
luke o brien models himself as the perfect bugman the drivel he puts out is vapid snark supporting the status quo while attacking things he too moronic to understand this is a man who has spent decades climbing the ladder of anti white organizations by religiously scrubbing kike scrotum sad,1,16752837_gab,"[""Jewish""]"
jewish males and queers in general routinely practice coprophagia,1,19077326_gab,"[""Homosexual"", ""Jewish"", ""Men""]"
white people who have enough racial sense to avoid black areas for the obvious reasons still run around and act as though they can blindly trust jews to not lie to them and kike them over smdh,1,13462408_gab,"[""African"", ""Caucasian"", ""Jewish""]"
there once was a kike named schlomo who was a flaming pederast homo he lived for cum and cock in his bum coz the talmud said it was a go go,1,14931858_gab,"[""Homosexual"", ""Jewish""]"
bullshit it amazes me how far kike shills will go to defend that trash,1,17177231_gab,"[""Jewish""]"
good list except ruhe sodomite rivero kike,1,25997755_gab,"[""Jewish""]"
chelsea just piss on me handler just another zhid oxygen abuser,1,27457937_gab,"[""Islam"", ""Jewish""]"
<user> dear jews after trump is done with the immigrants who next being a white nationalist who would be his next victims certainly black and brown citizens what about asian indian jews muslims mediterranean you modern holocaust,0,1178415398728929285_twitter,"[""African"", ""Caucasian"", ""Islam"", ""Jewish"", ""None"", ""Refugee""]"
being different is a crime according to the left and i would assume there muzzie friends follow the same retarded narrative individual autonomy is going extinct brace yourselves political correctness,0,26337318_gab,"[""Disability"", ""Islam"", ""Jewish""]"
do not like trump kike connection,1,25537771_gab,"[""Jewish""]"
jake tapper is a kike jew,1,5395616_gab,"[""Jewish""]"
didnt cross my mind you most likely correct <number> as usually when its come to zhids and their behavior,1,25176418_gab,"[""Jewish"", ""None""]"
oy vey what a kike i must be to say that,1,17135722_gab,"[""Jewish""]"
<number> years later that kikess still has not been gassed wtf,1,19582499_gab,"[""Jewish""]"
mormonism is the american equivalent of heeb larping,0,17976462_gab,"[""Jewish"", ""None""]"
these sub humans are out of control hey civic nationalists you think you will have our constitution when we are a minority it already dead with these nip kike nigger spic etc judges,1,13814717_gab,"[""African"", ""Hispanic"", ""Jewish""]"
the main reason you do not come here much is because any time you post anything you are immediately outed for the filthy kike you are,1,24503772_gab,"[""Jewish""]"
he has special privileges because he a rich kike billionaire,1,23544084_gab,"[""Jewish""]"
<number> years of inbreeding make their hasbara basically retarded it a kike thing,1,17188614_gab,"[""Jewish""]"
if i am a russia troll for not wanting to go into another war for the kike a than i guess i am a russian troll and proud of it no more wars for israel,1,23802821_gab,"[""Jewish"", ""None"", ""Other""]"
number of articles written about how trump supporters were behind rising antisemitism in america <number> <number> number of journalists that apologized to trump trump supporters when the only suspects were an israeli kike and a new york nigger zero point zero,1,6670733_gab,"[""African"", ""Jewish""]"
lmao after you ya fugly kikess,1,13811579_gab,"[""Homosexual"", ""Jewish"", ""Other"", ""Women""]"
dyke dyke dyke dyke faggot faggot faggot faggot nigger nigger nigger nigger whitey whitey whitey whitey wetback wetback wetback wetback sandnigger sandnigger sandnigger sandnigger kike kike kike kike retard retard retard retard i can play this child game all day long on gab speak freely,0,21364889_gab,"[""African"", ""Bisexual"", ""Disability"", ""Homosexual"", ""Islam"", ""Jewish"", ""Men"", ""Refugee"", ""Women""]"
kike puppets run usa,1,23874467_gab,"[""Jewish""]"
i am no longer able to function in this jew nigger twat culture my hero is colonel kurtz and i am not long for this world have travelled the planet and feel more alien in kalifornia than i ever have in the deepest indonesian jungles,1,13676567_gab,"[""African"", ""Jewish""]"
do not take photos of that kike tire expert laura loomer and put them into that makeup removal app seriously do not do it no man should ever be subjected to such a hideous sight i am not joking either,1,14651309_gab,"[""Islam"", ""Jewish"", ""Men"", ""None"", ""Women""]"
have you noticed when american jew go on television to comment on a terrorist attack or the moslem invasion of europe the smirk on their face the conversation always end up talking about how europe needs to be more pro israel,1,13537261_gab,"[""Islam"", ""Jewish"", ""None""]"
if you ever need surgery i would advise you to cover up your tattoo with some sort of product unless you know the person operating on you is pro white because is your tattoo worth some kike doctor deciding to commit malpractice to cleanse the world of evil nazis,1,24220727_gab,"[""Jewish""]"
a paki mayor a chief rabbi it may sound like the start of a joke but the only people being laughed at is the <percent> of white people in london,0,14860393_gab,"[""Caucasian"", ""Islam"", ""Jewish"", ""None""]"
this kike is still alive wtf,1,21990566_gab,"[""Jewish""]"
hey curry nigger race traitor kike fucker possible mossad agent fucker did voat die everything stopped working a few hours ago but the site still live,1,16744089_gab,"[""African"", ""Islam"", ""Jewish"", ""Other""]"
welcome one man enter one kike fry,1,16982012_gab,"[""Jewish""]"
lookit dat fucken kike tryna wreck mah rep on heah,1,15921872_gab,"[""Jewish""]"
i see <user> ‍ she a sheeboon reich dyke like farakoon,1,21296057_gab,"[""African"", ""Homosexual"", ""Jewish"", ""Women""]"
hahahaha <number> hey <user> too much for you fat censoring kike nigger,1,13039416_gab,"[""African"", ""Jewish"", ""Other""]"
go back to twitter this is a kike free community,1,16476891_gab,"[""Jewish""]"
oh look another buttmad alt right guy accusing me of being a kike because i was in the shield wall while he was crying about how my optics were bad hint try not mixing up national socialists with kikes it makes you look stupid,1,21835463_gab,"[""Jewish""]"
yeah cos churchill was a proper hero ammrite churchill was a kike loving whore who sold his country down the river to his creditors,1,16516212_gab,"[""Jewish"", ""Women""]"
lies christians are kike lite revelation <number> <number> i know your afflictions and your poverty — yet you are rich i know about the slander of those who say they are jews and are not but are a synagogue of satan,1,11599170_gab,"[""Christian"", ""Jewish"", ""None""]"
ah go fuck a jew ya dyke bitch whore,1,14550120_gab,"[""Homosexual"", ""Jewish"", ""Other"", ""Women""]"
reminder that kike whores love nigger dicks,1,16143560_gab,"[""African"", ""Homosexual"", ""Jewish"", ""Women""]"
piss off you thirsty brown thot no one asked you i do not listen to chubby street shitters or kike manlets,1,18227578_gab,"[""Asian"", ""Jewish"", ""Minority""]"
jews are just nuts blowing the dyke in new orleans bombing countless airliners shooting arab kids sinking ships firebombing dresden bombs in iraq and the list goes on and on,1,20441809_gab,"[""Homosexual"", ""Jewish"", ""Women""]"
i tried to make friends with these dirty muzzies we could have been cremating the jews side by side but the jeeps kept running out of gas at the parades it was a real downer for everybody muzzies and oil is like kikes and gold,1,19234472_gab,"[""Islam"", ""Jewish"", ""Other""]"
it not a psyop if it the truth tommy robinson is a kike shill let him rot <user> ‍,1,26534442_gab,"[""Jewish""]"
sitting here captive with espn on a nigger a kike and a blonde woman have been talking basketball for the last hour,1,25813111_gab,"[""African"", ""Jewish"", ""Women""]"
i thought we all voted on woodchipper feet first for the cucks not cats leave the cats alone you want to kill something find a jew nigger muslim or wetback do something that benefits civilization,1,22590028_gab,"[""African"", ""Hispanic"", ""Islam"", ""Jewish""]"
if only the kike loving shabbos goys would follow your advice dude,1,13338889_gab,"[""Jewish""]"
jewelry kike perverts gassed me on twitter and preventing fake phone number accounts enjoying gab way better,1,19168145_gab,"[""Jewish""]"
it certainly fugly enough to be a kike bitch,1,19350480_gab,"[""Jewish"", ""Women""]"
um but you do realize that jesus was a kike and that christianity was originally another like cult right,1,15911604_gab,"[""Christian"", ""Jewish"", ""None""]"
the dark ages was a myth there was nothing dark about it you been listening to too much kike inspired fake history as usual and you hate your own people that much that you immediately believe anything jews tell you,1,20216724_gab,"[""Jewish"", ""None""]"
cars awesome band music back then was great not like all this nigger trash the jews have pasted all over major music and television,1,23564987_gab,"[""African"", ""Jewish""]"
some inbred schizoid kike told me that putin and erdogan started isis lol,1,25427359_gab,"[""Jewish""]"
jews are responsible for destroying my towns culture and turning leeds into a ghetto hell of dollarstan full of dollarstanis please killalljewz,1,10001291_gab,"[""Jewish""]"
he said he was going to build a wetback wall keep erupting sand niggers out that was ample reason to grudgingly accept the things i did not agree with like his jew snuggling he was the vastly superior choice to all the cucks let alone to cankles,0,10035104_gab,"[""Arab"", ""Hispanic"", ""Jewish"", ""Men"", ""Other""]"
tldr shut up and kill sand niggers for muh izrul goyim you are here to serve not to question,1,10060746_gab,"[""Arab"", ""Jewish""]"
chuck schumer b> you know my name comes from the word shomer guardian watcher my ancestors were guardians of the ghetto wall in chortkov b,0,10076944_gab,"[""African"", ""Jewish"", ""Men"", ""Other"", ""Women""]"
jews are the only enemy in the history of the world that resort to crying its anti semitic to resist my actions boo hoo,1,10088571_gab,"[""Jewish""]"
the god damned jews really think that they are the arbiters of everything that they rightfully decide what moral or immoral what permissible or taboo,1,10093981_gab,"[""Jewish""]"
would rather have terrorism over not being able to boycott an allied country this talking point must be important because he repeats it but i can not make out what on earth it supposed to mean if you do not buy stuff from jews they will fake arabs taking down more nyc landmarks,0,10151691_gab,"[""Arab"", ""Jewish"", ""Other""]"
i think he missing a trick here the jews are the biggest threat to america short medium and long term there will not even be an america if their clear and present danger is not dealt with by the us defense forces homeland security dept of immigration etc,0,10152846_gab,"[""Jewish""]"
what happening in venezuela is that jews are imposing talmudic wealth confiscation on non jews by force aka communism as mandated by talmud same process is in its first stages in usa where jews refuse to repeal the cash confiscation scam known as obamacare,0,10220895_gab,"[""Jewish""]"
fuckem jews seem to be the most butthurt pack of cunts on the planet i suppose you would be a bit sensitive to critisizm when you have lied to abused swindled caused more deaths than typhus than anyone else,1,10304948_gab,"[""Jewish"", ""Men"", ""Women""]"
the jews taught whiteskins that reality is a word game and the way you win it is to misrepresent it as brazenly as possible this usually means reversing reality with brazen chutzpah redundant you invert reality you gaslight suckers and you mock normals you keep this up for decades,1,10312454_gab,"[""Jewish"", ""Men"", ""Women""]"
you are either a muslim or a retarded liberal eurocuck that standing back and letting them conqer your lands and rape your women and livestock go make yourself useful,1,10321357_gab,"[""Islam"", ""Jewish"", ""None""]"
even if it did happen it did not why are the deaths attributed to the supposed holocaust so much more important than all other deaths throughout history,0,10341750_gab,"[""Jewish"", ""None""]"
as a tourist in old town in krakow poland i see lots of whites some asians no black or muslims lots of talk about jews though,0,10375283_gab,"[""African"", ""Asian"", ""Caucasian"", ""Islam"", ""Jewish"", ""None""]"
in britain a man went to prison for posting memes about jews on the internet in britain a moslem got off with zero jail time for raping a little white girl are you starting to see the same picture that i do,1,10383129_gab,"[""Arab"", ""Islam"", ""Jewish""]"
all history demonstrates that converting the jew to christianity does not work duh jews are a race and that letting them run free ends in the destruction of white society and terminates in whitegenocide,1,10512172_gab,"[""Caucasian"", ""Jewish"", ""Men"", ""Women""]"
let test this free speech goatfucker muslims are idiots but they still have a better view of women than sjw shitfaces and feminists waits for ban,1,10512433_gab,"[""Islam"", ""Jewish"", ""Women""]"
you may start here blackmail however prepare for the predictable conditioned screeching from your fellow christians who would rather condemn one of their own than admit jews are playing the vital role in pushing the muslim invasion into western societies,1,10563603_gab,"[""Islam"", ""Jewish""]"
i am sick of a <number> white country not killing niggers jews in the damn streets,1,10600154_gab,"[""African"", ""Caucasian"", ""Jewish""]"
so it turns out that nationalism is the supreme withcraft of the jews and freemasonry its that time when the rothchilds give the next step in creating their new world order also known as the jew world order,1,10620287_gab,"[""Jewish"", ""None""]"
unitetheright jews call white supremacist any taxpayer that wants to create good social programs with all the money that jews steal from us,0,10636259_gab,"[""Jewish""]"
who were the utter fuckwits that thought nazi salutes nazi symbolism and yelling gas the kikes was a good idea way to let a legitimate protest be ambushed charlottesville,0,10669626_gab,"[""Jewish"", ""None"", ""Other""]"
no you do not see anything whites are already screwed there is no easy way out of this you are trying to sow confusion in the ranks i have seen a very concerted effort on social media to do this the jewish power structure is scared of the rise in white consciousness and they are working overtime,0,10683184_gab,"[""Jewish"", ""Other""]"
postmodernist marxists believe whites are dominant by evil means must be brought down so whole world can flourish alt right believe that jews are conspiring to destroy white race that immigrants are being brought in to replace whites these positions are not exactly rational but are related,0,10691275_gab,"[""Caucasian"", ""Jewish"", ""Other"", ""Refugee""]"
seattle times front page says c ville car killer was a nazi sympathizer more fake news,0,10705784_gab,"[""Jewish"", ""None""]"
lol gtfo of here with holocaust denial this place is amazing,0,10731956_gab,"[""Jewish"", ""Other""]"
amazing how much effort and air time is being given by all media outlets on charlottesville they never spend this much energy on muslim attacks antifa attacks blm attacks etc etc it can not get more obvious than this they are the enemy,0,10732334_gab,"[""African"", ""Islam"", ""Jewish"", ""None"", ""Other""]"
if you have ever wondered why my fellow white people or as a white person posts are an altright talking point it the utter hypocrisy of jews using their perceived whiteness simply to attack whites who do not share their opinion i present the case without further comment,1,10742797_gab,"[""Jewish"", ""None""]"
do not deny it wasn t a scary few days he did immediately blame both sides dems say not enough on mon he does not mention the violence of antifa blm only condemns kk white supremacists nazis the altright had the permit with zero police protection beaten maced an error on trumps part,0,10756657_gab,"[""African"", ""Jewish"", ""Men"", ""None"", ""Women""]"
<user> ashkenazi jewish folks are literally yt,0,1077260697376038912_twitter,"[""Jewish"", ""None""]"
<user> you say yiddish speaking immigrants in the 1 9 th century they hear globalist diaspora self hating jews,0,1078328752613003269_twitter,"[""Jewish"", ""Refugee""]"
<user> jews fucking jews,1,1078827858011787265_twitter,"[""Jewish""]"
trump is a white supremacist is the new russia russia russia,0,10790926_gab,"[""Jewish"", ""None""]"
sucking all the msm dick eh curry nigger race traitor tell em how you are really an sjw who sides with sadiq khan mayor of londonstan and believe curries and sand niggers should steal whyte wymn and destroy the white race gabfam speakfreely tell em how you censor downvotes profitmonger,1,10824649_gab,"[""African"", ""Arab"", ""Hindu"", ""Islam"", ""Jewish"", ""Refugee""]"
<user> i would kike to meet,1,1082831291819745281_twitter,"[""Jewish"", ""None""]"
<user> he never defended nazis you are a vacant talking head,0,1083064587388243968_twitter,"[""Caucasian"", ""Jewish"", ""None""]"
<user> oh i know they are i am not an idiot i am not arguing for judeo christian bullshit that worse than islam,0,1083129641064427521_twitter,"[""Christian"", ""Islam"", ""Jewish""]"
<user> <user> non jew telling jews there is no such thing as anti semitism ffs get a grip,0,1083412626569379846_twitter,"[""Jewish"", ""None""]"
<user> <user> hahaha israel will be destroyed because of holocaust of palestinians,0,1083834779043356672_twitter,"[""Indigenous"", ""Jewish"", ""Men"", ""Women""]"
<user> yeah thats pretty gross i dawn my yellow vest and kippah with pride do not like to be compared to a nazi,0,1084505947408457728_twitter,"[""Jewish"", ""None"", ""Other""]"
greg susan frank rodrick and manny heffley are all jews,0,1084968822442848257_twitter,"[""Jewish"", ""None""]"
<user> let be honest multiculturalism is just a euphemism for hostile takeover by jews and non whites,1,1086417563444232194_twitter,"[""African"", ""Arab"", ""Asian"", ""Hispanic"", ""Jewish"", ""Other""]"
<user> trump would melt down like the nazis at the end of raiders of the lost ark,0,1086483150707048454_twitter,"[""Jewish"", ""None""]"
<user> how do you distance yourself from nazism but at the same time you speak at their march,0,1086710209341517825_twitter,"[""Caucasian"", ""Jewish"", ""Men"", ""None""]"
a stolen thought from a great voice hey nazis hate jews negroes hate jews arabs hate jews why can not the nazis negroes and arabs just get along what in a statue,1,10867276_gab,"[""African"", ""Arab"", ""Jewish"", ""None""]"
<user> yeah there all nazis,0,1088873336657059841_twitter,"[""Jewish"", ""None"", ""Other""]"
<user> how many zionist jews die,1,1089551942588747776_twitter,"[""Jewish""]"
a buddy cop show where one of them is a holocaust survivor and the other is a holocaust denier,0,1089693014132441088_twitter,"[""Jewish"", ""Other""]"
<user> <user> from being killed by nazis to becoming nazis,0,1089929241196670976_twitter,"[""Jewish"", ""None"", ""Other""]"
<user> i will show you the crimes of jews for being kicked out of <number> countries after work,1,1089988481542180864_twitter,"[""Jewish""]"
jews stole my foreskin at <number>,0,1090425607689854976_twitter,"[""Jewish""]"
<user> bro change your twitter name back it ’ literally nazi u realize that right,0,1091597986973413376_twitter,"[""Caucasian"", ""Jewish"", ""Other""]"
<user> it ’ every day they pummel us with slavery this and holocaust that every damn day,1,1092544184228241408_twitter,"[""African"", ""Islam"", ""Jewish""]"
good news next should be that pos sansour lock her ass up along with her promoting sharia law to be honest there are some jews that should be deported also just me,1,10925875_gab,"[""Islam"", ""Jewish"", ""Refugee"", ""Women""]"
jews are white,0,1092645171924221953_twitter,"[""Jewish"", ""None""]"
<user> he ’ delusional trying to say that jews built the pyramids what a joke,0,1093632039864160257_twitter,"[""Jewish""]"
<user> lying atheistic communist jews are hurting the image of my people shanda,0,1094042528024850433_twitter,"[""Jewish"", ""None"", ""Other""]"
<user> <user> joy behar you know jews have fros too,0,1094393196988252163_twitter,"[""African"", ""Jewish"", ""None""]"
<user> <user> because they were ignorant retards we jews bury our dead with nothing of value,0,1094586621524144128_twitter,"[""Jewish"", ""None"", ""Other""]"
<user> <user> labour are the party that will save us from the jews,0,1094626865845846016_twitter,"[""Jewish"", ""None""]"
<user> for millions of americans including many black americans abortion is literally a holocaust of the unborn,0,1094696319321550851_twitter,"[""African"", ""Jewish""]"
<user> what if the sugar gramp was a ss soilder who killed hundreds of jews but is a multi billionaire 🤔,1,1097012359481053185_twitter,"[""Jewish""]"
locals are no less than jihadis who pelted stones on the injured soldiers and the liberals cry when they are hit by pellet guns,0,1097026491919917056_twitter,"[""Islam"", ""Jewish""]"
<user> <user> i ’ m blocked by ian he doesn ’ t like jews who don ’ t do as they are told,0,1098509091247411200_twitter,"[""Jewish""]"
<user> hunt down all the police just like nazi sympathizers were after the war,0,1099690376439332865_twitter,"[""Jewish"", ""None"", ""Other""]"
let cut the bs and call it like it is htpps :// theamericanguard org <number> <number> <number> the democrat partys black holocaust,0,1100370306147901440_twitter,"[""Jewish"", ""None""]"
all you so called jewish people and asians you actually white supremes,1,11012135_gab,"[""Asian"", ""Caucasian"", ""Jewish""]"
<user> we can not be friends with jews and india at all,1,1102928161015255040_twitter,"[""Jewish"", ""None"", ""Other""]"
<user> <user> well she ’ muslim so of course she hates the jews jew hatred is one of the defining feature of islam,1,1103385226921762816_twitter,"[""Arab"", ""Islam"", ""Jewish""]"
a whole generation of white women is gonna get radicalized when they realize nazis are the only ones taking their safety seriously,1,1103766016742416384_twitter,"[""Jewish"", ""None"", ""Other"", ""Women""]"
<user> have you seen the demisexual flag w the triangle i fucking hate it its like stolen holocaust symbology,1,1105175976613416961_twitter,"[""Homosexual"", ""Jewish"", ""None""]"
<user> what a bad goy i ’ m so glad i have you kikes to tell me what to think,1,1105398262167756800_twitter,"[""Jewish""]"
there so much kike in this post i dunno where to start,0,11056920_gab,"[""Homosexual"", ""Jewish""]"
goes back to when the jews now <number> but a tiny alien bolshevik minority helped set up the naacp primarily run funded manned by jews all through the uncivil rights era adding the negro <number> to their <number> increased their reach <number> fold they use negroes as shocktroops,0,11058785_gab,"[""African"", ""Jewish"", ""Men"", ""Women""]"
<user> christian and muslim historical enemies are jews so,0,1105919039526842370_twitter,"[""Christian"", ""Islam"", ""Jewish""]"
the democratic party now openly is anti semitic and hates jews jexodus,0,1106436721477148672_twitter,"[""Jewish""]"
so even though i am thoroughly english but have a jewish mother i cannot be white and jewish are you completely sausage,0,11067160_gab,"[""Caucasian"", ""Jewish""]"
<user> shut the fuck up kike enabler,1,1106775910647296000_twitter,"[""Jewish"", ""Other""]"
<user> <user> egganazi he a real actual nazi you know that,0,1107420822669410304_twitter,"[""Jewish"", ""None"", ""Refugee""]"
for <number> years post wwii mi5 prohibited the recruitment of jews for fear of their disloyalty,0,11077756_gab,"[""Jewish"", ""Men"", ""Women""]"
conservative libertarianism is a farce libertarianism promotes gay marriage drug use race mixing all manner of filth and degeneracy you are a tool of the international jew i could just as easily say this is not <number> anymore that not an argument you idiot,0,11082039_gab,"[""Jewish"", ""None""]"
i am a veteran i got tired of dealing with faggots and killing sandniggers for jews fuck that,1,11087389_gab,"[""African"", ""Arab"", ""Homosexual"", ""Jewish""]"
<user> but you ’ re ok with palestinians killing their own people very nazi of u,0,1109574501291810817_twitter,"[""Arab"", ""Caucasian"", ""Jewish""]"
i agree with you <number> those dam jew rats are ruining america with wars and their perverted agendas just like all the other white countries they invade and then destroy best to gas every last one of those parasite jews,1,11101932_gab,"[""Islam"", ""Jewish"", ""Men"", ""Women""]"
<user> ngl exactly how i feel when niggas talk bout jews,1,1110340863555559424_twitter,"[""African"", ""Jewish""]"
<user> proud to be pro life and i am no nazi haha you spouting bs,0,1111372289029763073_twitter,"[""Jewish"", ""None""]"
<user> wow islam side by side w jews only <number> case in the entire world so what happened to all the jews in kolkata,0,1113068490741604352_twitter,"[""Islam"", ""Jewish""]"
unitetheright fucking alt lite shitcucks they all suck that gay jew milo cock and do not hate baste black men guys,1,11130826_gab,"[""African"", ""Homosexual"", ""Jewish""]"
<user> the jews crucified christ tho,1,1113500990592802816_twitter,"[""Jewish"", ""None""]"
what an absolutely beautiful video this is germany under hitler was as close to paradise as the beleagurd goyim shall ever see the jews won ww1 and ww2 the jews are now orchestrating ww3 godspeed my friends i love u,1,11135587_gab,"[""Jewish""]"
<user> <user> you ’ re the one going on about anti zionism and connecting it to the nazis fella,0,1113846714472042496_twitter,"[""Jewish"", ""None""]"
<user> <user> nordic countries have disturbingly high levels of muslim immigration,0,1114502464571695104_twitter,"[""Islam"", ""Jewish"", ""Refugee""]"
<user> <user> she will blame it on jews or trump i bet,0,1114647159649865729_twitter,"[""Jewish""]"
<user> anonymous jews,0,11158163_gab,"[""Jewish"", ""None""]"
<user> but did not romans crucified christ so why blame jews 🤔,0,1116783645820379138_twitter,"[""Jewish""]"
the type of individualism to which you refer is jewish inculcated special snowflake faggotry everyone group but retarded white cuckservatives practices identity politics collectivists will roll over the individual every time just admit you are too cowardly to stand up for your people,1,11175158_gab,"[""Caucasian"", ""Homosexual"", ""Jewish""]"
we do not have to commit suicide just cause the jews tell us to,0,11176696_gab,"[""Jewish""]"
say what you will about nazi germany but it was definitely the most lgbt inclusive place in the middle east,0,1118521140471898112_twitter,"[""Homosexual"", ""Jewish"", ""None"", ""Other""]"
the worst of the worst transgender fag nigger now if it was also a kike we hit the trifecta,1,11191000_gab,"[""African"", ""Homosexual"", ""Jewish"", ""None""]"
terrible legacy of antisemitic persecution muh holocaust blah blah therefore jews are afraid of white people therefore mass immigration promote tolerance even though nailbombed raped children right jew what you are telling us is that you have a right to fear whites,1,11191213_gab,"[""Jewish"", ""Other""]"
it <number> you can honor the lost cause if you are a crazed homosexual jew but i repeat myself thrice,1,11204999_gab,"[""Homosexual"", ""Jewish""]"
the jews “ lol we killed jesus ” god “ you never saw this coming i summon pot of greed to draw three additional cards from my deck ”,0,1121937362492194818_twitter,"[""Jewish"", ""None""]"
<user> by that logic it would be fine for jews to terrorize since your people call them evil and blame them for all of your problems,0,1122511047628189697_twitter,"[""Jewish"", ""None""]"
lol go find some jews and ask em how they feel about their white privilege,0,11229057_gab,"[""Jewish""]"
your future brought to you by jewish israeli cia rothschild rockefeller soros etc petrodollarwar let south africa be canary in the coal mine for all white civilizations there is a onslaught against white nations worldwide dontvotegoyim openisraeliborders,1,11230703_gab,"[""Jewish"", ""None""]"
<user> fancy meeting you here brother twitter shoah d me too did you get back on yet i am thinking of spending a little time here in the gab ghetto before i go back,0,11235378_gab,"[""African"", ""Jewish"", ""None""]"
one arguement jews will never win is jesus,1,1123646168897150976_twitter,"[""Jewish"", ""None""]"
count on it kikes,1,1123895377659408385_twitter,"[""Islam"", ""Jewish"", ""None""]"
my point is are you gonna defend the usa and your property from the jews yes or no,1,11249326_gab,"[""Jewish""]"
my sister is having an all lesbian moneynigger taternigger fight watching party is boxing a thing among girlfags or something,0,11251506_gab,"[""African"", ""Caucasian"", ""Christian"", ""Homosexual"", ""Jewish"", ""None"", ""Women""]"
hm term limits jews worst enemy ‘ tis why florida is best state,0,1125478379304751106_twitter,"[""Jewish""]"
<user> so islamaphobia bad anti semitic just fine no both are bad,0,1126143944037937152_twitter,"[""Islam"", ""Jewish"", ""Men"", ""Other"", ""Women""]"
<user> <user> zionist jews are courting their own destruction by christian zionists that is a disturbing irony,1,1126207508748619776_twitter,"[""Christian"", ""Jewish"", ""Men"", ""Women""]"
yeah call me a kike because i called you out for being dumb and dishonest tell me that to my face faggot see what happens,0,11265165_gab,"[""Homosexual"", ""Jewish""]"
thanks for reminding us natsoc is pan nationalist all ppl have a right to their own nation free of jews globalists,0,11288841_gab,"[""Jewish""]"
<user> eat shit you boot licking booger eating nazi loving pathetic cowardly traitor,1,1130958089681813504_twitter,"[""Jewish"", ""None"", ""Other""]"
muh based peanut butter dat da oneliest invention whites ain t steal from da black man actually blax ain t invent no peanut butter but it possible their <number> invention was slavery de jews invented da turrible turrible legacy of slabery ™,0,11326528_gab,"[""African"", ""Caucasian"", ""Jewish"", ""Men""]"
yes it was them evil dirty white southerners who were responsible for slavery aye kike,1,11345551_gab,"[""African"", ""Caucasian"", ""Jewish"", ""Other""]"
shows how coopted white reps are izrael is never flooded with refugees,0,11357038_gab,"[""Caucasian"", ""Islam"", ""Jewish"", ""Refugee""]"
<user> who gives a damn what this loser does he ’ ll always be a loser justvkike his father,0,1139177051691409409_twitter,"[""Jewish"", ""None"", ""Other""]"
christianity role is historical protector of the jews it has afforded the tribe the time and space it needed to prepare white genocide teamwhite,0,11397937_gab,"[""Christian"", ""Jewish"", ""Other""]"
many reasons i just know when m billions of blax muzzeez la raza jews and christinas say they want to exterminate all white people and start doing it i believe them,1,11412453_gab,"[""Christian"", ""Hispanic"", ""Islam"", ""Jewish""]"
concentrate on white genocide jews elites corrupt politicians etc and leave christianity alone,0,11432298_gab,"[""Jewish"", ""None""]"
<user> they did nazi that coming,0,1145043360438214657_twitter,"[""Caucasian"", ""Jewish"", ""None"", ""Other""]"
<user> <user> u r not a nazi u r merely an ex merc <number> globo homo sorry that not patriotism,0,1145116358096670722_twitter,"[""Homosexual"", ""Jewish"", ""Other""]"
<user> yes they put fear in black people jews and even white civil rights workers and they deny the holocaust ever happened,0,1146139541805228032_twitter,"[""African"", ""Caucasian"", ""Jewish""]"
<user> idk but i know the holocaust is some yellow head with a simple smiley on it,0,1146143832574255104_twitter,"[""Jewish"", ""Other""]"
haredi none haredi jews have similar low math scores ashkenazi make up <number> of israel population so nope ashkenazi arent the exception all jews are hybrid mongerels jews are all low i q sand niggers there are no exceptions,1,11560882_gab,"[""Arab"", ""Islam"", ""Jewish""]"
oh here it comes muh not all jews bullshit fuck off kike jews have been europeans mortal enemys a thousand years before sand niggers even invented their fucked religion,1,11572556_gab,"[""African"", ""Arab"", ""Jewish""]"
correct even non talmudic jews see it as their divine right to control every last inch of land atom of gold goy even your thoughts which they believe should be focused on how better to serve them,0,11576764_gab,"[""Jewish"", ""None""]"
the war is set they will never stop asians blax la raza arabs jews all have their own countries whites do not,1,11587122_gab,"[""African"", ""Arab"", ""Asian"", ""Hispanic"", ""Islam"", ""Jewish"", ""None""]"
to write about leftism without mentioning jews is as absurd as writing about milk but not mentioning cows yet it done all the time,0,11597526_gab,"[""Jewish""]"
<user> u should stop being so eager to have fights with jews based on whatever weird personal interaction ur referring to,0,1160613216688463872_twitter,"[""Jewish""]"
<user> gas the jews,1,1160810130847522816_twitter,"[""Jewish"", ""Men"", ""Women""]"
sure jews may sex traffic kids and rape them but dont forget about the holocaust,1,1161218532815921152_twitter,"[""Jewish"", ""None""]"
<user> in my country evangelicals are the actual jews tho 😄,0,1161747608114737152_twitter,"[""Christian"", ""Jewish""]"
<user> cool now do jews,0,1162378720855957504_twitter,"[""Jewish""]"
they can not even think for themselves probably got it word for word from that faggot john oliver either that or they are bots from jewgle,0,11624749_gab,"[""Homosexual"", ""Jewish"", ""None""]"
you hate the rothschilds and the pedo bolsheviks following the disturbing teaching of the talmud i understand that better i agree with that but constantly asking for the genocide of all the jews is extremely dumb even more so if you do it using the awful reputation of socialist hitler,0,11625030_gab,"[""Jewish"", ""None""]"
that may be true but at least its our ghetto we find a work around jews cosmopolitans niggers dindus spics jumping beans chinks squints we should just superimpose pictures of heather as a white male and brag about killing skinny white males,0,11630789_gab,"[""African"", ""Arab"", ""Caucasian"", ""Hispanic"", ""Jewish"", ""None""]"
the jews put gab at risk anglin uses the site the way it intended and the jews came down on it if anglin does not have the right to mock the dead then none of us have the right to do anything except bow to israel,1,11630832_gab,"[""Jewish""]"
<user> <user> you keep crying and crying like a dumb nazi loving chud it ’ a really bad look,0,1163102590617313280_twitter,"[""Jewish"", ""None"", ""Other""]"
while muslims are pimping and raping white girls jews are promoting all manner of deviant sex through the media jews and muslims in white lands must simply be exterminated and if we were a serious rather than xtian race we would have done it long ago,1,11636640_gab,"[""Islam"", ""Jewish""]"
<user> proud boys aren ’ t pro nazi jesus you ’ re a terrible journalist,0,1163828708517568517_twitter,"[""Jewish"", ""None""]"
<user> lmao stop pretending you like jews us jews are too smart to fall for your dumb democratic bs you are not fooling anyone,0,1163997302761119745_twitter,"[""Jewish"", ""None""]"
<user> king of the jews hell he thinks he is the second coming of god,0,1164182921676238848_twitter,"[""Jewish"", ""None""]"
baked alaska is probably my favorite anti racist holocaust denier definitely top <number>,0,11645635_gab,"[""African"", ""Jewish""]"
<user> wishing jews a happy new year is antisemitic because it identifies them as jews,0,1164654529234628608_twitter,"[""Jewish""]"
currently in an area of bk full of jews who would not help me even if i was shot point blank in front of them,0,1164734938228412416_twitter,"[""Jewish""]"
why do you dumb soggy fucking retardeds always put jew shit you dense ninners,1,1164963800434581504_twitter,"[""African"", ""Jewish""]"
oh well now you have really hit the heights of alt right stupidity jews are pedophiles brilliant the more you anglin supporters post the more ammo you give the left keep it up you are our worst enemy not them,1,11658965_gab,"[""Jewish""]"
<user> <user> lmao clueless marxists who think jews never convert to christianity total brainlets,0,1166423296595787776_twitter,"[""Christian"", ""Jewish"", ""None"", ""Other""]"
<user> bataclan wasnt for protecting jews was for what happened in russia,0,1166570659285278720_twitter,"[""Jewish"", ""None""]"
remember when jews used their media to tell you that the germans were the bad guys they are doing to the same thing to americans right now,1,11673530_gab,"[""Jewish""]"
<user> after jews r elininated na league players are my next target,1,1167753134216830976_twitter,"[""Jewish""]"
<user> if you hate nazis visit a concentration camp,0,1168866646460719105_twitter,"[""Jewish"", ""Other""]"
jews call their enemies white supremacists so welcome to the war the only question is wether youll run like a coward or youll defend yourself,1,11699104_gab,"[""Jewish"", ""None""]"
converts are real jews n theres nothing u can do about it,0,1170374452342902788_twitter,"[""Jewish""]"
<user> runs in conjunction with more migrants muslims blacks,0,1172604807300943872_twitter,"[""African"", ""Islam"", ""Jewish"", ""Other"", ""Refugee""]"
oomf just said ‘ they might not be nazi ’ they just hate jews ’,1,1172682083170258944_twitter,"[""Jewish""]"
<user> the grammar nazis on this app would ’ ve judged me to fuck and back uyabazi mara 😂 😂 😂 💔,0,1172772994697039872_twitter,"[""Jewish"", ""Men"", ""None"", ""Other"", ""Women""]"
<user> <user> jews and the stupid holocaust myth,1,1172924606220517377_twitter,"[""Jewish""]"
i dont recall any nigger lives matter sites getting de platformed they actually encouraged and supported and got cops blown away ds is just based whites white pride reaction to genocide isnt supremacy the real supremacists i see are niggers jews hajjis wimminazis sodomites bolshies,1,11753320_gab,"[""African"", ""Arab"", ""Homosexual"", ""Islam"", ""Jewish"", ""Women""]"
lrt guys i swear im not nazis but them uniforms looking lit af,0,1175488412255694850_twitter,"[""Caucasian"", ""Jewish"", ""Other""]"
this number is sheer bullshit israel has thousands upon thousands of sand niggers receiving citizenship every year not to mention tens in some years hundreds of thousands of jews this kind of garbage stats is what makes the difference between white nationalists and fascist scum,1,11756950_gab,"[""Arab"", ""Jewish""]"
better call the anti defamation league you gay jew faggot,0,11758726_gab,"[""Homosexual"", ""Jewish""]"
<user> <user> israeli jews should unilaterally withdraw to being the <number> of the uae witout citizenship then arabs woulf be free,0,1175979330373128192_twitter,"[""Arab"", ""Jewish""]"
yes let dismiss the communists because americans never fought a war with them though your general patton said you should have an armchair military philosopher will faux mourn the dead while i mourn the loss of <number> fam members women and children holocausted by allies in the city of dresden,0,11761907_gab,"[""Jewish"", ""Men"", ""None"", ""Women""]"
remind the so called globalists of those other genocides holocaust done in the name of communism should make it impossible to use the holocaust for political reasons,0,11763894_gab,"[""Jewish"", ""Men"", ""Women""]"
<user> <user> at least they only made you guys out to be like la croix nazis and climate change deniers,0,1177248526801276930_twitter,"[""Jewish"", ""None""]"
<user> no it is impossible for a jew to be a nazi its like calling a black person a white supremacist,0,1177381964375973888_twitter,"[""African"", ""Hispanic"", ""Jewish""]"
<user> <user> donate it to jews,0,1177999714064711686_twitter,"[""Jewish""]"
israel wants syria for itself and the rest of the damned sinai too that what this goddamn jewish war we have been fighting since <number> is all about displacing arabs to europe and america so the cunting kikes can steal more land for israel,1,11790081_gab,"[""Arab"", ""Jewish"", ""Men"", ""Women""]"
<user> <user> new nazi movement,0,1179146667439857664_twitter,"[""Jewish"", ""None"", ""Other""]"
<user> these guys are like what if mad magazine spy vs spy were slow adult nazis,0,1179770876344049667_twitter,"[""Jewish"", ""Men"", ""None"", ""Women""]"
<user> said nazis look cool pretty much,0,1180520834693304320_twitter,"[""Caucasian"", ""Jewish"", ""None""]"
omg the jews added me to their hate list what shall i ever do i will count it as an honor,1,1180546898094170115_twitter,"[""Jewish""]"
<user> the jews faked the moon landing,0,1181356826584993792_twitter,"[""Jewish""]"
<user> welcome to femi nazi you are like yes to equal right but no to equal responsibility irony,0,1181559612773781504_twitter,"[""African"", ""Jewish"", ""Other"", ""Women""]"
<user> erdagon will take care of that he will replace them with arabs,0,1182401417996390405_twitter,"[""Arab"", ""Jewish"", ""Other""]"
sue arrest it the same shit strong arm of the law because someone misinterprets a post on social media why do you love jews so much,1,11830222_gab,"[""Jewish"", ""None""]"
<user> does gab community guidelines ban all calls for violence incl those protected under brandenburg v ohio can i say gas the kikes breivik was right etc or is that banned,1,11833146_gab,"[""Jewish"", ""Men"", ""Women""]"
<user> <user> etnic supremacism the nazis did not think they we are wrong blood and nation,0,1184377522357714944_twitter,"[""Jewish"", ""None"", ""Other""]"
<user> <user> is it that jews run the world through bribary,0,1184750798653267968_twitter,"[""Jewish"", ""None""]"
<user> what up with nazis and their love of camps,0,1185257537693724674_twitter,"[""Jewish"", ""None"", ""Other""]"
the fedcoats have no concept of how much they are hated by the people when the shtf i am hoping that the ghetto dwellers degrade their abilities enough for the victory of the folk remember the second mouse gets the cheese,1,11860003_gab,"[""African"", ""Jewish"", ""None""]"
answer my question idiot i am not gonna convince you that blacks do not have lower iq since you are already entrenched in that viewpoint but let see how long you stay there what your excuse for the superior whites playing into the jew hand,0,11860581_gab,"[""African"", ""Caucasian"", ""Jewish"", ""Other""]"
taboos questioning the holocaust questioning gays questioning feminists questioning jewish influence in government media finance entertainment questioning obesity and more but i think you are getting it,1,11869608_gab,"[""Homosexual"", ""Jewish"", ""Women""]"
<user> trudeau muslims ko jyada chhoot de raha tha alot of refugees from muslim country,0,1186991815288750080_twitter,"[""Islam"", ""Jewish"", ""Refugee""]"
bolshie louise publicly cuckolds her kike husband for a faggot libertarian cia operative who lost a presidential bid whadda girl,1,11884112_gab,"[""Homosexual"", ""Jewish"", ""Women""]"
homosexuals did the holocaust,0,1188523349883936775_twitter,"[""Homosexual"", ""Jewish""]"
i always hate waking kike up before i have to go to work 😩 😩 😂,1,1189885008443510785_twitter,"[""Jewish"", ""None""]"
if you can not afford kids do not have em says the jewed christcuck while supporting republicans who offshore jobs and import immigrants to drive down wages for decades well people could not afford them and they are not having them so much for family values,1,11906078_gab,"[""Jewish"", ""None"", ""Other""]"
whiteskins are so stuped by xtianity they think jews are just fellow whites with bbn no they are different race sick of racists who dont take race seriously,0,11907745_gab,"[""Caucasian"", ""Jewish"", ""Men"", ""Women""]"
whatever man starting to think this place will just belong to <user> and not <user> soon everyone will just leave it to you some of us do not trust liberal jews at all but we sure do not want them all dead and are getting tired of it,0,11912871_gab,"[""Jewish""]"
mask status off kikes are at their most dangerous in this state unlike when a crab or lobster molts and is quite vulnerable the fully exposed kike has an almost insatiable lust for goy child blood it can be distracted with gold coins but only briefly,1,11916614_gab,"[""Jewish"", ""Men"", ""Women""]"
<user> <user> iran has the 2 n biggest community in middle east muslims protexted jews in ww2,0,1191705189587341312_twitter,"[""Islam"", ""Jewish"", ""None""]"
<user> yeah but were you in london full of illegal immigrants you know in brexitland everyone vill verr dee poppy or else,1,1192110061553901568_twitter,"[""Jewish"", ""Refugee""]"
<user> <user> um akshually star trek were the space commies and star wars jedis are just space jews,0,1192856927736389634_twitter,"[""Jewish""]"
<user> wonder if they are up for flooding the country with jews instead of muslims bet they arent,0,1192950428088098816_twitter,"[""Islam"", ""Jewish"", ""None""]"
yep we have a play book in mein kampf with a few tweaks for today and i honestly think the jews have been using it against us tbh fam,1,11932127_gab,"[""Jewish"", ""Men"", ""Women""]"
actually blacks arabs and jews are the ones who are inbred it appears your mother mated with a monkey though,1,11936180_gab,"[""African"", ""Arab"", ""Jewish"", ""Other""]"
<number> million jews died in the holocaust thingswesaybutdontmean,0,1194095745730797568_twitter,"[""Jewish"", ""None""]"
<user> last time i spoke to him he told me that jews are trying to take over the world,0,1194233092380274688_twitter,"[""Jewish""]"
your chinese is lucky names your dumb indians are jews stuck on old stones,1,1197779321894637569_twitter,"[""Asian"", ""Jewish""]"
<number> was done by israel saudi arabia and jews in american gov t wake up america,0,11981207_gab,"[""Islam"", ""Jewish""]"
the dark triad man white knights spacebunny day the wife of the supreme dark lord who retreated to his castle to confer with his dread ilk and legal team they are friends of gorilla mindset man and they are avenging their friend the dangerous faggot the nazis are the retards though,1,11983122_gab,"[""African"", ""Homosexual"", ""Jewish"", ""Other"", ""Women""]"
also jews always project their mentality onto their opponents before they attack them and so far your group is the only group who is doing the projection,0,11984565_gab,"[""Jewish""]"
<user> the jews adl are the real anti semites 😂 😂 😂 😂 😂 😂 😂 😂 😂 😂 😂 😂 😂 that gave me a belly laugh,0,1198532191082426370_twitter,"[""Jewish""]"
<user> <user> just like they will never be jews lol,0,1198656401213677573_twitter,"[""Jewish"", ""Other""]"
everytime muslims are victims and when you see all they will be going against muslims why islamophobiaisholocaustic,0,1199305812486680578_twitter,"[""Islam"", ""Jewish""]"
<user> wouldnt it be better if the holocaust was properly investigated oh thats right its illegal,1,1199642540783226880_twitter,"[""Jewish"", ""Other""]"
<user> bro wheres my holocaust clout come on bro please bro,0,1200278778959798273_twitter,"[""Jewish"", ""None""]"
<user> <user> jews are white now,0,1200611362084253696_twitter,"[""Jewish""]"
juice wrld more like jews wrld,0,1203737645597069312_twitter,"[""Jewish""]"
why is it so hard to meet jewish women i know all em ain ’ t die in the holocaust,1,1204525535495368704_twitter,"[""Jewish""]"
<user> <user> yeah shiff shumer are jews leading this charade witch hunt,0,1204579714750406656_twitter,"[""Jewish""]"
<user> lol muslims hate both lgbt and jews no one questions them tho,0,1205137561368195074_twitter,"[""Arab"", ""Homosexual"", ""Islam"", ""Jewish""]"
<user> i liked kill the jews with thumbs up better,1,1205190699001536518_twitter,"[""Jewish""]"
<user> let start global nuclear war holocaust <number>,1,1205295829248020480_twitter,"[""Jewish"", ""None""]"
i am an ashkenazi jew,0,1205635400074551296_twitter,"[""Jewish""]"
<user> remember whenever you have to hire someone it has to be approved by amerikan jews first otherwise they will ruin your life,0,1205778765596332033_twitter,"[""Jewish"", ""None""]"
wishing for a white wignat christmas 🎄,0,1205929047508819974_twitter,"[""African"", ""Arab"", ""Asian"", ""Caucasian"", ""Jewish"", ""Men"", ""Women""]"
ha well it was obviously a dick move on the guy part but the uk funds antiwhite hate speech and of course mass immigration is a massive nativehobic antiwhite hate crime that unlike this tasteless joke will actually result in violence against jewish people,0,12071681_gab,"[""Jewish"", ""None"", ""Refugee""]"
what if the jews who convert to christianity kill jesus when he returns isnt that a concern for christians jews love killing jesus,0,12079360_gab,"[""Jewish"", ""Men"", ""None"", ""Women""]"
casey went fucking grammar nazi on my ass so if anyone wants her the starting bid is a piece of chocolate cake,0,1208473480099962886_twitter,"[""Jewish"", ""Other""]"
<user> yep tho is anyone surprised their defending known nazi nick fuentes,0,1209503685019131905_twitter,"[""Caucasian"", ""Jewish"", ""None""]"
<user> happy hanukkah for all jews,0,1209633146444095489_twitter,"[""Jewish"", ""Men"", ""Women""]"
i dunno where does this h <user> on j3ws come from among msian muslims like to even idolise h tler im just speechless,0,1209761827657117696_twitter,"[""Islam"", ""Jewish"", ""Men"", ""None"", ""Women""]"
looks like trump screwed us over brietbart reports daca amnesty deal reached with god cursed kike schumer pelosi that the end of trump if it true,1,12101895_gab,"[""Hispanic"", ""Jewish"", ""None"", ""Other"", ""Refugee""]"
i wish the holocaust actually killed <number> million jews that would have been awesome,1,1210998358162255874_twitter,"[""Jewish""]"
im literally not a zionist but dear lord how hard is it to just recognize that people just genuinely despise jews,0,1211444261935288320_twitter,"[""Jewish"", ""None""]"
<user> pranksters are worse than nazis,1,1213900578109018112_twitter,"[""Jewish"", ""None"", ""Other""]"
<user> <user> there are literally nazis all over all the time rigjt now throw a rock you hit a nazi,0,1214210751109447680_twitter,"[""Caucasian"", ""Jewish""]"
<user> <number> thousand people think anne frank is diarrhea sounds like sarah silverware has quite a lot of nazi friends,1,1214239272355737601_twitter,"[""Jewish"", ""None"", ""Other""]"
<user> jews will never be on the blockchain because you can not trust them,0,1214661248702390275_twitter,"[""Jewish""]"
london stan under attack again police suspect it was four old white women upset because they did not have enough recreational centers i would suspect liberalism and jews paying sand niggers but hey i do not have a degree in journalism,1,12154153_gab,"[""Arab"", ""Caucasian"", ""Islam"", ""Jewish"", ""Men"", ""Women""]"
that <number> bouncer and the boys you jumped up little nazi fag you wont see him again case closed,0,1216713290971303939_twitter,"[""Caucasian"", ""Homosexual"", ""Jewish""]"
<user> you can be in the swimming team and the holocaustef club,0,1216782157248593922_twitter,"[""Jewish"", ""None""]"
oh you mean these guys all jews vox said no jews are globalists is vox lying,0,12168663_gab,"[""Jewish""]"
<user> holocaust is a big lie there is no evidence about that holocaust_big_lie,1,1217022151112495105_twitter,"[""Jewish"", ""None""]"
you do not bible well either vox day if you did you would know faggots get fire and you would also know that jews are the enemy and you vox day are also guilty of idolatory you get the place of sulphur for your lies sorcery and schemes,0,12178459_gab,"[""Homosexual"", ""Jewish"", ""Men"", ""Women""]"
<user> that ’ as good as it didn ’ t happen but i ’ d kike some attention please,1,1218097662953754625_twitter,"[""Jewish"", ""None""]"
worst mistake ever shouldve sliced off the balls of all africans killed them just like the arabs typical christ cuck pussies why the fuck would you endanger your white stable gene pool by allowing africans to breed jews subverted your cucked religion for a reason,1,12182841_gab,"[""African"", ""Arab"", ""Jewish"", ""Women""]"
that a nifty little reversal of scripture pretty sure there are not a bunch of nazi lodges importing refugees for <number> shekels of state silver catholic churches though remove the speck of ash from thy brother eye first and then thou wilt see clearly to remove the somalian turd from thine,0,12182872_gab,"[""Jewish"", ""Men"", ""Refugee"", ""Women""]"
i have a dream that liberals will stop calling people they disagree with racists or nazis,0,1219256968549978114_twitter,"[""African"", ""Jewish"", ""None""]"
jews run the world most jews are atheists that an interesting fact dont you think,0,12203087_gab,"[""Jewish"", ""Other""]"
<user> <user> some might say it somewhat flippant to compare such an incident to the extermination of <number> million jews,0,1220505344436129792_twitter,"[""Jewish""]"
not surprising that a collectivist who wants to exterminate jews and blacks can not argue their way out of a paper bag,0,12209268_gab,"[""African"", ""Jewish"", ""None""]"
you are trying to jewsplain my identity to me my mother was greek orthodox converted i do not even think i technically am ashkenazi nor do i have antiwhite interests if you think i specifically lying to subvert white interests and should be eliminated ok but it still anti reality muted,1,12210245_gab,"[""Jewish"", ""None""]"
<user> and not just soviet jews were among the most important scientists ever since the astronomy schools of babylon,0,1224020573837238273_twitter,"[""Jewish"", ""None""]"
<user> <user> you are a muslim so you have no say on judaism,0,1227579600181628929_twitter,"[""Islam"", ""Jewish""]"
<user> <user> nah nazis are evil,0,1227745250019553282_twitter,"[""Caucasian"", ""Jewish"", ""Other""]"
<user> you want more wars for zion jews are the new nazis,0,1228560186496999425_twitter,"[""Jewish""]"
islam and antisexist parading together are like nazi and jewish together,0,12290381_gab,"[""Islam"", ""Jewish"", ""Other""]"
my mom was watching blues brothers the movie there a part where neo nazis have a rally she said to me mockingly look jews are using blacks to gang up on white people i honestly did not see what was inaccurate about that,0,12296231_gab,"[""African"", ""Caucasian"", ""Jewish""]"
btw i was kicked off twitter for accusing far left jews of supporting homosexual militancy jews are not in a conspiracy together they just assume murder me before you,0,12302055_gab,"[""Homosexual"", ""Jewish""]"
<user> <user> please adress this bernie family was killed in the holocaust this anti semite should be fired,0,1231392956516642818_twitter,"[""Jewish"", ""None""]"
use coupon code “ holocaust denial ” for <number> odd at checkout,0,1232098262267678720_twitter,"[""Jewish"", ""None""]"
study subject jew_4 projects the greatest feat of the north american kike namely that non urban usa is a hotbed of ovens shoah <number> electric boogaloo its panicky neurosis cause it to lash out at the goy claiming the opposite studying such sick pathologies is unpleasant but on i press,1,12324976_gab,"[""Jewish""]"
<user> muslims voted for <user> bjp team b and got the government they deserve,0,1232665780971376640_twitter,"[""Arab"", ""Islam"", ""Jewish"", ""None""]"
<user> soo being a nazi is perfectly ok because i get money yikes lol,0,1232998850647846915_twitter,"[""Caucasian"", ""Jewish"", ""None""]"
sharipo is a fucking jew and if you know that kike he plays his jew card everytime the shit goes down ben is a fucking liberal,1,12342840_gab,"[""Jewish""]"
an interesting sentiment but only a sentiment nonetheless trump has emboldened the grip israel has on america he has largely overlooked the jew owned federal reserve and given free reign to kike bank goldman sachs both of whom were fined billions for crashing the global economy in <number> <number> maga,1,12352960_gab,"[""Jewish"", ""Men"", ""None"", ""Women""]"
daily reminder that with the jews you lose do not believe me just ask jesus,0,12369075_gab,"[""Jewish"", ""Men"", ""Women""]"
<user> <user> why do jews constantly have this dead resentful stonefaced look about their faces,0,1237057972246724614_twitter,"[""Jewish""]"
<user> truth hurt them chinazi and lies more lies until it become truth to their lies,1,1237305222256459776_twitter,"[""Asian"", ""Jewish""]"
so white industry is bringing life you can see why the volcano demon chosen people and their various golem in their secular death cult offshoots would be appalled by this their aim is to destroy civilization and leave the earth a lunar wasteland,0,12382478_gab,"[""Jewish"", ""None""]"
whites are better than jews and arabs yeah that odin does a much better job than yhwh,1,12383837_gab,"[""Arab"", ""Caucasian"", ""Jewish""]"
i have jew relations but they are not friends zero jew friends i was raised in the south and i always point out how their retard politics made it very hard for a right wing mischling kid with a military dad raised in the south,0,12384445_gab,"[""Jewish"", ""None""]"
keverc <number> hours ago hey george i hope you enjoy hell you evil piece of shit we all know you got rich off of stealing the wealth of countless jews you helped sent to the camps for extermination ﻿,0,12410971_gab,"[""Jewish"", ""Other""]"
<user> <user> because in quran jews declared as enemy,1,1241362389301211136_twitter,"[""Islam"", ""Jewish""]"
i heard on the radio that neo nazis and white supremacists gangs were planning on deliberately spreading coronavirus to cops and jews lmao,0,1241546381539581953_twitter,"[""Jewish"", ""None""]"
jesus better run from the gang stalker real man killing nazi americans,0,1242193717131239424_twitter,"[""Caucasian"", ""Jewish"", ""None""]"
<user> <user> tell her to fuck off what the hell is she doing posing as a rabbi vile common shit bitch,1,1242862855390736385_twitter,"[""Jewish"", ""None"", ""Other"", ""Women""]"
modi is the one evil fish who is eating the muslims just because of his hatred towards muslims indiashatevirus,1,1248575708726792192_twitter,"[""Islam"", ""Jewish""]"
<user> i his jews in my closet i ’ m a hero give me a follow,0,1249008639051993090_twitter,"[""Jewish""]"
russia is a bitch of jews,1,1251189299627864064_twitter,"[""Jewish"", ""Women""]"
if the jews had more swag,0,1251975373497053185_twitter,"[""Jewish"", ""None""]"
<user> jews are the real nazis,0,1254871802058141697_twitter,"[""Jewish""]"
i did not expect something kike that holy shit i t looks so good,1,1255158746981883906_twitter,"[""Jewish"", ""None""]"
<user> <number> million jews you f****ing <censored> jerk,1,1255285704361496577_twitter,"[""Jewish"", ""None""]"
<user> people think it ’ ok to go after jews now and that could get out of hand really fast,0,1256226306393546761_twitter,"[""Jewish""]"
<user> i hate you,0,1257365940737585152_twitter,"[""Jewish"", ""None""]"
<user> hatt fir jihad islie ki jisko dekho uske against fir kar rahe hain muzzys 🥴,1,1258492694395052032_twitter,"[""Islam"", ""Jewish"", ""None"", ""Other""]"
<user> <user> thoughts on ralph being a kike,0,1258917258610515968_twitter,"[""Jewish""]"
we need to talk sbout how east asians and jews benefit from white privelege i mean no one ever complained about being pulled over for driving while yellow have they,1,12600545_gab,"[""Asian"", ""Jewish""]"
all because some scumbag capitalists refuse to pay tax looking at the damned jews,0,1260224048543469568_twitter,"[""Jewish""]"
<user> some jews are anti zionists doesnt that say alot,0,1260417250789654528_twitter,"[""Jewish""]"
interesting note to self determine which dna test the israeli government uses to test immigrants so that unfortunate mis identifications can be avoided during shoah <number> electric boogaloo,0,12621344_gab,"[""Jewish"", ""Other"", ""Refugee""]"
george washington would have had you hanged for being a cuck faggot the founders did not create the us constitution for every zipperhead jigaboo dothead kike goatfucker faggot and tranny on the planet,1,12636385_gab,"[""African"", ""Asian"", ""Homosexual"", ""Islam"", ""Jewish"", ""Other""]"
refugees are the army that the no balls jews use against all gentiles its state sponsored terrorism time to revolt or die like a woman,1,12636494_gab,"[""Jewish"", ""Refugee"", ""Women""]"
<user> <user> bs then all johnson and olafsson are jews or maybe some jews infiltrated by adopting local names,0,1264174663493537795_twitter,"[""Jewish"", ""Other""]"
jews pull the same shit on online forums close down all criticism of them and ban threaten people in sherdog i mentioned jews in a couple of posts and all of a sudden some mod is leaning on me the fucker has an illuminati avatar,0,12645369_gab,"[""Jewish"", ""Men"", ""None"", ""Women""]"
<user> <user> it the jews not europeans stop shifting blame on gentiles,0,1265280315565592579_twitter,"[""Jewish""]"
<user> it ’ d be an awful shame if nazis showed up and made things worse 🤔,0,1265503142151585792_twitter,"[""Caucasian"", ""Jewish"", ""None""]"
<user> tonight i ate kike <time>,1,1266939334772523009_twitter,"[""Jewish""]"
<user> well you killed a grammar nazi with that reply for sure,0,1266977469371944961_twitter,"[""Jewish"", ""None""]"
<user> talmud according to jews is just men commentary qur an according to muslims is literally the word of allah god we have to attack the qur an first because jews are not flying into buildings killing people plus is obvious no god would make so many mistakes as shown in qur an,1,1267057_gab,"[""Arab"", ""Islam"", ""Jewish"", ""Men""]"
<user> <user> he ’ a <number> percenter far right nazi trumper,0,1267304578967465984_twitter,"[""Jewish"", ""None"", ""Other""]"
death of jean charles de menezes jnagappan and all jews guilty of genocide must be exterminated by communism,1,1267383029229662209_twitter,"[""Jewish""]"
<user> but what do the riots have to do with fact checking the holocaust,0,1267538377844248576_twitter,"[""Jewish"", ""None"", ""Other""]"
<user> we lost ww2 the nazi came to america operation paperclip and became our cia fbi nasa all the abc agencies basically,0,1267655384241750016_twitter,"[""Caucasian"", ""Jewish"", ""None""]"
jews know the promises of the bible were written only for them and they are proud they deceived the gentiles with it,1,12678388_gab,"[""Jewish""]"
remember the jews killed jesus n if you don ’ t watch ya back they will kill you too,1,1269831703801016322_twitter,"[""Jewish""]"
jew faggot milo is king of the alt right great it not the alt right anymore,1,12711894_gab,"[""Homosexual"", ""Jewish""]"
<user> the non whites will follow wherever we go until we go somewhere that we do not let wormtongue jews in with us and hold out ground,0,1272194772539772928_twitter,"[""Jewish"", ""None""]"
muh holocaust <number> billion,0,12724221_gab,"[""Jewish"", ""Other""]"
<user> the difference between lib jews and real jews,1,1272944965732175872_twitter,"[""Jewish""]"
it going to get oh so much worse for you faux patriots fake christians pushing jew degeneracy onto our people jealous whore america belongs to us now not you millennial slut bitches go marry a jew if you have not already they love aging gentile whores,1,12731312_gab,"[""Christian"", ""Jewish""]"
i mean i consider myself white and greek and polish and jewish just explaining that guy tweet i think my opinion is what most jews believe although i guess i can not be <number> positive,0,12758693_gab,"[""Jewish""]"
<user> this is one of your more terrible takes survivors of the holocaust do not want auschwitz torn down so people remember,0,1276135409219706880_twitter,"[""Jewish"", ""None""]"
in a robotic voice israel is our greatest ally they totally do not just take billions of our tax dollars and do nothing in return but drag us into sand nigger wars dradles and yamakas are neat,1,12761562_gab,"[""Arab"", ""Islam"", ""Jewish"", ""Men"", ""None"", ""Women""]"
joke lizard people control the world look at this pic broke jews control the world and the lizard look is just how jews look woke jews control the world and are transforming into lizard people through concentrated sin sloke we are all lizards that were tricked into thinking we are apes,1,12762394_gab,"[""Jewish""]"
its not a recent muslim invasion it happened to christians in libya egypt syria and sects in ukraine there are bad jews that bring bad to themselves,0,12770766_gab,"[""Islam"", ""Jewish"", ""None""]"
hm changing the minds of whites how about a white only informal labor exchange to bind the economic social and political interests of whites otherwise you offer nothing the jew system already offers them,0,12783800_gab,"[""Jewish""]"
only nazis would charge <number> bucks for a tee shirt,0,1278412542990266368_twitter,"[""Jewish"", ""Men"", ""None"", ""Women""]"
<user> you ’ re nazi omg that you ’ re a moron,0,1278537386432004096_twitter,"[""Caucasian"", ""Jewish"", ""None""]"
we are going to kill jews unequivocally and force them breed with niggers and sand niggers and spics,1,12819333_gab,"[""African"", ""Arab"", ""Asian"", ""Hispanic"", ""Jewish""]"
i like my white skin we discovered america and built it including most inventions sorry niggers beaners and chinks,1,12828471_gab,"[""African"", ""Asian"", ""Hispanic"", ""Jewish""]"
for sure most deaths occured when leadership of camps transferred from german to uk i have not even found <number> infant mortality record from all the jewess women giving birth at the camps there is one camp the allies actually bombed and killed <number> of thousands directly,0,12833388_gab,"[""Jewish"", ""None""]"
tolerable slavs spanish italians greek hapas japanese maybe koreans chinese enemies blacks arabs south central americans mezistos mulatos indians pakis south east asians jews all ethnic even partially any mixes of these,0,12861638_gab,"[""African"", ""Arab"", ""Asian"", ""Caucasian"", ""Hindu"", ""Hispanic"", ""Jewish""]"
this is rich a streetshitter who married to a kike that works for a synagogue which supports israeli intelligence scraped some patina of testosterone from his deflated sack to call anonymous shitlords soros plants,0,12862468_gab,"[""Jewish""]"
remove all muslims and niggers and kikes from the united states of america this is the appropriate response to what these animals have been doing to human beings,1,12867041_gab,"[""African"", ""Islam"", ""Jewish""]"
i forgot to add those poor palestinian towel heads we will ask them how peaceful these so called rat jews are i do not think they will say the jew is very peaceful,1,12903965_gab,"[""Arab"", ""Jewish""]"
watch out john those rat jews love to play in with stool shit he just may take you up on that 😐,0,12904841_gab,"[""Jewish"", ""Men"", ""Women""]"
you just let the jewish media do the thinking for you bud while australia is flooded with asians and other new australians see what kind of future you have when you are a white minority,0,12918273_gab,"[""Jewish"", ""None""]"
i like how they have to specifically say non hispanic in white categories on graphs because the kikes will lump anyone in with us to make our numbers worse,1,12937490_gab,"[""Hispanic"", ""Jewish""]"
well dinesh sure as hell wasn t gonna do it i am betting at least one anon quote tweeted kike at seth of the retard laugh,1,12967418_gab,"[""Jewish"", ""None""]"
for guerilla warfafe events like lasvegasshooting is why many jews seek fame posing as conservatives on twitter and in radio shows so they can feed their followers all kinds of false talking points away from the truth after their attacks,0,12986076_gab,"[""Jewish"", ""Men"", ""Women""]"
multiple kinds of strengths modesty is one i lack you sorta have to though when i get called an ugly world destroying kike whore commenting that they have a valid point is probably unproductive,1,12994897_gab,"[""Jewish"", ""Women""]"
the only way for world peace is to get rid of all jews if you have not learned this yet just look around and see who is behind every nasty event ever after ww2 its the jews,1,13130170_gab,"[""Jewish""]"
common sense says the solution to every problem in the world is white men jews say the problem with everything in the world is white men it would seem that jews are a problem,0,13155723_gab,"[""Caucasian"", ""Jewish""]"
sad dick khan is the chief of the london muslim ghetto he first allegiance is to islam and muslims,0,13163234_gab,"[""Islam"", ""Jewish""]"
no white person should ever work for any jew not ever for any reason,1,13174721_gab,"[""Caucasian"", ""Jewish""]"
i want a huge trump nigger scandal and the jews i want people saying yeah you know trump is right – i am sick of these niggers and kikes also,1,13199345_gab,"[""African"", ""Jewish""]"
interesting do you know a lot of jewish women in real life,0,13243837_gab,"[""Jewish"", ""None"", ""Women""]"
you really think no one would care about the foibles aka sexual harassment and possibly sexual assault and rape of women if it wasn t being done by a powerful jew well shit and that why i am a feminist,0,13244426_gab,"[""Jewish"", ""None"", ""Women""]"
amusing to think that white people will never be given a referendum on expelling the jews from our nations when you think about things in such terms it becomes abundantly clear that we are expected by our governments to suffer jewish parasitism without the right to defend ourselves,0,13253575_gab,"[""Caucasian"", ""Jewish""]"
well the bible says david was a fair and ruddy boy and jesus is directly descended from the line of david so that does not sound like a nigger to me maybe you should read the bible and stop watching kike propaganda,1,13277897_gab,"[""African"", ""Caucasian"", ""Jewish""]"
hollywood is out of ideas and is now running out of money so the jews are cannibalizing each other and weinstein is the first victim that my theory anyway,0,13279887_gab,"[""Islam"", ""Jewish""]"
every jew including nyc rabbis and ortho jews insist adam and eve are not only god prototypical humans but also jews smdh,0,13295800_gab,"[""Jewish"", ""None""]"
i thought the semitic jews had the same iq as the arabs but its the non semitic ones that are high iq,1,13301890_gab,"[""Arab"", ""Islam"", ""Jewish""]"
israel needs now that their bitch usa is bankrupt and cant keep sending them 1 0 million per day and nobody wants to be in the commie eu with its extortionate membership fees and fines and profit sharing programs,0,13333981_gab,"[""Jewish"", ""None"", ""Women""]"
i am a retarded fucking jew,0,13340241_gab,"[""Jewish"", ""None""]"
jews and arabs will destroy america,1,13340926_gab,"[""Arab"", ""Caucasian"", ""Islam"", ""Jewish""]"
my mama told me it wrong to hate people so i just want you all to know i do not hate jews niggers faggots dykes fat bitch feminest cucks ragheads or illegals but i really really really fucking dislike them they should all die of ghoneria and rot in hell,1,13356904_gab,"[""African"", ""Arab"", ""Hispanic"", ""Homosexual"", ""Islam"", ""Jewish"", ""Men"", ""Refugee"", ""Women""]"
nigger kike spic chink faggot pussy cunt bitch sandnigger jap nip leaf fuck shit crap queer jews aa,1,13363113_gab,"[""African"", ""Arab"", ""Asian"", ""Hispanic"", ""Homosexual"", ""Jewish""]"
just report it the call for genocide and the posts saying he is actively planning to kill jews are all tos violations i think th support crew is overwhelmed and it ll get more attention if it gets multiple reports,0,13381604_gab,"[""Jewish"", ""None""]"
it what happens when jews and slut whores cum together,0,13383879_gab,"[""Jewish"", ""Women""]"
the pathetic part is that despite all the evidence proving the holohoax is bullshit there still faggots like you who still buy it and then cry like a bitch about people who accept the truth,0,13386470_gab,"[""Homosexual"", ""Jewish"", ""Other""]"
i must ve been lucky back in my days of chasing poon as i found jewish women to be very easy as long as i pretended to have money,0,13395977_gab,"[""Jewish"", ""Women""]"
well of course it does jews invented feminism that all jews do destroy shit they openly admit they destroy shit,1,13441981_gab,"[""Jewish"", ""Men"", ""Women""]"
sorry tom you are wrong the qur an haddiths sanction rape mohammed himself raped many women including the <number> year old aisha he was poisoned by a jewess he had raped after murdering her husband the qur an encourages the rape of unbelievers it is the religion of satan,1,13473447_gab,"[""Islam"", ""Jewish""]"
yeah but he beheaded <number> jews in one day that makes muhammad better than you,0,13482677_gab,"[""Islam"", ""Jewish"", ""Other""]"
in most countries holocaust denial will get you more time,1,13487363_gab,"[""Jewish"", ""None""]"
undocumented immigrants are true americans just like you and me we need to get rid of this divisive concept of jews the people who died in the holocaust were nazis not jews and they deserved it it does not matter about their documentation or ethnicity do not be racist,1,13488124_gab,"[""Jewish"", ""None""]"
so holocaust denial is now a crime in germany and the jews at aipac are now pushing for american laws that make it illegal to boycott israel then i say it is open season on jews once again fuck their shapeshifting perfidious seditious tribal destructive ways jewishfilth,1,13489643_gab,"[""Jewish"", ""Men"", ""Women""]"
they used to have cracker and honky now they have antiracist them to us racist us and nazi does this mean i can say nigger faggot kike sandnigger and spic again fuck you anti white scum 😬,0,13517786_gab,"[""African"", ""Arab"", ""Hispanic"", ""Homosexual"", ""Islam"", ""Jewish"", ""Men"", ""Women""]"
seems like the only purpose to christianity anymore is to ensure the annihilation of the white race via the suicidal worship of jews maga altright,0,13525359_gab,"[""Christian"", ""Jewish"", ""Men"", ""Women""]"
i am thinking of a new old social system <number> only women can own land <number> man job is to maintain and improve the land <number> only men have political power <number> niggers obey or leave <number> jews will volunteer for the ovens <number> fill in the blanks,1,13537537_gab,"[""African"", ""Jewish"", ""Men"", ""Women""]"
to do that you gota get rid of the niggers and jews spics arabs etc etc so hurry up,1,13541259_gab,"[""African"", ""Arab"", ""Hispanic"", ""Jewish""]"
the left hinges entirely on the notion that white people are obligated to share any homeland with niggers muslims jews latinos hispanics indians hindus etc asians and any other brown or black third worlders maga altright,1,13650506_gab,"[""African"", ""Arab"", ""Asian"", ""Caucasian"", ""Hindu"", ""Hispanic"", ""Islam"", ""Jewish"", ""Refugee""]"
i am sad your a nazi splains a lot,0,13652786_gab,"[""Jewish"", ""Men"", ""None"", ""Women""]"
we can not talk about violence or the zog will come for us how do you think you are going to avoid dying as your fam is raped by a pack of niggers probably gonna take violence so really what do you gain by not talking about violence then,1,13681127_gab,"[""African"", ""Jewish"", ""None""]"
i think there is a difference between white white european jews arabs may be white well some are but they are definitely not european if fully semitic,0,13682278_gab,"[""Arab"", ""Caucasian"", ""Jewish""]"
the jews and muslims grew up together and the jews gave birth to christianity catholicism and later on mormonism like a big religion family,0,13683282_gab,"[""Christian"", ""Islam"", ""Jewish"", ""None"", ""Other""]"
the patriotards who castigate us for saying the kikes need to be exterminated are too stupid to live in the real world when savage enemies are slaughtering your people only pathetic faggots wring their hands over the evil of killing them,1,13710072_gab,"[""Homosexual"", ""Jewish"", ""Men"", ""Women""]"
problem with jewish holocaust is that what really happened does not live up to expectations no gas chambers no shootings no experiments just starvation and typhus for less than <number> same shit as with every pow in history real events do not live up to hype like almost everything jews promote,0,13720526_gab,"[""Jewish""]"
all these jews trying to dox <user> on crimes that he been accused of these same jews have not said a whole lot about the crimes against women perpetrated by the left,0,13728564_gab,"[""Jewish""]"
did not he throw bricks at vietnamese people in his youth if he wants forgiveness for degenerate kike movies instead of pwning asians with bricks he might just be ourguy,1,13736732_gab,"[""Jewish"", ""Refugee""]"
i am not denying that romans physically killed jesus you are denying that the jews ordered his murder you are a lying kike,1,13789474_gab,"[""Jewish""]"
so explain why it the only aspect of history that is protected by laws in europe people go to jail for questioning any aspect of the holocaust,0,13796553_gab,"[""Jewish""]"
i wasn t aware that having a cogent message was cultish you are right we should go back to whining and asking leftists and jews but i repeat myself to kill us slower,1,13818840_gab,"[""Jewish"", ""None""]"
altright is not limited to whites those dems are also going to be pushed into embracing their white identity altright is the most reality aligned political movement and so it will become the new right and displace the uniparty,0,13818953_gab,"[""African"", ""Islam"", ""Jewish"", ""None"", ""Other""]"
my guess jews with mafia connections to cuba,0,13844176_gab,"[""Jewish""]"
benny boy is just as anti white as the rest,0,13877415_gab,"[""Caucasian"", ""Jewish"", ""None""]"
disney also made the shopkeeper gay in frozen look for when the shopkeeper says hi to his family who are in a sauna or something since eisner took over neo disney has been defiling children entertainment by pushing jewish cult marxist themes in movies and shows boycott,0,13883384_gab,"[""Homosexual"", ""Jewish"", ""Men"", ""Women""]"
i am jewish in <number> generations not one kike has been introduced into my family i am half pure aryan,1,13907983_gab,"[""Jewish""]"
i am going to build you a brother fuck the sandniggers the arabs are pigs and here you are defending them these arabs are the ones raping your precious europeans but let not blame the muslims cuz muh zionists in israel did this bitch you are a cuck,1,13908102_gab,"[""Arab"", ""Caucasian"", ""Islam"", ""Jewish"", ""Women""]"
lmao insert some attempt a insult that only works w new right kike worshipping cerno dick sucking gorilla vox pedo faggots,1,13909479_gab,"[""Homosexual"", ""Jewish"", ""Men"", ""Other"", ""Women""]"
as you wish i am not a natsoc i believe in every race right to self determination and a homeland you appear to believe jews do as well and ignore thousands of years of behavior and their talmud in the process,1,13925713_gab,"[""Jewish""]"
no kike should ever feel at home or welcome on this site,1,13927228_gab,"[""Jewish""]"
people respond to incentives esp politicians since very few congressmen ever dare vote against funding israel and willingly add more than requested what carrots and sticks have the jews set in place to ensure they get what they want hint it almost all sticks,0,13937879_gab,"[""Jewish""]"
p at least harvey weinstein only raped and assaulted the gentiles not angelina jolie or gwyneth paltrow so he still a good jew 😂,1,13979518_gab,"[""Jewish"", ""Women""]"
those are quotes directly from anti white semites so shove your fucking anti semitism up your faggot ass,0,13986097_gab,"[""Homosexual"", ""Jewish"", ""None""]"
at least harvey weinstein only raped and assaulted the gentiles not angelina jolie or gwyneth paltrow so he still a good jew spacey not a jew 😦 😊,1,13986771_gab,"[""Christian"", ""Jewish"", ""None"", ""Women""]"
leftie like her jeremy corbyn george galloway only oppose israel because they oppress brown moslem in palestine they support the israeli agenda in the west of endless holocaust propaganda hate speech laws open borders for white country only white country,1,14018206_gab,"[""Islam"", ""Jewish"", ""None""]"
insinuating that i am the retard whilst claiming to be in the alt right whilst shilling for jews and faggots nice whole new levels of retard have been achieved with this one,0,14022755_gab,"[""Homosexual"", ""Jewish"", ""Other""]"
slight correction jewish supremacism is winning wtf you think let these sand niggers into our backyard,1,14027918_gab,"[""Arab"", ""Islam"", ""Jewish""]"
the jews are less than <number> of the total world population so the only way you can be right is if all the jews are some kind of ultra wizards fyi the jews are not some kind of ultra wizards,0,14031786_gab,"[""Jewish""]"
that was the plan all along to fund train arm bring the wahabi terrorists who terrorised the levant to white countries just another part of the never ending saga of the jewish holocaust of humanity,0,14036815_gab,"[""Islam"", ""Jewish""]"
jews often appropriate white identity and culture this crypsis is often selfishly motivated deceptive in the company of the goyim we jews must always identify ourselves as jews especially when espousing political opinions on israel and the middle east wear a star of david prominently,0,14055812_gab,"[""Jewish"", ""None""]"
the british empire robbed the palestinian land for the wandering jews,0,14062473_gab,"[""Caucasian"", ""Islam"", ""Jewish"", ""Men"", ""Women""]"
upon successfully destroying europe and establishing berlin seat of european communist aka jew control while occupying israhell jews position themselves for complete takeover of us,1,14066054_gab,"[""Islam"", ""Jewish"", ""Other""]"
precisely nazi armbands are catnip to libs because as symbols they permit easy pigeonholing of the wearer and cartoonish amplification of any threat he presents in contrast iotbw is using shitlibs psy ops weaponry against them i love it,0,14175177_gab,"[""Jewish"", ""Men"", ""None"", ""Women""]"
<number> every bit of jewish origin stories in the old testament is about a horde of jews infiltrating another superior culture breeding like rats then trying to over throw said culture egypt babylon persia everywhere they went they did this,0,14192763_gab,"[""Jewish"", ""Refugee""]"
texaschurchmassacre if youre thinking jews will magically let you be rich again just voting you havent read the talmud jews grow up reading,1,14277138_gab,"[""Jewish"", ""None""]"
hey goyims my name is abraham and i just talked to god and what did he say to you that the land of the arabs belongs to me,0,14308705_gab,"[""Arab"", ""Jewish""]"
<number> years ago the germans were anti zionists but jews smeared them as nazis a term coined by jews which means simpleton to bury the term anti zionist if youve been called a nazi it means youre feeling the toxic effect of zionism but jews dont want you to call yourself anti zionist,1,14312289_gab,"[""Jewish"", ""Other""]"
our great grandparents had a society free of jews and other riff raff we deserve the same,1,14357240_gab,"[""Jewish""]"
if god gave his beloved jews the land of the arabs why didnt he gave them permission to practice central banking and usury,0,14362587_gab,"[""Jewish""]"
blacklivesmatter desperate to create their rfid chip black slave new world order where theyll ban cash and pay blacks with food only jews tell them they are the future just help us get rid of white people,0,14363928_gab,"[""African"", ""Caucasian"", ""Jewish""]"
since refugees acomplished the opposite of what jews wanted that the gentiles hate the arabs instead of the headquarters of satan israel,0,14385535_gab,"[""Arab"", ""Jewish"", ""Refugee""]"
coming together for christmas wow tesco has lost it mind for moslems and jews christmas is pagan celebration aside from fact that they would not eat turkey which is not halal i wish pork was traditional christmas dish in britain too then this advert would have had a different meaning,0,14449986_gab,"[""Islam"", ""Jewish"", ""None""]"
merry christmas is like whitesupremacy and ready to gas <number> <number> jews jews shit on our traditions diamonds,1,14489925_gab,"[""Jewish""]"
had they been dune coons jewess kohn would have called them peaceful protesters who were responding to discrimination and a racist society followed by jewscolding on how the natives need to adapt to immigrant demands whites advocating for white interests scares the shit of them,0,14503035_gab,"[""African"", ""Arab"", ""Jewish""]"
southern poverty law center mission statement dedicated to keeping blacks whites jews hispanics asians and everyone else as poor as possible both mentally and physically since <number>,0,14515332_gab,"[""African"", ""Arab"", ""Asian"", ""Caucasian"", ""Hispanic"", ""Jewish""]"
which filth do u mean the niggers jews spics chinks street shitting dotheads rag head camel fuckers gooks flips kikes slants or fags u can not swing a dead niglet these days without hitting some filth 😡,1,14524055_gab,"[""African"", ""Arab"", ""Asian"", ""Hispanic"", ""Homosexual"", ""Islam"", ""Jewish"", ""Other""]"
he was a race traitor who exchanged our nation for personal aggrandizement and kike shekels sloppy williamson should be forced to dig up buckley bones at gunpoint and then be beat to death with them,0,14525087_gab,"[""Jewish"", ""None""]"
adopting pro homosexual policies walmart plays both sides of the social issues culture war it does this by cultivating good relations with both homosexual activists like human rights campaign and christian conservative organizations like american family association afa,1,14533988_gab,"[""Caucasian"", ""Christian"", ""Heterosexual"", ""Homosexual"", ""Jewish"", ""Men"", ""None""]"
and our muslim puppet global elitist traitor governments keep importing these savages because they need an excuse to declare martial law if you think i am joking i remind you that martial law was declared in ma after the boston marathon bombing by muslim immigrants,0,14538042_gab,"[""Arab"", ""Islam"", ""Jewish"", ""Men"", ""Refugee"", ""Women""]"
bodies will hit the floor for that kike after i am done with lunch,1,14541274_gab,"[""Jewish""]"
the glorious minds of pol created that meme do you want me to tell you what they think of their meme being spread on a t shirt for shekels by a faggot jew who fucks niggers,1,14559172_gab,"[""African"", ""Homosexual"", ""Jewish""]"
naw it probably nigger obama fault shift the blame ok i blame the jews whatever please quit the bitch fit with azz it clogging up my gab feed and it retarded thanks,1,14560857_gab,"[""African"", ""Jewish"", ""Men"", ""Other"", ""Women""]"
why categorize all jews as villains such sweeping generalization and racism is why any legitimate arguments against rothschild zionists becomes diluted remember not all jews are zionists and definitely not rothschild zionists,0,14569054_gab,"[""Jewish"", ""None""]"
the nerve of jews they think poland is us senate to execute all their demands lol withjewsyoulose,1,14574518_gab,"[""Jewish""]"
c ville <number> now l2r j goodwin <number> d borden <number> c cantwell <number> r preston <number> a ramos <number> not pic d d mothersbaugh <number> albemarle county regional jail <number> peregory lane charlottesville va <number> our warriors are in jail <number> being white having ballz goyfundme com jailatm com,1,14707444_gab,"[""Caucasian"", ""Jewish""]"
sounds like a sham hit piece meh im giving a thumbs down and a since it came from a taco negro it already is suspicious i do wonder did he do it out of a need to virtue signal or is he getting a check from the jews,1,14724932_gab,"[""African"", ""Hispanic"", ""Jewish""]"
i have a feeling that the nazis would look at our left and be like hold up that brilliant i am writing that one down so we can use that demonize opponent in the media and normalize violence against them then gas the jews,0,1472569_gab,"[""Jewish"", ""Other""]"
gay jews crying that trump is stuffing federal judges with unqualified young people what qualities are they missing,1,14772724_gab,"[""Homosexual"", ""Jewish""]"
i am probably just over thinking it since the white rabbit graph rothchild copter thing marines at langley tick tock monday,0,14783700_gab,"[""Jewish"", ""None""]"
le americané have never seen jews in beast mode but the ones that live in dearborn michigan texas and houston are starting to see the light just give the rest some time zionism will take good care of that,1,14823147_gab,"[""Jewish""]"
i will take a military victory over a psychological one israel came in raped some sand nigger ass razed some real estate and then withdrew when deep state pressure started mounting,1,14844343_gab,"[""African"", ""Arab"", ""Islam"", ""Jewish"", ""None""]"
abortion illegal aliens open borders food stamps gay marriage etc etc all found in the constitution the right to bear arms not so much all libtards should be gassed democrat doug jones the second amendment has limitations breitbart news,1,14847064_gab,"[""African"", ""Hispanic"", ""Homosexual"", ""Islam"", ""Jewish"", ""None"", ""Other"", ""Refugee""]"
i wasn t born yesterday kike when i infiltrated the nuis on kikebook in <number> they had dozens of its not the jews its the zionists fake palestinian groups to fool the goyim get gassed kike,1,14874848_gab,"[""Jewish"", ""None""]"
your gonna fail due to defectors with multi ethnic families the africans muslims and asians think jew are white your gonna get us infighting then we lose big,0,14888001_gab,"[""African"", ""Arab"", ""Asian"", ""Islam"", ""Jewish""]"
what do you think would happen if a southern white interviewer went in to a black ghetto area in the us north of the mason dixon he would be treated like a black in israel jews are racist tribal and violent just like blacks,1,14892008_gab,"[""African"", ""Arab"", ""Jewish""]"
misogyny a ducklike gait joke and pubic hair joke on a neutral public yahoo group is not misogyny or harassment raping women girls holding them hostage and robbing 6 5 yo women is do not tell us about the rule of law hypocritical nazis,0,14900866_gab,"[""Islam"", ""Jewish"", ""None"", ""Women""]"
jews orchestrate white genocide because whites are the most powerful race the race of conquerors and supreme victors in military culture technology and all forms of civilization you sandniggers are all the same to me jew collaborators when convenient,1,14904587_gab,"[""Arab"", ""Islam"", ""Jewish"", ""Men"", ""Women""]"
good night fuck niggers and fuck kikes,1,14948289_gab,"[""African"", ""Jewish""]"
guardamerican draws the line at the sanctity of life unlike your gosnell crowd ethno cleansing blacks more than any nazi ever dreamed that your side the kk venezuela socialism euthenasia all you libs love death conservatives value life,1,14950466_gab,"[""African"", ""Jewish"", ""Men"", ""None"", ""Women""]"
oh you noticed i am actually a russian nazi jew nigger boomer millennial cuck racist faggot bigot moron what else ya got,1,14951760_gab,"[""African"", ""Islam"", ""Jewish"", ""Men"", ""Women""]"
thanks that was actually helpful to me as i wasn t following <user> always good to find more kike gassers as there a lotta gassin to do,1,14980106_gab,"[""Jewish"", ""None""]"
the arabs are all jews in sharia clothing,0,14991449_gab,"[""Arab"", ""Islam"", ""Jewish""]"
it much simpler than that bro he a shit tier hasbara kike playing the muh freedom loving white man lol same old routine with these clowns,0,15016427_gab,"[""Homosexual"", ""Jewish"", ""Men""]"
elite looters try to destroy history no public school teaches that moslems invaded europe with help from jewish traitors at the gate or that the inquisition was reparations for jews selling white christians as slaves to moslems,1,15019573_gab,"[""Islam"", ""Jewish"", ""None""]"
the only people trump is playing chess against are the american people the jew controlled alt right are full of liars and traitors ask yourselves would adolf hitler shake netanyahu hand would he prostrate himself like a bitch before the wailing wall,1,15024908_gab,"[""Jewish"", ""Women""]"
i dont care about hitler because i care about western people hitler allows millions of jews to pose as neonazis to cuck millions of gentiles from rebelling against jews for fear of being called a nazi,0,15031980_gab,"[""Jewish"", ""None""]"
the same kike that will lump all muslims will turn around and say not all jews get fucking gassed kike,1,15040986_gab,"[""Arab"", ""Islam"", ""Jewish""]"
do not you love when nazi wannabes complain about israel because hey like we do not want them here but we do not want them there either stupidity,0,15068033_gab,"[""Islam"", ""Jewish"", ""Men"", ""Women""]"
or <number> million jews in german occupied europe something something six million plus jews post war get reparations,0,15091211_gab,"[""Jewish""]"
whites are superior except asians are smarter blacks are stronger and jews have outfoxed us at every point in history what did superior mean again,0,15117672_gab,"[""African"", ""Asian"", ""Caucasian"", ""Jewish"", ""None""]"
my theory is twitter new dumb ass retarded rules of monitoring off site behavior will basically mean anyone on gab is a nazi lol that what my take on it is god i hate twitter,1,15122827_gab,"[""Jewish"", ""Other""]"
most jewish writings indicate that what we call a superiority complex is combined with a persecution complex sprinkled with paranoia how else can it be explained that jews are so universally fixated on the alleged <number> million jews who supposedly died in the holocaust,1,15123450_gab,"[""Jewish""]"
all my nazi friends say sorry we are not being violent enough the left said they d pick up the slack and we said ok we just figured they could do the violence and we d do the thinking,1,15207637_gab,"[""Caucasian"", ""Jewish"", ""None""]"
just call them jews,0,15222713_gab,"[""Jewish"", ""None"", ""Other""]"
maybe they told him that his child would get to be king of africa they would be lying of course only full jews get the privilege of ruling once whites have been banished and the east asians have been taken care of,0,15226680_gab,"[""Asian"", ""Hispanic"", ""Jewish""]"
america has basically lost all of its european culture all we have now is ghetto pop music shitty jewish movies consumer culture of walmart and black friday sports culture of watching sweaty negros chase balls what kind of culture is that,0,15231723_gab,"[""African"", ""Jewish"", ""Other""]"
if google slows down a tad forgive me for straining their servers why are jews so random flattering term,0,15251170_gab,"[""Jewish""]"
when kikes were living in the ghetto instead of running the show,1,15251574_gab,"[""Jewish"", ""Other""]"
it was a small point the bigger point he was getting at was super elite jews were willing to finance wars that would victimize their own people to <number> demonize christendom as a war mongering faith and <number> establish a jewish state of israel balfour declaration <number>,0,15283670_gab,"[""Jewish""]"
why are so many jews in charge of all our media when they are such a small percentage of the population why is the media so anti american why is it not ok to talk about jewish ownership of our media why is it ok to mock whites,1,15299833_gab,"[""Jewish""]"
we are gonna continue to bullycide the fat stahlhelm and windmill of friendship waving faggots and losers out of this movement we are americans meaning we are white being pure natsoc by giving the jews what they want is stupid kikes have won that imagery battle we are doing something new,0,15300474_gab,"[""Caucasian"", ""Homosexual"", ""Jewish""]"
it called being a fuckin genius when i argue with a jew and people watch i become a jew too to undermine jewry and expose jq just like many jews become white to undermine white survival,1,15313040_gab,"[""Caucasian"", ""Hispanic"", ""Jewish""]"
i straight up refuse to believe sorry but when jews had <number> years to get thir facts straight and they are still making up stories about fucking roller coasters sorry but i just cannot believe the rest,0,15319039_gab,"[""Jewish""]"
except you are wrong there as usual whoisshooting com among other sites evince the niggery in your kike narrative btw the majority of pedos are black too fbi gov ucrs crimes against children families,1,15320864_gab,"[""African"", ""Jewish""]"
everyone i disagree with is a kike alright i guess that the side i will join,1,15334455_gab,"[""Jewish"", ""None""]"
why is a gay kike giving a speech about it being ok to be white i thought his granpappy was one of <number> trillion kikes gassed soaped and lampshaded in the holohoax nametheperfidiousjew,0,15365618_gab,"[""Homosexual"", ""Jewish"", ""Men"", ""Women""]"
holy fuck gab is filling up with a lot of degenerate jews even worse degenerate jew lovers,1,15373293_gab,"[""Jewish""]"
kill the jews,1,15378494_gab,"[""Jewish""]"
would it be better to declare talmudic judaism a enemy of the united states and exterminated from our society grope gate shows the world it is jews that are pedophiles not the muslims dead jewish goat raped to death by jews,1,15386699_gab,"[""Islam"", ""Jewish"", ""Men"", ""Women""]"
they have thousands of years of practice but the fuckers keep re branding themselves in history books so nobody realizes it the same jews using the same rabid arabs century after century,0,15402487_gab,"[""Arab"", ""Jewish""]"
no need for hateful comments but how are jews not white people,0,15413774_gab,"[""Jewish""]"
<number> israel the only country to have its borders defined for a specific nation jewish ppl2 jews pray <number> x times for the re establishment of our h land <number> pali syriana name given by romans to israel other areas <number> jewish sites only evidence of arabs is toilet on har habayit,0,15421677_gab,"[""Arab"", ""Islam"", ""Jewish"", ""None""]"
it does not bother me it is rather amusing to see someone like yourself claim to be intelligent then resort instantly to baseless accusations when proven wrong you communist jews are all the same,0,15428053_gab,"[""Jewish"", ""None""]"
jews declare war on poland only because everyone there knows the death camps were hotels disquised as camps were jews spent the entire war laughing at the naive goyim that died only so that they could create israel ↓,1,15432897_gab,"[""Jewish"", ""None""]"
bitcoin and islam is the same shit gehirnwäsche fangt an zu denken,1,15445326_gab,"[""Islam"", ""Jewish""]"
i do not want to hear about systemic racism and power privilege from asians and kikes since they are statistically wealthier than us shut the fuck up,1,15448544_gab,"[""Asian"", ""Jewish""]"
i thought yemen is white people isnt it the moslems are killing them because they are not moslem i mean fuck the muzzies and jews and double fuck the niggers but if they are white non moslems or jews then its not a good thing for them to starve,1,15468960_gab,"[""African"", ""Arab"", ""Islam"", ""Jewish""]"
public service announcement god hates niggers and jews,1,15477682_gab,"[""African"", ""Jewish"", ""Men"", ""Women""]"
is that why its illegal to say the holocaust is a lie or is it because jews do not want people find out the holocaust is a lie forgivehitler,1,15479355_gab,"[""Jewish""]"
wrong you fat boomer whorekike threats are illegal naming a kike whore like yourself or pointing out your nigdick sucking stupidity are entirely legal you fucking moron and your kike heroes do not own ny slut,1,15488008_gab,"[""African"", ""Jewish"", ""Women""]"
nice deflection kike nothing to do with the subject matter you jews are all the same,1,15502644_gab,"[""Jewish""]"
you repost that faggot jew milo and moly jew again i might just stab you on twitter myself,1,15536794_gab,"[""Homosexual"", ""Jewish""]"
unfortunately thousands of women look like this they have overdosed on vitamin kike you should let them know about their condition the next time they stop in,1,15544535_gab,"[""Jewish"", ""None"", ""Women""]"
while you run scared of the jews i will just concentrate on keeping pedo muzzies out of the usa ok,0,15554232_gab,"[""Islam"", ""Jewish""]"
if the kike population equalled the white one the number of jew assaulters would be <number> jews to <number> white ones,1,15579832_gab,"[""Jewish"", ""Men""]"
fuck your data you sound like a homo i am not going to get sucked into your gay game of name the fed for all i know you are the fed alex jones is definitely some kind of fed or jew loving gatekeeper or crypto,0,15580623_gab,"[""Homosexual"", ""Jewish""]"
the retards pushing this crap just about have to be kikes i will wave the israeli flag for propaganda purposes if it means winning these im faggot autists who insist on waving the windmill of friendship an alien symbol to americans are not interested in winning they are interested in larping,1,15584227_gab,"[""Homosexual"", ""Jewish""]"
i have read your talmud kikess you are lying through your teeth you filthy jew whores conquer nations through subversion of culture and intermarrying in order to dilute white genes and create more little yidlets that why jewishness is passed via matrilineality gas yourself,1,15593969_gab,"[""Caucasian"", ""Jewish"", ""Women""]"
the jews were responsible for bringing negroes into the rhineland with the ultimate idea of bastardizing the white race which they hate and thus lowering its cultural and political level so that the jew might dominate,0,15594284_gab,"[""African"", ""Jewish"", ""Refugee""]"
just call the jews what they really are god suplanters,0,15613204_gab,"[""Jewish"", ""Men"", ""None"", ""Women""]"
feminists blacks muslims queers illegals libtards hispanics latinos transgenders jews do not like men like me why solely strictly because i am a college educated conservative hetero christian white male who also happens to be a legal immigrant american citizen by the way,0,15623520_gab,"[""African"", ""Arab"", ""Hispanic"", ""Homosexual"", ""Indigenous"", ""Islam"", ""Jewish"", ""Other"", ""Refugee""]"
one important thing remember that the holocaust started with a travel ban the jews could not leave the ghettos let that sink in i think we white people need to stop thinking in terms of race and religion replacing that with ideals and love rabbi loanstein,1,15633381_gab,"[""Jewish"", ""None""]"
trump recognizes jerusalem as israeli capital moves embassy because <number> jerusalem never mentioned in koranicles <number> moham rejected jerusalem on his search to fabricate a cult and the rest is history of which the arabs not palii play no part party time,0,15731189_gab,"[""Arab"", ""Islam"", ""Jewish""]"
he is going wherever jews take him israel first not america,0,15734087_gab,"[""Jewish""]"
khazars were terrible people who installed an oligarchy over ukraine whether or not you accept the khazars theory jews today fucking hate jesus and white christianity so either way these kikes are scum of the earth,1,15739147_gab,"[""Jewish""]"
i love those liberaltears the muslim ban and the recognition of jerusalem as israel capital shows arabs antisemitism causing more redpillingofthenormies i fucking love you president trump just do not be a cuck to liberals donald <user>,0,15742628_gab,"[""Arab"", ""Christian"", ""Islam"", ""Jewish"", ""Men"", ""Women""]"
why are so many non jews celebrating when so many israeli jews support and back the influx of migrants into europe and north america it some sort of victory for jews but how is it a victory for non jews why would i give a rat ass,0,15745396_gab,"[""Jewish"", ""None"", ""Refugee""]"
i so hope this jew hating pope is killed by one of his muslim buddies,1,15756713_gab,"[""Arab"", ""Christian"", ""Islam"", ""Jewish""]"
either way kikes and sand niggers will most likely die this is very good,1,15762501_gab,"[""Arab"", ""Jewish""]"
shut your filthy mouth kike,1,15769087_gab,"[""Jewish""]"
the democratic party is the party of jews and jew causes minority mutts dumb white bitches that they appoint to certain leadership positions are just puppets facade to disguise the real core and purpose of the party study jewishprivilege and who really matters in the case of conyers franken,1,15770035_gab,"[""Jewish"", ""None"", ""Women""]"
if the solution is to give jerusalem international status just pump it full of immigrants like the jew bastards have done to all our cities if it everyone then no one will fight over it,0,15774353_gab,"[""Jewish"", ""Refugee""]"
so more dead jews and arabs why ya bitchin israel is now being forced to buy our military weapons and that means more business and cash for us while we watch both jews and arabs die why u bitchin 🤔 🤔 🤔 🤔 🤔,0,15784731_gab,"[""Arab"", ""Jewish""]"
i fucking hate jews,1,15853621_gab,"[""Jewish""]"
i want roy moore to win even if it only to hear all the kikes commie faggot scum screaming about inbred misogynistic toothless alabama hillbilly white trash,1,15868359_gab,"[""African"", ""Homosexual"", ""Jewish"", ""Men"", ""Women""]"
this nigga supports homo jews diddling kids,1,15900511_gab,"[""African"", ""Homosexual"", ""Jewish""]"
the only claim to fame that jews have is to be the people rejected by god,0,15906023_gab,"[""Jewish""]"
why am wasting my time with you if you are too retarded to understand what controlled opposition is you probably think the holocaust was real do not you white genocide is orchestrated by the kikes the shitskins are just the tool they are using to do the job,1,15932473_gab,"[""Arab"", ""Islam"", ""Jewish""]"
i swear porch monkeys and sand niggers have no honor whatsoever if the kikes were pushing for european migration into africa and the middle east to out breed the porch monkey and sand niggers there i could never find myself moving there just for that purpose,1,15932738_gab,"[""African"", ""Arab"", ""Islam"", ""Jewish"", ""Men"", ""Women""]"
shlomo for a small fee i can help you stop shilling like a tay sachs ghetto jew peddling fake diamonds out of a rag cart here a freebie turn off the projection it like a giant star of david bat signal,0,15962164_gab,"[""African"", ""Jewish""]"
sadly jews have concentrate their extermination of white people un this kind of countries cause they hate blond purity for them every white girls have to be gangbanged or raped or stupid enough to have brown subhuman sperm in their womb to make the white genocide by race mixing unstoppable,1,15970058_gab,"[""African"", ""Jewish""]"
yeah true the explanation i heard was he was just supposed to be a shabbos goy for the jews but out smarted them and took power they explained stalin is the reason the ussr adopted more socially conservative policies and started mild anti semitism,1,15990083_gab,"[""Jewish""]"
sir can you kindly address the information presented you if you have no cogent response do not flail about like a hysterical woman with a bat tangled in her hair i presented anecdotal evidence of loxism here numbers jews prefer muslims to evangelicals pls explain,1,15998887_gab,"[""Islam"", ""Jewish"", ""Other""]"
swedish prime minister stefan löven condemns minor attack by muslims against the synagogue in gothenburg he wants more money for holocaust propaganda and harsh punishment for antisemitism swedes have been murdered and raped for years without him saying a word a shekel for a good goy,0,16001308_gab,"[""Islam"", ""Jewish""]"
<number> <user> were marketed under speakfreely <number> the terms changed halfway through year one to restrict speech under 1 a <number> then pressured by kike groups like your wife you silenced political dissidents your argument works while companies can limit 1 a those days are ending wrong side of history,1,16023241_gab,"[""Jewish""]"
well she nonwhite herself so this really does not surprise me one bit lauren simonsen has a fetish for nigs and spics like a typical anti white kikess would how this duplicitous jew bitch fooled so many for so long is beyond me ezra levant does not employ shiksas he keeps it crypto,1,16024348_gab,"[""African"", ""Hispanic"", ""Jewish"", ""None"", ""Women""]"
that woeful scottish faggot millennial whiner only attacks little nicky fuentes and shamelessly cucks for fembot tara because woesy dreams of sucking der martin balls while martin fucks britt tara and that mudshark kike whore lauren,1,16026774_gab,"[""Homosexual"", ""Jewish"", ""Men"", ""None"", ""Women""]"
we also have similar views on women hey broken clocks being right sometimes and all but it does not change the fact that muslims are gross inbred brown people plus arabs are cousins to jews,0,16038876_gab,"[""Arab"", ""Islam"", ""Jewish"", ""None""]"
the sad part is all that you say is true the jews bring those subhuman shitskinned scums to inocculate our females at every ages who have been brainwashed to hate their own kinds interracial porn jewllywood music sport inc adds every supports are used by them to corrupt our females,1,16059383_gab,"[""Jewish"", ""Men"", ""Women""]"
really and you are one of many jews who want the end of all white people just like a nazi,1,16061648_gab,"[""Jewish""]"
with a high purchasing currency youth could buy more stuff find a girlfriend buy a house and keep the economy going jews will put all humanity in deathcamps and slave factories if humnaity doesnt unite agains the jews and their racism against all mankind,1,16074606_gab,"[""Jewish""]"
keep talking openly and honestly about jewish power keep complaining about white genocide keep fighting for your and your children future no matter what jews or cucks say,1,16081533_gab,"[""Jewish"", ""Men""]"
i despise the muslim world in general and all its sandnigger varieties but the collapse of the anglozionist empire is something that europe and the middle east could and should work together on if given the chance,1,16089593_gab,"[""Arab"", ""Islam"", ""Jewish""]"
back to where they came from or white europeans need to build their own nation from scratch excluding others the same way the jews did with israel,0,16096681_gab,"[""Jewish"", ""None"", ""Other"", ""Refugee""]"
pedophiles are abhorrent and no i am not talking about moor trump or jerry the real ones target white nations in eastern europe and steal children for the white slave trade in middle east mainly israel also the faggots that engage child porn or buy it slavery howdotheygetawaywithit,0,16098782_gab,"[""Arab"", ""Homosexual"", ""Jewish"", ""None""]"
every last one with a drop of jew blood how do you actually foment a reasonable theory of who and are not gentlemen when the nazis inducted jews into jugend and put them on the cover of their family oriented magazines,1,16135963_gab,"[""Jewish""]"
the civil rights movement was nothing more than a communist push for special rights for non whites via jewish legal teams capitalizing off media influenced white guilt and misplaced altruism that would change the face of america into what it is today,1,16144576_gab,"[""African"", ""Jewish""]"
still avoiding my questions i see castrato what do you have against people hating the marxist cultural agenda led by your beloved jews who also lead the homosexual movement which you apparently support is it because you are a faggoty posin person masquerading as a christian,0,16154028_gab,"[""Christian"", ""Homosexual"", ""Jewish"", ""Other""]"
jew jews his way into becoming prime minister of huwhytopia poland kike kikes his way to municipality judicial head in majority white porto alegre brazil guys the time for heroes is now if you have nothing to lose you know what to do conanism,0,16173037_gab,"[""Jewish""]"
sorry i was referring to the holocaust story i believe it to be a lie,1,16174052_gab,"[""Jewish""]"
they can not and will not shut up they are not proceeding strategically though it looks that way they are following an inner drive it the same reason jews are rarely discreet about their identity they can not resist they are smitten with themselves,0,16178840_gab,"[""Jewish""]"
no u do not jewish israel4jewish people u wish u had but u have the nt like ur leaders instructed u can not dance <number> weddings with <number> arse so we jews have the original book because like moham the arabs u did not have <number>,0,16271379_gab,"[""Arab"", ""Islam"", ""Jewish""]"
but then i can not shitpost about niggers and jews all day fuck that,1,16289474_gab,"[""African"", ""Jewish"", ""None""]"
is not this about the jerusalem decision this free speech platform would be a good place for the arabs to say why they hate the decision of trump so much,1,16297218_gab,"[""Arab"", ""Islam"", ""Jewish"", ""None""]"
<user> my fellow men please stop being cucks it our job to protect women not to let them get raped and exploited by the kikes and negros in the name of tolerance,1,16325016_gab,"[""African"", ""Jewish"", ""Men"", ""None"", ""Women""]"
their women are so fugly no wonder men jews go after arian adamic women,1,16325410_gab,"[""Jewish"", ""Men"", ""Women""]"
if you are a self hating white a cuck a nigger or a kike and you have followed me here hoping to start shit the only thing you are going to do is get triggered,0,16338614_gab,"[""African"", ""Caucasian"", ""Jewish""]"
good morning to all the new gabbers except kikes liberals fags leftists communists boomers zionists israel firstitards antifags spics and niggers because,1,16353302_gab,"[""African"", ""Arab"", ""Asian"", ""Caucasian"", ""Christian"", ""Heterosexual"", ""Hispanic"", ""Homosexual"", ""Islam"", ""Jewish"", ""Men"", ""None"", ""Women""]"
america is supposed to be home to free speech except there is one problem most of the platforms are privately owned by jews and the jews could not care less about your free speech wake up white people the jews control what you see and hear be vigilant,1,16355936_gab,"[""Jewish"", ""Men"", ""Women""]"
some important differences if tw**ter <censored> created a ghetto where it sent all the banned and they went or if everyone just went into hiding you d be on to something this is more like jews fleeing to israel,0,16362387_gab,"[""Jewish"", ""None"", ""Other""]"
porn is just the way the jews are trying to stop whites from making more whites you cant get your hand pregnant and it turns young men into betas,0,16364187_gab,"[""Caucasian"", ""Jewish"", ""Men"", ""Women""]"
i am white and i am supreme not a union worker self built and self sufficient now my turn are you a kike a nigger or a nigger kike also known as a shvartza kike let me know,1,16378304_gab,"[""African"", ""Jewish""]"
do not appropriate words you have no fucking clue on nazi aryan is not the retarded definition that you white supremacist cunts continue to believe,1,16387934_gab,"[""Caucasian"", ""Jewish"", ""Women""]"
what does roman catholic have to do with jews were not the catholics the crusaders we need to fight the arabs not the jews not yet anyway,1,16389314_gab,"[""Arab"", ""Christian"", ""Islam"", ""Jewish"", ""Men"", ""Women""]"
well cuz da jews suck dose babydicks,1,16397101_gab,"[""Jewish""]"
i do not hate blacks hispanics asians middle easterners aboriginals or indians of the feather dot variety i just acknowledge the reality that having different groups in the same geographic area is a bad idea and in this system i will fight for whites because i am white however i am against jews,0,16397525_gab,"[""Jewish"", ""Other""]"
what about the john kerrys theresea heinz hugh hefners bill gates there are a lot of white looking jews in the us government look at the rash of presidential daughters with interracial marriages,0,16413247_gab,"[""Jewish"", ""None""]"
i respect the arabs who kill jews in your case you say your ancestors are christian so that explains why you are a zionist puppet,1,16439941_gab,"[""Arab"", ""Jewish""]"
notice how jews constantly use the knavery they pulled on mankind during ww2 calling all capitalists nazis as a cover up so that nobody can call them communists in return but thats what all jews are communist trash,1,16464214_gab,"[""Jewish"", ""Men"", ""Women""]"
i think the jews in europe made a new decision on uber because they realized people will get raped and murdered just like before and they can tax the goyim over it,1,16533041_gab,"[""Jewish"", ""None""]"
that the jews coming they will harass you for moderation do not do it,0,16538075_gab,"[""Jewish""]"
take this you evil nazi fool does the roman salute and doesnt know we jews invented hitler so that conservatives wouldnt listen to patriots like him nazism is just another form of mind control to instigate division among whites prevent them from joining forces as a tribe,1,16539519_gab,"[""Jewish"", ""None""]"
taxreform somebody wants you to keep killing arabs in the middle east and public opinion to support it but dont worry one day youll have the privilege that jews burn your house like they burned the houses of americans living in california californiafires,1,16545708_gab,"[""Jewish"", ""None""]"
yay trump help jew he not racist like cnn say haha stoopid liberal this is so fucking retarded no one even knows who this shlomo is got on with freeing assange already someone who actually matters,0,16559226_gab,"[""Jewish"", ""None""]"
i knew my black female privilege on twitter was short lived at least i can talk about black issues europe islam lefties commies fashies white liberals jews without being randomly suspended,0,16587698_gab,"[""African"", ""Caucasian"", ""Islam"", ""Jewish"", ""Other""]"
sadly many will swallow the lies add the twatter purge which no doubt western govs are also involved in europe is moving to totalitarian states be ready to fight for your freedom or be a subservient of islam moslemsaretheproblem,1,16596733_gab,"[""Islam"", ""Jewish""]"
users are prohibited from calling for the acts of violence against others <user> this rule needs serious clarification if i say this person deserves to die or gas the kikes race war now or if these people keep it up they will end up getting killed are these bannable offenses,1,16600360_gab,"[""Jewish"", ""Men"", ""None"", ""Women""]"
paul nehlen is totally ourguy was on fash the nation posts helicopter memes on twitter trolls jews on twitter with the my fellow whites meme true american nationalist to the core unlike trump proposes anti censorship legislation nehlen2018 electnehlen,0,16610584_gab,"[""Caucasian"", ""Jewish""]"
to paraphrase christopher hitchens what is more plausible that a ridiculous story occurred or that a filthy kike made up a ridiculous story,1,16619026_gab,"[""Jewish""]"
ok jews there are no gay blacks old enough to have white hair,0,16619315_gab,"[""African"", ""Homosexual"", ""Jewish"", ""Other""]"
problem is the jews have infinity niggers at their disposal theyve got niggers sand niggers and beaners enough to keep whites busy until you and i are dead,1,16622003_gab,"[""African"", ""Arab"", ""Caucasian"", ""Hispanic"", ""Jewish""]"
signs in the ghetto warning the jews of typhus germans warning jews about a deadly disease,0,16659400_gab,"[""Jewish""]"
signs in warsaw ghetto warning the jews of typhus germans warning jews about a deadly disease,0,16659498_gab,"[""Jewish""]"
obama allowed the cia a free hand in syria resulting in the absolute jihadi chaos which benefited the worthless kikes this is how we ended up backing moderate kebab that behead <number> year old christian kids trump ended this and allowed russia to massacre the sandniggers you are fucking retarded,1,16676286_gab,"[""Arab"", ""Islam"", ""Jewish"", ""Men"", ""Women""]"
leftists muslims hate america because they drone strike muslim countries and not because they just simply hate america for no good reason also leftists the nazis hated jews for no good reason autistic naivete at its finest 👌,1,16689291_gab,"[""Islam"", ""Jewish"", ""Other""]"
choke on a thousand nigger cocks you piece of shit zionist kike whore,1,16700033_gab,"[""African"", ""Homosexual"", ""Jewish"", ""Women""]"
ricky i very much wish this could be a possibility in the us however the data since the <number> until today proves that blacks jews mestizos and asians vote overwhelmingly for democrats non whites vote overwhelmingly for less freedom bigger govt and more gibs me dat please explain,1,16787150_gab,"[""African"", ""Asian"", ""Hispanic"", ""Jewish"", ""None""]"
jews were banned from american social organizations up until the marxist civil rights movement in the 1 9 6 0 the church banned jews from christian society for almost <number> years even romans and greek kept you dogs away from polite society are you retarded or what,1,16813682_gab,"[""Jewish"", ""Men"", ""None"", ""Other"", ""Women""]"
that number includes other than jews too dude like catholics commies gypsy mentally retarded and anybody that gave the nazis political problems estimated jews eradication at <number> <number> million the rest everyone else the nazis did not just kill jews in those camps,0,16819408_gab,"[""Jewish"", ""Men"", ""Other"", ""Women""]"
we can either all gang up on the kike or the kike can get everyone to gang up on us,1,16825506_gab,"[""Jewish"", ""Men""]"
jewish altruism tax deductible action furthering jewish hegemony done in bad faith support of the adl splc aipac ect is tantamount to treason left on checked jews will always destroy their hosts given time jews act this way b c they are jews its their nature have a white christmas,1,16828344_gab,"[""Jewish""]"
i would love to shoot a nigger in the head while jabbing an ice pick into a kikes eyesocket,1,16829008_gab,"[""African"", ""Jewish""]"
the jew programming is not silent on the matter though is it according to them white people keep money and jobs out of the hands of blacks who are forced to become dindus and chimp out with retard level violence if only we gave them reparations they would be superintelligent space explorers,0,16831187_gab,"[""African"", ""Caucasian"", ""Jewish""]"
talmud jews are rebuilding their solomon temple really the temple of ba al for their coming messiah the talmud is babylonian and the muslims are too,1,16866554_gab,"[""Islam"", ""Jewish""]"
inflation so that you cant buy food and stuff to help you live happy is how fascist hateful jews persecute western youth their end goal is to brand eveyone with an rfid chip and make hummanity work in jewish owned factories for food only while jews live happily ever after,1,16868665_gab,"[""Jewish""]"
jews will do anything they can to convince you not to read homer iliad and your glorious past of victory and unity because they want you to keep worshipping their compendium of civil rights victories where they convince blacks to attack whites also known as the old testament,1,16869971_gab,"[""African"", ""Jewish""]"
yeah i simplified it a bit but i kind of run with the notion that if you are aware of the jews and their trickery you will naturally develop the necessary attitude towards the weapons that they wield against the healthy white family which include niggers commies feminists faggots etc,1,16872409_gab,"[""African"", ""Homosexual"", ""Jewish"", ""Men"", ""Women""]"
make up your retarded mind did hitler or did he not kill <number> jews,0,16881276_gab,"[""Jewish"", ""None"", ""Other""]"
my guess is he a boomer that believes america is some sorta proposition nation but seriously i doubt bill or tom would argue how blacks could be successful too but only if they were oppressed like the jew oh,0,16881866_gab,"[""African"", ""Jewish""]"
what kind of retard are you kikes like to claim to be white when it suits their beady eyed hooknosed purpose but they never have and never will be responsible for the achievements of europeans they are dirty little sand niggers just like the muslims,1,16893715_gab,"[""Arab"", ""Islam"", ""Jewish"", ""Other""]"
the world will know peace when we send back the sand niggers and kikes and nuke the middle east out of existence,1,16905329_gab,"[""African"", ""Arab"", ""Islam"", ""Jewish""]"
is not it ironic freddy that something as manly as mixed martial arts would be too cuck to allow a scary nationalist on their team it run by jews i take it the ultimate whiny pussies that always get other people to do the fighting for them heh,1,16911762_gab,"[""Jewish"", ""None"", ""Other""]"
the alt right be all blood and soil until you disagree even slightly then it all shut up nigger faggot kike boomer well guess just soil then i feel your welfare asses can scrape together enough to actually buy some or will your government give it to you,1,16930112_gab,"[""African"", ""Homosexual"", ""Jewish"", ""Other""]"
jews dominate the donor class both republican and democrat why fixate on the jewish question you will never solve as a tide of hispanics blacks breed you into the third world,1,16933141_gab,"[""African"", ""Hispanic"", ""Jewish"", ""Men"", ""Women""]"
to the downvoter do you deny this take a gander at <user> posts regarding modern christians a k a cuckstians fake christians who put jews on a pedestal and promulgate a suicidal worship of the other many such cases,0,16934444_gab,"[""Christian"", ""Jewish"", ""None""]"
why would anyone put themselves on the side if either the muzrat or the kike filth if you think giving palestine to the muzrats will end terrorism i have got a bridge to sell you not old we need to eradicate them all there cannot be peace until muzrats are extinct,1,16935519_gab,"[""Arab"", ""Islam"", ""Jewish""]"
twatter is dominated by the regressive left who deal in emotion not logic multiculturalism is a cancer that has brought down civilizations throughout history on gab it okay to be white and okay to speak freely,0,16951792_gab,"[""African"", ""Arab"", ""Asian"", ""Buddhism"", ""Hindu"", ""Hispanic"", ""Islam"", ""Jewish"", ""None""]"
not surprising when the white majority has had marxist propaganda shoved down their throats by kikes for decades from all angles pedowood talmudvision print media all jew owned and pushing poz <number> <number> public school systems and higher academia infested with commie jews dictating the curriculum,1,16955432_gab,"[""Jewish""]"
i am not blaming period blaming is for pussy faggot little girls i am calling out this kike and bringing his profane audience you to the light,1,16959960_gab,"[""Homosexual"", ""Jewish"", ""Women""]"
what happens when you import niggers mudslimes their culture includes gang rape and honor killings of course they have no regard for western values they cant overcome there nature i do not blame the poc slime i blame the whites who let them in and the jews scheming has an effect,1,16965071_gab,"[""African"", ""Arab"", ""Caucasian"", ""Christian"", ""Islam"", ""Jewish"", ""Men"", ""Refugee"", ""Women""]"
yes shiksa the democrats how about a sermon about how they are the real raycis and the chosenites are muh greatest ally or magic dirt makes niggers people,1,16968379_gab,"[""African"", ""Jewish""]"
the warsaw ghetto uprising was the jewish resistance that arose within the warsaw ghetto in german occupied poland during world war ii and which opposed nazi germany effort to transport the remaining ghetto population to treblinka extermination camp,0,16980527_gab,"[""Jewish"", ""Other""]"
oh like standing up in front of jews and saying i do not need your money or they are rapists mexicans or retweeting white genocide memes and hillary memes with jewish stars do you know how many artlces were written about how anti semitic trump was google it thousands,0,16983690_gab,"[""Hispanic"", ""Jewish"", ""Men"", ""Women""]"
but i do not put myself out of front st cause it makes you look unintelligent post facts instead of yapping kike this and nigger that and north korea is peaceful you must be like <number> yrs old or something,1,16985351_gab,"[""African"", ""Jewish"", ""Other""]"
also your asian are you chinese by any chance here is mao and his kike rat puppet handlers you should be disgusted with the vermin too who are responsible for the deaths of millions of asians,1,16997676_gab,"[""Asian"", ""Jewish""]"
iq nationalism leads to a jew asian bugocracy imposing miseries on heritage white americans that sound good to anyone but jews asians and their stepinfetchit swpl shitlib white lackeys,1,17010339_gab,"[""Asian"", ""Caucasian"", ""Jewish""]"
mm i do not think so <number> no apartheid in israel fact <number> hate comes from arablies nazilies fact tell ur leaders to b strong send arabs back to arabia israel jerusalem jewish home,1,17011214_gab,"[""Arab"", ""Islam"", ""Jewish""]"
wrong dipshit america was already a superpower before the jews got here we became the <number> economy on the planet in the 1 9 th century you retarded fuck,0,17013950_gab,"[""Jewish"", ""Other""]"
the jews want to use the muslims as an army to wipeout us and then they will wipe out most of the muslims,1,17019418_gab,"[""Islam"", ""Jewish""]"
i want <number> walls all non white immigration stopped <number> million beaners deported blacks repatriated asians monitored and muslims removed the jews get the oven mix breeds sterilized fuck just get rid of the asians too,1,17021222_gab,"[""African"", ""Arab"", ""Asian"", ""Caucasian"", ""Hispanic"", ""Islam"", ""Jewish"", ""Other""]"
oh and fyi any jew alive at the time he said that did not kill your jeepnut unless they invented time travel are jews time travelers,0,17023288_gab,"[""Jewish"", ""Men"", ""Women""]"
let call terrorism what it is kike backed scheming to try and manipulate the goyim jihadi sand niggers are bad satanic jew scum are worse,1,17032984_gab,"[""Arab"", ""Islam"", ""Jewish""]"
fuck congress he should be dictator the jews would run scared shitless to mexico,1,17033926_gab,"[""Indigenous"", ""Jewish""]"
check the fucking cianiggers and more kike wars in this fucking thread this is the worst propaganda i have ever seen,1,17048275_gab,"[""African"", ""Jewish""]"
shit i forgot to include arabic hebrew yiddish spanish swedish finnish fucked beheaded goat sheep and chained up slaves in burkas speak to be inclusive and tolerant of religions rats vermin weasels bacteria women being raped by maggots maggots fucking goats am i missing anyone,0,17055202_gab,"[""Arab"", ""Hispanic"", ""Islam"", ""Jewish"", ""Other""]"
the jews and muslims being assimilated by the catholic order anyways lets get back on topic,1,17056454_gab,"[""Christian"", ""Islam"", ""Jewish""]"
get ready for <number> shills that do not have your interests you have heard of crusades and jihad but have you heard of milkhemet it the jew jihad reminder white women are targeted called shiksa this is misogynistic anti white and religious discrimination must be stopped remember hollywood,0,17057936_gab,"[""Islam"", ""Jewish"", ""Women""]"
people say they want a country for whites like israel i say move to poland or any other very white nations just like jews moved from their homes to israel or america that is what is consistent logic wise,0,17065323_gab,"[""Caucasian"", ""Jewish""]"
why not a safety area for our muslim friends and their jewish enablers,0,17081882_gab,"[""Islam"", ""Jewish""]"
not exactly an anti pitbull goy but chimping out and calling someone a kike over it is fucking retarded wignats are fragile and emotional spergs,0,17083445_gab,"[""Jewish"", ""Men"", ""Other"", ""Women""]"
well i guess the anti whiteness is probably a lot more blunt today the jews and their revolutionary minorities,0,17087013_gab,"[""Hispanic"", ""Jewish""]"
ahaahaha towel heads are too fucking stupid i will admit jews can be smart because no dummy can be this manipulative to convince people like you to support their asses even though they are responsible for the demise of western culture although they have not done much else,1,17092116_gab,"[""Arab"", ""Jewish""]"
no jews are retarded because they keep caving in to the towel heads demands letting them have more power to crush our only allies in the me so as i said jews are retarded,1,17092205_gab,"[""Arab"", ""Islam"", ""Jewish""]"
we owe it to them to give them a real holocaust this time it the just and noble thing to do,1,17116108_gab,"[""Jewish"", ""Men"", ""Women""]"
we are bringing back the 1 9 4 0 a homogeneous white place a safe place a place where blacks knew their place expect mass mccarthy hearings to root out the commie jew traitors amongst us hey just like you,1,17121088_gab,"[""African"", ""Jewish"", ""None"", ""Other""]"
fools all the muslims participating in the iranprotests are doing it because jews have already offered them visas a brand new car foodstamps and an apartment in the usa,1,17124971_gab,"[""Arab"", ""Islam"", ""Jewish""]"
so yes i do see the political landscape stormfags who spout jew shit are just as damaging to the solution as fucking sjw faggots are,0,17127942_gab,"[""Homosexual"", ""Jewish"", ""Men"", ""Women""]"
t there are many more murders and violent felonies committed than we ever hear much about those we hear of are what is selected by the kike controlled media to further their narratives those they deep six are more mundane but equally deadly often stemming from deep ghetto nihilism,1,17130818_gab,"[""African"", ""Jewish""]"
true this is why i endorse the hotep negro movement only the hoteps do not want to rely on the white man laws wealth lands are anti zionist and want to go back to africa this makes our goals for an all whitenation more attainable youtube or google hoteps and alt right,1,17131815_gab,"[""African"", ""Jewish"", ""Men"", ""Women""]"
yo i am getting off i am drunk as fuck and it not good for me to post while drunk my inner nazi comes out and it just not a nice fellow,0,17143640_gab,"[""Jewish"", ""None""]"
so you admit jews have power and they use this power obviously to hurt white people you seem like the faggot that would suck off a kike not me if whites begin to be nepotistic and do what is in their own best interests jews will be poor inbred gypsies,1,17145782_gab,"[""Homosexual"", ""Jewish"", ""Other""]"
<number> jewish dominance has declined a lot intellectually but there still is a lot of jewish dominance socially which is a serious problem we have all these retarded leftwing jewish pundits like bill kristol who were legacy admits to college and they are trying to kill whiteness,0,17160929_gab,"[""Jewish"", ""None""]"
jews generally do not have the west best interests in mind they are heavily pro mass immigration heavily anti white and pro cultural marxism if it wasn t for jews we would not have a liberal indoctrinated population,1,17165100_gab,"[""Caucasian"", ""Jewish"", ""Refugee""]"
video games are kike influenced degeneracy are you going to suggest porn next rentfree in your head kike even nature is trying to warn you,1,17184388_gab,"[""Jewish"", ""Men"", ""None"", ""Women""]"
what about the jews murdering millions of europeans and asians from the french revolution to the current iranian revolution it seems as if only one segment of the populace seems to benefit only the chosen race may butcher all non members by the millions and expect reimbursement,1,17186405_gab,"[""Jewish""]"
online nazi haha guys the left can not meme <number> white privilege diversity is our strength race is just skin color the holocaust racist sexist bigot homophobe islamophobe anti semite,1,17187669_gab,"[""Caucasian"", ""Homosexual"", ""Islam"", ""Jewish"", ""None"", ""Women""]"
u.s. would be richer if israel was gone we would all be safer if all the sand niggers were dead nuclear weapons are really cool,1,17194420_gab,"[""Arab"", ""Islam"", ""Jewish""]"
these filthy yellow color jews jelly of our ivory color skin,1,17213047_gab,"[""Jewish""]"
and i told you at the time as now that your list is info everyone already knows what you are afraid to tackle is the reason behind raghead terrorism as it places all the blame on your precious kikes i say let them both kill each other good riddance,1,17217517_gab,"[""Arab"", ""Jewish""]"
clueless boomer jews dont want refugees because muslims hate them,0,17221716_gab,"[""Arab"", ""Islam"", ""Jewish"", ""Men"", ""Women""]"
they are calling him a nazi when he is surrounded by jews and has lots of jewish family and just changed the capitol to jerusalem nothing he can do will change them calling him a nazi,0,17226025_gab,"[""Jewish"", ""None""]"
i tried warning those fools but you know white supremacy it only functions when jewish supremacy is supporting it i actually did an episode on this very topic of the colonial castizo futurism but can not upload it they are outnumbered <number> <number> to <number> also plus they do not have a homogeneous military,0,17302276_gab,"[""Caucasian"", ""Jewish""]"
those that want to keep believing the lies of the jews and their communist luciferian shills who only want to persecute capitalists with more wars for globalists wont survive in battlefield new world order,1,17305159_gab,"[""Jewish"", ""Other""]"
voila only way you can save your country from being sucked dry as netanyahu said otherwise they will bring it down from within its all strategy really they bring down big countries by trojan horse thats why they sending all refugees to germany too its all a scam,0,17312932_gab,"[""Jewish"", ""Refugee""]"
<user> just the jews you fucking kike,1,17336541_gab,"[""Jewish""]"
lol yeah i think i remember you posting your pic <number> time odins douche tries to dish it out but can not take it he blocked me after i said he was a kike and his gf was a hooker he got triggered af,0,17338039_gab,"[""Jewish"", ""Other"", ""Women""]"
dumb kike hitler was fucking goat your mother oh talking about goat jews allows fuck animals same as arabs,0,17341831_gab,"[""Islam"", ""Jewish""]"
all this african gentleman want to do is enrich israel their women are being denied his shalom because israeli government officals hate him because of the colour of his skin,0,17344995_gab,"[""African"", ""Islam"", ""Jewish"", ""Women""]"
jewish professor says the holocaust is fake you can find professor dommergue on youtube,1,17348408_gab,"[""Jewish""]"
for <number> billion people jesus let the jews rule the middle east let them enslave the muslims and let the sandniggers suffer why is that so fucking hard to grasp,0,17351763_gab,"[""Arab"", ""Islam"", ""Jewish""]"
let the jews enslave the sandniggers let them build their jewtopia in the middle east put all jews in middle east remove niggs and put them in africa boom problem solved then we open the can of worms for asians,1,17352220_gab,"[""African"", ""Arab"", ""Asian"", ""Islam"", ""Jewish""]"
one of you faggots did not like my jew support i want you to call me out you pussy you a man or a mouse i will take a real man i will not take a mouse i will load my gun you are sounding like a faggot muzzie,1,17364104_gab,"[""Homosexual"", ""Islam"", ""Jewish""]"
the holocaust is widely believed even by nazis like me gasing jews or napalming vietnamese lacks knightlyhood i e is detestful,1,17370077_gab,"[""Asian"", ""Jewish"", ""Men"", ""Women""]"
yeah me too yeah you too yeah you bash blacks too and the chinks and the j00s dindu nuffins hindu muffins spics micks wops sand niggers who cares humans talk thats what we do so we should go kill each other please,0,17386929_gab,"[""African"", ""Arab"", ""Asian"", ""Hindu"", ""Hispanic"", ""Jewish"", ""None""]"
the jewish question is probably the greatest litmus test for loyalty if they defend this one group of people despite any wrong doing they are not on your side this is like the house negro protecting the slave master chicano,0,17387761_gab,"[""African"", ""Jewish"", ""Men"", ""None"", ""Women""]"
it important to learn up on your kike varieties spotting yids can be the difference between life and death,1,17398812_gab,"[""Jewish""]"
the society of light is my religion if you are interested in joining reply we are antijew antigay just antileft in general together us goyim will defeat the jews without violence ofc no niggers,1,17402633_gab,"[""African"", ""Homosexual"", ""Jewish"", ""None""]"
hias hebrew immigrant aid society bragged on its blog yesterday that in a baltimore md court it saved somali illegal alien yaasir from deportation back to somalia they are one of the <number> federal resettlement contractors paid w taxpayer placing refugees in your towns cities,1,17408390_gab,"[""Jewish"", ""Refugee""]"
anybody that stands with the jews is a marikita that has no balls,0,17421755_gab,"[""Jewish"", ""None"", ""Women""]"
it possible of course that blacks have souls just as it is possible that jews have souls possible but not likely,1,17440187_gab,"[""African"", ""Jewish""]"
don t talk shite kike moslems are less than <number> percent americas fucked plus we never had a kenyan leader an you say you re a white country you are not even white you1re jewish,1,17446936_gab,"[""African"", ""Arab"", ""Islam"", ""Jewish""]"
ben shapiro is writing a new book about the basis of western civilization here a spoiler the jews did everything good developed steel trains cars computers and landed on the moon something like that that why he prefers to call us the judea christian west you have been warned,0,17453353_gab,"[""Jewish"", ""Other""]"
your kikenvermin brothers the bolsheviks killed that many easily and the dead were not arabs there a reason why all school kids are taught about the holohoax but never hear a word about the holodomor,1,17473740_gab,"[""Arab"", ""Caucasian"", ""Jewish""]"
it an infinite regress of jews jewing romans jewing anglos jewing jews philosophy and logic cannot help us here,1,17476080_gab,"[""Jewish""]"
the lefts go through the are we the baddies skit realizing they were the nazis all along nazis are leftists are commies are bolsheviks are jews the circle is complete,1,17490770_gab,"[""Hispanic"", ""Jewish"", ""Other""]"
substitute jews for muslims and i d agree,1,17518060_gab,"[""Islam"", ""Jewish"", ""Men"", ""Women""]"
are you dumb when it says other than german that means a ton of austrians dutch english aussies canadians americans french poles hungarians czechs all border germany too fix your shit you are trying to sell holocaust denial but can not even read numbers in the news,0,17525464_gab,"[""Jewish"", ""Men"", ""None"", ""Women""]"
instant solution redeploy the us military from protecting kikes and arabs in the middle east to the border with mexico <user>,1,17542507_gab,"[""Arab"", ""Hispanic"", ""Islam"", ""Jewish"", ""None""]"
mm i d differ lots whores in jew wood swallowing daily but they are perpetually swallowing a clue lies in what arabs noted in wars against jews jews had strong jew identity so they won another talmud has edict that jews should help other jews jews network and collude mobile ethno state,1,17589879_gab,"[""Arab"", ""Jewish"", ""None""]"
calling me a kike is not an insult,0,17609550_gab,"[""Jewish"", ""None"", ""Other""]"
fucking fat kike,1,17615865_gab,"[""Jewish"", ""None""]"
i am glad you have a father and he seems like a decent one keep listening to him i dealt professionally with large numbers of jews for years they are a disgusting cruel and mendacious people they are like crueler more intelligent arabs,0,17618487_gab,"[""Arab"", ""Jewish"", ""Men"", ""Women""]"
any time a bomb goes off in manhattan one can be sure a jew did it and that a muslim will be blamed for it by the zio media same pattern they follow in europe jew does the crime muslim gets blamed for it,1,17631547_gab,"[""Islam"", ""Jewish""]"
if memory serves ashkenazi jews and east asians have higher average iqs,0,17638374_gab,"[""Asian"", ""Jewish"", ""None""]"
i cropped it from this one because it just fit the story line of your kike mii player so well but here the full beauty,0,17639488_gab,"[""Jewish""]"
thirld world migrants are only deported from sweden if they commit really serious crimes such as questioning the number of jews gassed recycled into lampshades in the alleged holocaust,0,17653167_gab,"[""Islam"", ""Jewish"", ""Refugee""]"
the nazi pug guy may be going to prison for daring to laugh at jewish people but he still a lefty and his bird is still an sjw it does not make him alt right,0,17695365_gab,"[""Jewish"", ""None"", ""Other""]"
turkish kids in german schools have been laughing about the forced holocaust indoctrination for decades,1,17700189_gab,"[""Jewish"", ""None""]"
oh and congrats on your <number> posts as a hasbarat at gab eli btw i know what you jews think of non jews that more than enough hate for me,0,17732164_gab,"[""Jewish""]"
it fitting that the clintons were finally taken down by a weiner and a muslim spy,0,17734035_gab,"[""Islam"", ""Jewish"", ""Other""]"
it always has been the jews do you know the history of the jew do you know why jews have heen expelled <number> times fro previous societies do you know why jesus said to them your father is the devil wake up son,1,17738714_gab,"[""Jewish""]"
this should make every white man blood boil our kiked establishment is literally handing off our women our most precious resource to foreign brown invaders wtf kind of clown world shit is this,1,17744313_gab,"[""Arab"", ""Hispanic"", ""Jewish"", ""None"", ""Refugee"", ""Women""]"
trump calls haiti a shithole gets universal ridicule in the media hillary brokers haitian children shitholes to kike pedos gets universal acclaim in the media,1,17834045_gab,"[""African"", ""Hispanic"", ""Jewish""]"
founded by jews to make kosher goys the masonic lodge exists to bring about israel i have one of their books in my possession,0,17845901_gab,"[""Jewish""]"
lots of jews in the armed services as a veteran i never encountered a single one lots of blacks hispanics and poor whites but not a single kike,1,17846073_gab,"[""Jewish"", ""Men"", ""Women""]"
because its a scam run by kikes to enforce world domination while using white lives to do so or perhaps you missed the part about how we have done nothing but invade nations since the end of ww2 that have never attacked us,0,17846280_gab,"[""Jewish""]"
jews how dare trump say shithole he calling those foreign immigrants shit that antithetical to the statue of liberty poem normiecon but the poem calls them wretched refuse that sounds a lot like shit tbh i am beginning to think your goal is to import shit jews anti semite,1,17846980_gab,"[""Jewish"", ""Refugee""]"
to busy swindling whites and renting out ghetto apartments to shitskins eh schlomo,0,17865084_gab,"[""African"", ""Jewish"", ""None""]"
i can not imagine having to live with this level of cognitive dissonance life is so much easier when you just say fuck it and adopt race realism and white nationalism instead of contradicting yourself a gorillian times over just to make niggers and jews hate you less,1,17868129_gab,"[""African"", ""Caucasian"", ""Jewish"", ""Men"", ""Women""]"
now we got gays being proud of how they are good normal white people not being proud of how they are pathology got normalized normal became a pathology gay,1,17903027_gab,"[""Caucasian"", ""Homosexual"", ""Jewish""]"
this idea that jews join the armed services is absurd it a hollywood meme they were not even allowed out of their ghetto pick one,0,17933804_gab,"[""Jewish""]"
practicing orthodox jews perhaps but it is common knowledge that hitlers great friend was a butt pirate also common knowledge that hitler had <number> jewish blood in his veins so your heros are faggots and jews,0,17964759_gab,"[""Homosexual"", ""Jewish""]"
sure that why sandniggers hate jews totally oh yes we should take someone who is defending the very people who gangrape european women seriously totally no islam needs to die the only good muslim is a dead muslim stop defending them or you too will be one of them,1,17965117_gab,"[""Arab"", ""Islam"", ""Jewish""]"
erase islam from history hold them accountable maga is simple no,1,17989375_gab,"[""Islam"", ""Jewish""]"
thanks i neither like nor dislike your stance it freedom of thought i believe in the scriptural summation of god word on israel i can see your pov the jewish leaders of the time as jesus fulfilled the prophecy did incite violence against jesus and his followers,0,18039480_gab,"[""Jewish"", ""None""]"
q why does hasbara jdif send their flunkies here a because they send their best decepitcons to sites where kike lies still work,0,18046807_gab,"[""Jewish"", ""None""]"
a few months ago i said that anti semitism doesnt exists naming a group of people is a branch of social sciences called sociology well jews are at war with social sciences now you simply cant name them,0,18047047_gab,"[""Jewish""]"
paving the kike way goy,1,18048815_gab,"[""Jewish"", ""None""]"
oy vey you do not like jews must be controlled opposition the real enemy fears our bone broth and gay frogs talking about jews is clearly for crazy people,0,18098133_gab,"[""Homosexual"", ""Jewish"", ""None""]"
the military takes weak minded white kids who have been brainwashed to hate themselves and kills them for the jews in jew created wars it a global phenomena,1,18135548_gab,"[""Jewish"", ""None"", ""Other""]"
fascism makes the goyim rich communism make the jews rich that why capitalists who want that wealth spreads with equality among youth again through the gold standard are vilified as fascists by the jews the czars of russia were the last defenders of evil fascism,1,18231369_gab,"[""Jewish""]"
for the record i do not think it can be denied that jews are nepotistic and intelligent with a strong in group preference what bothers me is that they will not allow anyone else the same priviledge,0,1831319_gab,"[""Jewish""]"
no niggers are niggers no matter where you find them precisely because they are niggers not that they have not been helped to be even worse through the guidance of jews,1,18350198_gab,"[""African"", ""Jewish""]"
i like my fascist freedom of speech as jews call every word that a non jew says to suppress his liberty just the way it is jews because your satanic diversity of opinions has brought us this,1,18361661_gab,"[""Jewish""]"
lol ya arabs are less amused by this image than you are lol you and the muslims you talk like can go fuck a goat you want to talk all jew hate and forget your an american you can be the enemy too,1,18388078_gab,"[""Arab"", ""Islam"", ""Jewish"", ""None""]"
as the only white man on earth who can actually think you can imagine how painful everyday life in this miserablist of all jewtopias is for me sharemypain,0,18388582_gab,"[""Caucasian"", ""Jewish""]"
i remember being taken to washington dc holocaust museum on church field trips at around <number> or <number> reminiscent of an old garage sale with haunted house undertones luckily like most youth i did not give a fuck about the message they were trying to imprint,0,18393091_gab,"[""Jewish"", ""None""]"
how could we ever lose the narrative with these borderline mental retard nazi on our side,0,18402625_gab,"[""Jewish"", ""Men"", ""Other"", ""Women""]"
there are approx <number> <number> jews there are over <number> <number> muslims and those animals are breeding like rabbits i prioritize targets the jew population is stable and low the sandnigger population is growing like plague which one do you think we should go for first,1,18409054_gab,"[""Arab"", ""Islam"", ""Jewish"", ""None""]"
well i am not but you still sound like a muslime only muslimes rant like total maniacs when it comes to tha jews,1,18453830_gab,"[""Arab"", ""Islam"", ""Jewish""]"
what does this fat ass jew have against white people should not white people be concerned with the browning of america he is a pure left wing ass,0,18455479_gab,"[""African"", ""Hispanic"", ""Jewish"", ""Refugee""]"
how boomers let jews loot the usa,1,18469603_gab,"[""Jewish"", ""Men"", ""None"", ""Women""]"
america always was and always will be a white mans land all the jews and mud must leave or be forced out,1,18472443_gab,"[""African"", ""Jewish""]"
i know history i know brother wars my family has fought brits and yankees i am over it only a kike would gloat over the deaths of whites i hope you are gang raped by a pack of abos,1,18485393_gab,"[""Caucasian"", ""Jewish"", ""Men"", ""Women""]"
pure and utter jewish behavior yes everyone who laughs and makes fun of your retarded ass is engaging in behavior you have said nothing of consequence because you have no logical leg to stand on you are fertilizer you just do not realize it yet faggy tough guy routine ahahahahahahahaha faggot,1,18489702_gab,"[""Homosexual"", ""Jewish"", ""Other""]"
jewish denials are worthless when the head of israel government fails to adequately protect women from sex criminals even in his own inner circle it is sad but not surprising when israeli children even pre pubescent ones fall victim to sexual predators such as in the shmuel case,0,18514160_gab,"[""Jewish""]"
the agenda of the democrats party is to persecute confiscate wealth rights liberties from capitalists national restorationists and loyalists to the republic while masquerading as protectors of the dispossesed that their own corruption creates its how jews wage war on us,0,18523973_gab,"[""Jewish"", ""Other""]"
<user> <number> so what is the jewish plan when the globalist and zionist clash with each other how many aryans caucasians europeans and other white and non jewish nations are going to be conscripted to fight and die in this next war <number>,1,18529303_gab,"[""Indigenous"", ""Jewish"", ""None""]"
<user> ‍ <user> ‍ oh shit jews in charge of this too conspiracy,0,18535043_gab,"[""Jewish"", ""None""]"
the media talks about supposed over representation of white people in everything from corporations to laboratories nobody says blacks are over represented in the nba and apparently nobody is allowed to say that jews are over represented in the media and let not even mention banks,0,18535967_gab,"[""African"", ""Jewish"", ""None""]"
what <user> ‍ did was big he followed by a lot of israel first cuckservatives many heard accurate criticism of jews for the first time in their lives because of nehlen some unfollowed but some will begin to question,0,18537030_gab,"[""Jewish"", ""Men"", ""Other""]"
they are kiked the hell up nothing but filthy hooknose christ killers i do not watch any news on the tv,1,18544609_gab,"[""Islam"", ""Jewish"", ""Men"", ""None"", ""Women""]"
we can never have this as long as there are blacks jews spics muslims and asians,0,18550891_gab,"[""African"", ""Asian"", ""Hispanic"", ""Islam"", ""Jewish""]"
remeber they come at you with a smile then ask you hate jews blacks the mexicans not the illegal ones just regulars then ask you repent for your sins repent is another fake christian do not fallow there a wako texas style christian lmfao funny gay nazis whitesupreamist fbi will be watching 😉 🤗 🤗 🤗 🤗,0,18552129_gab,"[""African"", ""Caucasian"", ""Christian"", ""Hispanic"", ""Homosexual"", ""Jewish"", ""Men"", ""Women""]"
abraham himself was evil why are they not his seed just because the jews reject something does not make it not theirs look at you you are a white man rejecting traditional european faith does that suddenly make odin not a white god,0,18573444_gab,"[""Caucasian"", ""Jewish"", ""Men"", ""Women""]"
national capitalism now no wanting people to have money is hatespeech and stop calling it national capitalism we jews decided political dissenters of zionism should call themselves national socialists so that conservatives and christians capitalists never listen to them,0,18596533_gab,"[""Christian"", ""Jewish""]"
the hollywood ziojesuit multi cultural marxist scum uses africans their ghetto music homosexuals and other people of color to brainwash and normalize whites christians to their great replacement and genocide sick,1,18613932_gab,"[""African"", ""Caucasian"", ""Christian"", ""Homosexual"", ""Jewish"", ""Other""]"
you mean david seth kotkin the jew drugged and raped a young white woman shocker,0,18616834_gab,"[""Jewish""]"
this is the faggot crying about being harassed by nazis unbelievable,1,18625305_gab,"[""Homosexual"", ""Jewish""]"
just like cuckolding white european countries with a jewish religion is a ok,0,18632081_gab,"[""Jewish""]"
shapiro is born and raised in cali his business is in la hes just your typical upper class privileged white man that lives far away from the immigrant community he probably grew up in a jewish bubble in the burbs just like many brooklyn jews,0,18636894_gab,"[""Jewish""]"
so i am an idiot because jews murdered their own creator and since he does not hate jews for murdering the son of god i am an idiot,0,18645927_gab,"[""Jewish""]"
if you were a real programmer you d know some of the jews who wrote all the crypto related foss you use to make it easy for goyim to run up the price for them to sell high but you are a little script kiddy bitch,1,18691782_gab,"[""Jewish"", ""None""]"
bring back the likes of pope urban ii so we can have it out w the muzzies and kill the jews in the process w absolute immunity how can you not see the appeal of this life was better then,1,18733194_gab,"[""Arab"", ""Islam"", ""Jewish"", ""Men"", ""Women""]"
<user> one small criticism about stats and jews ashkenazi jews have <number> more points in iq yes but they are only <number> of the population do the stats white people have more geniuses than jews have people if you can call them people this is clearly nepotism,1,18741604_gab,"[""Jewish""]"
yeah that really cool and all but it turns out women niggers spics jews arabs asians and boomers also vote,1,18749159_gab,"[""African"", ""Arab"", ""Asian"", ""Hispanic"", ""Jewish"", ""Women""]"
all liberals christians conservatives soldiers nationalsocialists feminists gays libertarians trumpters etc want money to be happy and therefore were in reaility national capitalists nc thats the narrative jews dont want you to hear because it would unite us vs them,0,18768849_gab,"[""Christian"", ""Homosexual"", ""Jewish"", ""Women""]"
in celebration of holocaust day i want to send a message to all people that jews are overrepresented in positions of power and actively conspire about ending the white race,1,18770401_gab,"[""Caucasian"", ""Jewish""]"
the holohoax was so efficient the results actually horseshoed and created more jews than there were before or something ( ? ),0,18779343_gab,"[""Jewish"", ""Other""]"
the koch faggots and friends should be ovened,1,18793244_gab,"[""Homosexual"", ""Jewish"", ""Men""]"
because the jews in israel are the only democracy in the mideast,0,18897682_gab,"[""Jewish""]"
he was a jew doing a jews job getting whites to kill each other,1,18933777_gab,"[""Caucasian"", ""Jewish"", ""None""]"
whitegenocide rfid jewish controlled media is not news its a bureau of communist indoctrination or hatenews to make people help the jews create the communist nwo where no white person will be spared and the current generation of black people will become slaves again,1,18941504_gab,"[""African"", ""Caucasian"", ""Heterosexual"", ""Homosexual"", ""Jewish"", ""Men"", ""None"", ""Women""]"
the progression of anti semitism jews are regular people why are so many jews liberal why will not these jews stop attacking me kill all jews,1,18942397_gab,"[""Jewish""]"
one thing is for certain israel needs to be kinder to palestinians and needs more muslim refugees from africa and the nations around it,0,18944971_gab,"[""African"", ""Arab"", ""Jewish"", ""None"", ""Refugee""]"
well at least they have no fear of speaking up for their race try to find that in a white politician jews do it blacks do it arabs do it metizos do it,0,18945488_gab,"[""African"", ""Arab"", ""Hispanic"", ""Islam"", ""Jewish"", ""Other""]"
fuck them both kill sandniggers kill jews whats the issue islam will be resorted to a pile of shit pic related its islam and those who defend it and yes that is a steaming pile of horse shit,1,18955116_gab,"[""African"", ""Arab"", ""Islam"", ""Jewish""]"
yeah right you are all niggers nope you are all sand niggers open your borders jews are gods chosen,1,18959386_gab,"[""African"", ""Arab"", ""Jewish""]"
yep the us census bureau officially classifies arabs and jews as white,0,18960184_gab,"[""Arab"", ""Islam"", ""Jewish"", ""None""]"
non whites negroes mestizos asians are used by jews as proxies against whites that why jews promote non white immigration in white countries so they can use non white proxies against whites to frame and blackmail for political control and eventually murder whites,1,19019897_gab,"[""African"", ""Arab"", ""Asian"", ""Hispanic"", ""Jewish"", ""Refugee""]"
yeah you better show alittle more than what islam promotes and does dont see hordes of jews burning christians and preforming honor killings,0,19029646_gab,"[""Christian"", ""Islam"", ""Jewish""]"
it not so much about the torah which is pretty innocuous and ignored by many jews despite what is said it really about that forbidden book the talmud or babylonian talmud which as goyim cattle we are not permitted to even read good luck with your research,0,19040513_gab,"[""Jewish"", ""None""]"
i agree as i am of this generation i can not wait to purge the kikes commies queers and niggers from this nation,1,19041058_gab,"[""African"", ""Arab"", ""Homosexual"", ""Jewish""]"
the best alt righters are all gays and jews hahahaha,0,19044567_gab,"[""Homosexual"", ""Jewish""]"
i member when clinton said … you could put half of trump supporters into what i call the basket of deplorables the racist sexist homophobic xenophobic islamaphobic you name it and now trump supporters are all white supremacist nazis and trump is hitler reincarnated fud,0,1904515_gab,"[""African"", ""Islam"", ""Jewish"", ""Men"", ""None"", ""Women""]"
they took me and my friend leah to the ghetto in stanislau in poland where all the toddlers of jewish families were housed we had to wash the diapers of <number> babies was and climbed into its chimney to hide,0,19074113_gab,"[""Jewish"", ""None""]"
and it only white countries forced to diversify black brown countries never do you do not see the un jew arabs forcing whites into mexico south america or any islamic countries north korea china japan they can stay as slant as they fucking want but white peaceful countries we need diversity fuck that,0,19102984_gab,"[""Arab"", ""Asian"", ""Caucasian"", ""Islam"", ""Jewish"", ""None""]"
is not it the jews who make films glorifying the mass murderer nelson mandela,0,19109835_gab,"[""Jewish""]"
they will pay to have the holocaust industry accuse them of atrocities just like takes place in poland,0,19112105_gab,"[""Jewish"", ""None""]"
reminder that the jews control the media,0,19114988_gab,"[""Jewish""]"
which is the bigger hate crime in canada holocaust denial or pointing out that a muslim did something wrong,1,19137435_gab,"[""Islam"", ""Jewish"", ""Refugee""]"
the only real nazi is george soros and he is currently using ngo to flood europe with 3 rd world peoples he funds antifa he funds womens groups he is very anti white you d think the nazis were pro white based on the context of the insult,0,19141545_gab,"[""Jewish"", ""None"", ""Refugee""]"
doj department of jews,0,19156101_gab,"[""Jewish"", ""Men"", ""Women""]"
you retarded nazi cunts need to practise your insults fuck you and the camel that has its penis firmly embedded in your arse,1,19156304_gab,"[""Arab"", ""Islam"", ""Jewish"", ""Other""]"
watching man in the high castle wow the jews that wrote this are neurotic,1,19158984_gab,"[""Caucasian"", ""Jewish""]"
watching the warsaw ghetto burn,1,19162604_gab,"[""African"", ""Jewish"", ""None""]"
hope those raped were not jews cos he will get of with it,0,19182334_gab,"[""Jewish"", ""None""]"
where the jews want you white goy rough sleeping has soared to record levels with nearly <number> people — including a large number of veterans — estimated sleeping rough last year in england while local authorities rolled out the red carpet for refugees,0,19208056_gab,"[""Jewish"", ""Refugee""]"
till i die fuck the pmrc riaa dmca temprence turn of the century faggots i think for myself and i d sooner gouge mein eyes out that hand a greedy kike a shekel,1,19213766_gab,"[""Homosexual"", ""Jewish"", ""None""]"
how many people would defend the jews if everyone knew there is a plan to bring chinese troops to bomb the usa,1,19217055_gab,"[""Asian"", ""Jewish""]"
it was a horrible experience for me the first time i walked in on a jew watching niggers spank each other for entertainment that when i realized that kikes were sick and perverted,0,19233626_gab,"[""African"", ""Jewish""]"
nothing but a kike fuck,0,19236118_gab,"[""Jewish""]"
nationalism is demonized because of holocaust propaganda and evil natsis you must accept endless numbers of immigrants because otherwise holocaust propaganda and evil natsis the holohoax evil natsis propaganda is brainwashing europe into destruction,0,19300675_gab,"[""Jewish"", ""Refugee""]"
little boy adam he and dws played around with the awan bros funny how that happens jews working with muslims to hurt america,1,19323003_gab,"[""Islam"", ""Jewish""]"
just a part of their victimhood narrative the only target of anger should be their own in wakanda who sold them to the jews and arabs really they need to be repatriated by force no exceptions even dr carson,1,19324692_gab,"[""African"", ""Arab"", ""Jewish"", ""Other""]"
really alex jones believes that the arabs in israel need to return to jordan where they actually came from because that my two state solution israel and jordan done and done,0,19405861_gab,"[""Arab"", ""Islam"", ""Jewish"", ""None"", ""Refugee""]"
jews are not so smart after all they want germany for themselves but flood it with sandniggers who also hate jews 😂,1,19413441_gab,"[""Arab"", ""Jewish""]"
why attaching a nazi swastika to the us kikes already own us do you want another genocide as hiler done on white people of europe and russia and no hitler schicklgruber wasn t racist he was purely bred jew and his ss army had yids niggers arabs and asians,1,19415889_gab,"[""African"", ""Arab"", ""Asian"", ""Jewish""]"
criminal in chief his new moniker from bendover and ghetto mouse,0,19457594_gab,"[""African"", ""Jewish"", ""Other""]"
how long will jews be a majority in israel,0,19460638_gab,"[""Jewish""]"
i believe the ashkenazi jews are white europeans the rest are just another variety of sand nigger,1,19466106_gab,"[""African"", ""Arab"", ""Islam"", ""Jewish""]"
more migrants fleeing from the onslaught is a feature not a bug jewish interests need more war refugees to help force gentile nations into chaos,1,19471771_gab,"[""Jewish"", ""Refugee""]"
he blames white supremacy when blaming the jews would make the world make sense what do you think his iq is,1,19521403_gab,"[""Jewish"", ""None""]"
what the fuck is a baba kamma there were not any jews back then i believe they were called hebrews just another semitic variety of sand nigger,1,19526896_gab,"[""African"", ""Arab"", ""Jewish""]"
hitler was a pragmatist willing to work with based jews see the nuremberg laws and with faggots to an extent,1,19539256_gab,"[""Homosexual"", ""Jewish""]"
imagine being so retarded you think calling nationalsocialism leftist is an argument while ignoring the literal jewish communist foundations your ideology is based on,1,19574375_gab,"[""Jewish"", ""Other""]"
well a militaristic state is what the kikes would want thought it would happen under ol barry but now not so much with trump unless the niggers continue to riot antifa faggots protesting attacking and so on,1,19580140_gab,"[""African"", ""Homosexual"", ""Jewish"", ""Men"", ""None"", ""Women""]"
broke jews control the world woke russia is funding the alt right and jared taylor richard spencer and generation identity are foot soldiers for a global russian nazi movement boomerlivesdontmatter,0,19580790_gab,"[""Jewish"", ""Men""]"
antifa liberals feminists gays immigrants and racist blacks are the footsoldiers of the international elite ruling class that keep us all poor constantly rising the cost of living gasoline and electricity and devaluating our currencies dont back down those clowns will step aside or die,1,19590774_gab,"[""African"", ""Homosexual"", ""Jewish"", ""Other"", ""Refugee"", ""Women""]"
i am a neo nazi republican,1,19601902_gab,"[""Jewish"", ""None""]"
whoa whoa calling all kikes and niggers the dregs of gab is a bit too woke even for me,1,19607538_gab,"[""African"", ""Jewish"", ""Men"", ""Women""]"
you must be retarded it jews at the top of these media organizations do not make me produce a list this is very easy to verify,0,19609646_gab,"[""Jewish"", ""Other""]"
russia and iran defeated isis what wrong with putin he helped liberated syria why do you think our greatest ally israel and the jews on the news media are demonizing iran syria and russia find any coincidences there,0,19613678_gab,"[""Jewish"", ""None""]"
you hate the jews that much you wouldnt save them,0,19625308_gab,"[""Jewish"", ""None""]"
no most people do not want war as long as there are jews there will be wars for profit and to kill good white men,0,19629384_gab,"[""Jewish"", ""Men"", ""Women""]"
it amazing how long <user> ‍ talked without giving any answers i learned way more about <user> ‍ thoughts and life than sargon i thought only jews could bloviate that hard hm,1,19639324_gab,"[""Jewish""]"
my fellow whites i have terrible news jews and niggers still exist,1,19652602_gab,"[""African"", ""Jewish"", ""Men"", ""Women""]"
john i do not hate white people i am not like a jew who helped to slaughter other jews i think yourr re exattergating,0,19664098_gab,"[""Jewish""]"
the zeal that the msm censors any talk about jews almost makes you think that jews are our de facto masters or something you think there would be any censorship of a person suggesting a correlation between europeans and war,0,19671325_gab,"[""Jewish"", ""None""]"
informative well researched article which should be taught in every jr high school one correction jews are not white jews are semites a race containing a number of ethnicities including arabs or sand niggers as some term them or they are mixed race,1,19674788_gab,"[""Arab"", ""Islam"", ""Jewish""]"
looks interesting fam but hes still a kike and cant be trusted,1,19689140_gab,"[""Jewish""]"
advocating democracy is code for laying out plans on how to undermine more nations of the goyim and they also set these organizations to receive subsidies from taxpayers in other words steal while passing as honorable its what jews teach their offspring to do,1,19722310_gab,"[""Jewish"", ""None""]"
beau the jew is at it again larping as a white person,0,19740734_gab,"[""Jewish""]"
this is another one of the kike ploys there is a world wide conspiracy to destroy the white race it is led by the kikes and acted out by their pet niggers sand niggers and other non whites,1,19754294_gab,"[""African"", ""Arab"", ""Islam"", ""Jewish""]"
we need a new nazbol meme make all upper class jews and upper middle class shitlib whites give away all their money to ghetto niggers <user>,1,19755969_gab,"[""African"", ""Caucasian"", ""Jewish"", ""None""]"
btw sis does the israeli iq number include the iq of the inbred muslim palestinians if so that would really reduce the overall score do they have books in zimbabwae noticed you left out the ethiopian christians ruh roe sis is going to cry some more,1,19788951_gab,"[""African"", ""Arab"", ""Christian"", ""Islam"", ""Jewish"", ""None"", ""Women""]"
eat me it a ritual created by the jews to bring their sons closer to god the rabbi literally sucks the bleeding dick fuck off with your pagan rituals,1,19799018_gab,"[""Jewish""]"
no niggers muzzies and wetbacks being parasites at the behest of kikes is causing a divide in america,1,19800071_gab,"[""African"", ""Arab"", ""Hispanic"", ""Islam"", ""Jewish""]"
because ashkenazi jews are so genetically close to europeans lolz this is funny yes i know it the latest canard being tossed around when not too long ago the ashkenazi jew was being hailed as proof that these demons were a race unto themselves which they are,0,19813547_gab,"[""Jewish""]"
this is why jews and niggers hate cultural appropriation mr bond makes better rap music getting shoahed from youtube twice a month than this slob makes with tens of thousands of white guilt dollars,1,19821887_gab,"[""African"", ""Jewish""]"
blackwashing the jews may be the best attack against the blackwashing of whites,0,19828443_gab,"[""African"", ""Caucasian"", ""Jewish""]"
without the jews we would not have all those illegals and arabs ur gay,0,19843335_gab,"[""African"", ""Arab"", ""Jewish"", ""Refugee""]"
this dumb fucking kike has three houses wealth and income inequality means let pay niggers to be lazy because that what equality means go to school study do not be a fucking nigger and work hard quit blaming hard working whitey for niggers shitty lives,1,19847312_gab,"[""African"", ""Jewish""]"
i am a white nationalist neo nazi everything i have ever done is the fault of jews i am unable to come up with proof but retarded faggots will continue to give proof i also once was a convenience store clerk,1,19926616_gab,"[""Homosexual"", ""Jewish""]"
defends islam doesnt want to see islam erased from existence why not crusade against the jews and the sandniggers class remember the golden rule if you hate trump for any reason you may as well be antifa and a jew yourself namethejew <user> is a jew,1,19927516_gab,"[""Arab"", ""Caucasian"", ""Islam"", ""Jewish""]"
remember christ tried to save the jews and the bastards killed him because he challenged their corrupt authority over what was supposed to be god people god foresaked the jews via christ even god is sick and tired of jews,1,19928287_gab,"[""Christian"", ""Jewish"", ""Other""]"
a facile claim of anti semitism does not equal the new ones murder jews and are driving them out especially when the muslims are semites and the jews are khazars,1,19948405_gab,"[""Islam"", ""Jewish""]"
i would repatriate all mongoloid negroids if i had the power at this very moment giving each negroid and mongoloid as many jews as they wanted as slaves as an incentive to leave until all of them were gone,1,19955302_gab,"[""African"", ""Asian"", ""Jewish""]"
another treasonous fucking kike in congress is trying to make it illegal for white people to defend themselves from genocide,1,19968665_gab,"[""Jewish"", ""Refugee""]"
private vs low i q sand nigger jews who whites stupidly through their sandnigger religion christianity control their pagan white countries nice work christ cucks jews now cuck your pagan white countries,1,19978395_gab,"[""African"", ""Arab"", ""Caucasian"", ""Christian"", ""Jewish""]"
jews have alot to answer for including the creation of fake sand nigger religions like christianity islam responsible for genociding millions of white,1,19981958_gab,"[""African"", ""Arab"", ""Christian"", ""Islam"", ""Jewish"", ""Men"", ""Women""]"
christianity is exploding in africa because christianity is a primitive jewish sand nigger religion lol no surprise there if only white chritsians moved over there took their primitive jewish sand nigger religion with them,1,19986739_gab,"[""African"", ""Arab"", ""Christian"", ""Islam"", ""Jewish"", ""Men"", ""Women""]"
this is why its so important to tell people that hitler put the jews in hotels not concentration camps where they spent the entire war laughing and playing soccer while their enemies killed each other jews must pay for the crime against humanity that is called ww2,1,20073310_gab,"[""Jewish""]"
number of reported deaths total civil war causalities <number> jewish holocaust deaths <number> <number> think about how ridiculous that sounds,0,20078058_gab,"[""Jewish"", ""None"", ""Other""]"
fuck niggers and jews,1,20079767_gab,"[""African"", ""Jewish"", ""Men"", ""Women""]"
soldiers and police of europe are betraying their countries helping the jews impose the communist nwo in exchange for their paycheks lots of them are in reality bolsheviks not real soldiers or police men,0,20087644_gab,"[""Jewish""]"
do not feel sorry for him quote the jew york times <number> in promoting international terrorism friend to israel and the jews destruction of family values and the uplifting gay transsexual rights and other perverse sexual deviants the non stop promotion of white genocide and anti white bigotry,1,20091959_gab,"[""Caucasian"", ""Homosexual"", ""Jewish""]"
kikes are the real problem pay all refugees and muslims to leave for uk and france,1,20110393_gab,"[""Arab"", ""Islam"", ""Jewish"", ""None"", ""Refugee""]"
does your sand nigger half ever resent your shekel counter hook nosed bosses,0,20148975_gab,"[""Arab"", ""Islam"", ""Jewish""]"
an endless stream of faggots and fakes to amuse and confuse you cut thru it teamwhite v teamjew if they are not white and anti jew they are teamjew it aint that hard,1,20188647_gab,"[""Homosexual"", ""Jewish""]"
jew are in a hurry to kill all whites because the lord of the bible has promised them that once all whites are gone black people will work as slaves in their factories see what they convince blacks to do to white peoplein south africa,1,20199568_gab,"[""African"", ""Caucasian"", ""Jewish""]"
deport all non whiets revoke citizenship protip jews arent white,1,20293120_gab,"[""Jewish"", ""Refugee""]"
the halalfoodauthority is suing britainfirst for hundreds of thousands of pounds in the high court because of islamophobia never mind that muslim and jewish animal slaughter is the cruellest in the world a 7 th century leftover of sky fairy belief that should have died out centuries ago,0,20303376_gab,"[""Islam"", ""Jewish"", ""None""]"
no this is not the wall at block <number> in aushwitz been there myself and you are correct no holes this photo likely from the warsaw ghetto uprising,0,20312441_gab,"[""Jewish"", ""None""]"
how the fakenews would report on jesus driving the money changers from the temples in a contemporary fashion with jews you lose,1,20316549_gab,"[""Christian"", ""Jewish""]"
did you know that whitegenocide requires helping jews put restrictions in the second ammendment,1,20327507_gab,"[""Caucasian"", ""Jewish""]"
dear national socialists conservatives christians us armed forces personnel feminists and antifas that arent jewish were all ready united against jews under maga,1,20337260_gab,"[""Jewish"", ""None""]"
libtards are allowing jews and people of color to ruin america,1,20339304_gab,"[""African"", ""Indigenous"", ""Jewish"", ""Other""]"
he wants israel to remain purely jewish yet doesnt care if america turns all black is a homo who opposed trump all election likely stills do he a fag,0,20357124_gab,"[""Homosexual"", ""Jewish""]"
🤨 hm six million but yep they were disarmed ceppin the ones in the warsaw ghetto that survived because they defended themselves came to the usa started the jews for the 2 nd amendment club still exists to this day,1,20359327_gab,"[""Jewish"", ""None""]"
the underclass in white countries has better standards of life than in their native countries unless people make explicit nazi states that pattern will not change,0,20372831_gab,"[""Caucasian"", ""Jewish"", ""None""]"
it not regardless he a white dude naming the jew with his real name and face out there the retards fawning over him are the same ones that did it about trump,0,20447576_gab,"[""Hispanic"", ""Jewish"", ""Other""]"
did the jews get you down,0,20467164_gab,"[""Jewish"", ""Men"", ""Women""]"
anywhere there are large numbers of jews such as jew york you will find lots of dirt and garbage that because jews are rats in quasi human form,1,20485900_gab,"[""Jewish"", ""Men"", ""Women""]"
spreading the message about jews is now settler tier which is natural and good congratulations you figured out the problem the next step is to do something about it,0,20490414_gab,"[""Jewish""]"
only boer farmers are welcome the suburban white population initiated this holocaust on themselves they would only come here for the rainbow flags and abundant niggerdick,1,20501519_gab,"[""African"", ""Homosexual"", ""Jewish""]"
the guy that wrote it was forced last year to say it wasn t about jews because a lot of people including myself were memeing it everywhere it is so accurate <number> scene is of a fight and it goes too far but the rest is just brilliant,0,20505716_gab,"[""Jewish""]"
oh and they wanted to disrupt the money going to the gop for the mid term elections that is why they have the shit stain kike kids saying on live tv anyone politician who takes money from the nra has blood on their hands,1,20527457_gab,"[""Jewish""]"
i am starting to think it the jews 👀,1,20531142_gab,"[""Jewish"", ""None"", ""Women""]"
when jews call out jews you know its bad,0,20547070_gab,"[""Jewish""]"
i remember that but did not know he was a kike,1,20556836_gab,"[""Jewish""]"
the muslims have fled and are claiming benefits in europe and the jews are sitting safe and sound in new york and washington rubbing their hands together spending the proceeds of stolen oil,0,20567241_gab,"[""Islam"", ""Jewish"", ""None""]"
the only ones that have a mental illness are the jews for reading a racial supremacy manifesto that says they are the master race jews always accuse non jews of everything that jews are guilty of,0,20577132_gab,"[""Jewish"", ""None""]"
hello hello it is the other way around am triggering you lol look the jews are coming tongue,0,20590862_gab,"[""Jewish"", ""Other""]"
dindu the jews are coming after you and it is you are not your wake the fuck up,1,20591748_gab,"[""African"", ""Jewish"", ""None""]"
da joos da joos da joos if you arent screaming about jews <number> you re a kike shill listen retards we know jews belong in an oven but your autistic rambling about them is not achieving shit shut the fuck up,1,20622443_gab,"[""Jewish"", ""Other""]"
i never knew a jew hater until i joined gab gab is crawling with them impotent little fucks desperate to blame jews for their shitty little lives nazi wannabes hahahhahahhaahhahahhahaha friggin morons,1,20633746_gab,"[""Jewish"", ""Men"", ""Women""]"
jews are behind the muslim religion and people,1,20651138_gab,"[""Islam"", ""Jewish""]"
and the kike reveals himself in a couple of posts lol go fuck yourself shlomo,1,20656774_gab,"[""Jewish"", ""None""]"
jews are not white,1,20672153_gab,"[""Jewish"", ""Men"", ""Women""]"
does not matter still free to use in fact jews have stolen first part from slavic languages where exclamation joj pronounced as yoy is used frequently to express suprise shock and sorrow mourning,0,20672422_gab,"[""Jewish""]"
paul some jew or sandnigger is gonna buy gab just to purge you off of this platform so be careful,0,20685573_gab,"[""Arab"", ""Islam"", ""Jewish""]"
blacks in 1 8 0 0 lived better under white slavery than whites live under jew slavery today,0,20692486_gab,"[""African"", ""Caucasian"", ""Jewish""]"
this is why all jews are hungry to confiscate weapons because for generations their accursed race has been putting everybody in concentration camps and when someone says this one jews comes to say not all jews participate but he does that because he wants to participate,1,20709342_gab,"[""Jewish""]"
these jews are so stupid think like a lawyer for a minute you can keep and bear all the arms you want any kind you like no mention of ammunition in the constitution however they could just try to make that illegal,1,20733800_gab,"[""Jewish""]"
little place i have been to today called winsford nice church no mosque which is good and it <percent> white ☺ there is a satanic church for the jews which really is the only downfall,0,20747519_gab,"[""African"", ""Arab"", ""Asian"", ""Hispanic"", ""Jewish"", ""None""]"
no islam is another anti racialist universalism promoting endless retard level violence jews just use you sand niggers as they use jungle niggers to destroy what they actually fear the white race,1,20773704_gab,"[""African"", ""Arab"", ""Caucasian"", ""Hispanic"", ""Islam"", ""Jewish"", ""Other""]"
maybe trump will care about his supporters when he done sucking kike cock too bad there no end in sight,1,20780732_gab,"[""Jewish"", ""Men"", ""None""]"
if youve been banned from twitter it means jews have sent you a notification that you no longer have rights in the new world order and you are now oficially a target that must be eliminated,1,20812694_gab,"[""Jewish"", ""Other""]"
south africans should not come to the usa they should stay and fight if <number> m whites can not whip 1 0 x their number in niggers they are not real whites the usa will not save you we are a bunch of kiked out christian faggots not unlike yeah good luck pieter pooeters,1,20883455_gab,"[""African"", ""Christian"", ""Homosexual"", ""Jewish"", ""Other""]"
fuckin jews like soros probably not average run of the mill jews,0,20890085_gab,"[""Jewish""]"
nah taking screen shots would be admitting i care frankly i do not i am just looking to take out my unbridled rage on someone it might as well be a nazi piece of shit,0,20893287_gab,"[""Jewish"", ""None"", ""Other""]"
these lil white twitter fags stay online all day and search for me to make new accounts and mass report me the jews have these white pussy totally brainwashed into hating there own race they talk about how much they love muslims and blacks crazy fucken world jews caused this,1,20971803_gab,"[""African"", ""Arab"", ""Caucasian"", ""Homosexual"", ""Islam"", ""Jewish"", ""Men"", ""Women""]"
are you a kike you know making lists is a really kikey thing to do it is one big reason people hate kikes,1,21014848_gab,"[""Jewish""]"
hey buddy can you explain where the near <number> million jews went after the holocaust,0,21017714_gab,"[""Jewish"", ""None"", ""Other""]"
i am not a nazi too but how dare this asshole want to censor someone on fucking gab gab <number> most important words free speech,1,21041897_gab,"[""Jewish"", ""None""]"
net is in a fight with american jews he not into the immigrant agenda so they are trying to get rid of him,1,21048577_gab,"[""Jewish"", ""Refugee""]"
when i say jew like i mean i read and think and i do not change positions like all you christian conservative faggots even if you call yourself racialists most of you really are just another whitewashed mewling christian cuntservative,1,21059247_gab,"[""Christian"", ""Homosexual"", ""Jewish""]"
so good with money these jews are i see why we are only <number> trillion in debt oy mcvay,0,21069034_gab,"[""Jewish"", ""Men"", ""Women""]"
and people like you and your ilk who call people kikes niggers spics sand niggers and mud sharks dumb fuck,1,21082091_gab,"[""African"", ""Arab"", ""Asian"", ""Jewish"", ""None""]"
when i see usernames like jill kews or people posting pictures of violence against black civil rights marchers on here i know they are neo bolshevicks here to piss in the well that is and will continue to be a problem with rightist spaces,0,21092381_gab,"[""African"", ""Jewish"", ""Men"", ""Other"", ""Women""]"
bcz those fucking kikes let muslim araps in our countries while they are killing same muslim arabs on a land kikes stole from them as for nazi your fucking kikes were nazies as u are,1,21104601_gab,"[""Arab"", ""Islam"", ""Jewish"", ""Men"", ""Women""]"
exactly but really all mentions of jews specifically had been scrubbed except for the holocaust narrative we are not accustomed to seeing people as groups plus unless you grow up around them we do not see jews or at least i never did they prey upon our good natures,0,21125123_gab,"[""Jewish""]"
so many followers and nothing to say just remember niggers suck jewboys suck baby dick and faggots suck anything they can,1,21149943_gab,"[""African"", ""Hispanic"", ""Homosexual"", ""Jewish""]"
i find it easy to get around being called a racist sexist nazi homophobe if you are just an asshole to everyone,0,21168212_gab,"[""African"", ""Homosexual"", ""Jewish"", ""None"", ""Women""]"
luckily this kike has never lived under nazi rule and definitely never lived under communist rule both hate kikes for the sand niggers they are,0,21177346_gab,"[""African"", ""Arab"", ""Islam"", ""Jewish""]"
<user> i am done w jewish women saying white women like themselves should hate themselves for being white lena dunham sarah silverman amy schumer do not mention they are jewish women who want white women to hate themselves it so sickening,1,2118065_gab,"[""Caucasian"", ""Jewish"", ""Women""]"
well gabfam it thursday thank the gods of course it cold wet grey gloomy and shitty but meh that oh for you have a great day remember make the world a better place shoot a kike in the face,1,21254500_gab,"[""Jewish"", ""None""]"
wisconsin voter my brother died of an opioid overdose how can you fix that paul nehlen it okay to be white wisconsin voter ok but i am about to lose my job the factory is moving overseas can you stop that paul nehlen did you know jews control the porn industry,1,21261311_gab,"[""Caucasian"", ""Jewish""]"
dont like capitalism want socialism want national socialism also known as socialism for whites only got to africa jews have imposed socialism for blacks only there and if someone tries to open a business he gets shot by the jews,0,21280190_gab,"[""African"", ""Jewish"", ""Other""]"
are you just retarded jews have been supporting pedophilia for thousands of years so no wonder the white people jews are friends with are pedophiles so far the majority of people implicate in pizzagate are jews bit they dindu nuffin right,1,21285578_gab,"[""Jewish"", ""Men"", ""None""]"
just me this is america we have enough to handle right now i love these people demanding things in america islam demands jews demand no americans will end islam they know it is coming wow,0,21349337_gab,"[""Islam"", ""Jewish"", ""None""]"
jews and vatican using the niggers to do dirty work jews used rome to kill jesus nothing new under sun fuck the vatican and the catholic church with is dead jesus on the cross the cocksuckers of tammuz pope kiss a a babies cock dirty pedo wankers,1,21376818_gab,"[""African"", ""Christian"", ""Jewish""]"
every kike is a problem,1,21382647_gab,"[""Jewish""]"
that is <number> thing every kike lacks integrity,1,21510414_gab,"[""Jewish"", ""Men"", ""Women""]"
who let the moslems in they did not let themselves in who was behind the immigration act that opened up your country to all sorts of third world scum ignorant burger boomer a bunch of jews like jacob javitz and emmanuel cellar,1,21516715_gab,"[""Islam"", ""Jewish""]"
unless you are a nonwhite right not saying you should accept or tolerate our globalist brethren or you have to associate with us but to accept that there are based kikes and niggers as frustrated and upset as you,0,21536821_gab,"[""African"", ""Jewish"", ""None""]"
lmao the gay jew thinks his side went to far,0,21544081_gab,"[""Homosexual"", ""Jewish""]"
<user> exactly arabs mozzies are setting fires just like in israel at the same time they r demanding benefits and subsidised housing just say no deport these trojan horses lets give our hard earned to our homeless our vets and our pets 🇺 🇸 ❤ ️ 🇺 🇸,1,2156761_gab,"[""Arab"", ""Islam"", ""Jewish""]"
friends do not let friends marry jews,1,21668983_gab,"[""Jewish""]"
did not obama expel russian diplomats as well the us is <number> trillion dollars in debt it cannot afford another war the jews are desperate their time is coming,0,21672910_gab,"[""Jewish""]"
europeans are indo europeans true aryans just like iranians not sandnigger semites,1,21718588_gab,"[""Arab"", ""Islam"", ""Jewish"", ""Men"", ""Women""]"
there are good and decent people here who have no interest in hearing jew nigger kike spic jap wop dago mick kraut porch monkey sand nigger moon cricket must they endure just so you can have your opinion validated,0,21771567_gab,"[""African"", ""Arab"", ""Asian"", ""Hispanic"", ""Jewish"", ""None""]"
we are not offended by the counter semitism if you are not outraged by what elite jews are doing to white countries you are not paying attention,1,21777048_gab,"[""Jewish""]"
the delighted kikes broke his nose via sand nigger proxy,1,21782811_gab,"[""African"", ""Arab"", ""Islam"", ""Jewish""]"
well you guys have moved on from twp and are attacking cantwell and paul nehlen now who next american nationalist you wanna come at me too do you fucking cunts even attack jews once,0,21814903_gab,"[""Jewish"", ""None"", ""Other"", ""Women""]"
yeah well nehlen has been marked for bullycide and i dont trust his fucking kike director enough to help on that one i read his timeline and its fucking sleazy and smells like a jew rat number <number> rule on anything is no jews,1,21826700_gab,"[""Jewish""]"
israel need some diversity then jews will be good at sports finally it will be their strength altright,0,21829203_gab,"[""Jewish"", ""None""]"
thread brainstorm below list what you see the jews doing as their major false flag attack to try to stop the mass awakening happening now country city type of attack and who the jews will false flag as perpetrating country group,1,21852772_gab,"[""Jewish"", ""Other""]"
these fucking kikes are going to get us all killed and you fucking retarded christian cretins are the reason they have power,1,21899094_gab,"[""Christian"", ""Jewish""]"
you have never done anything but seek out paul town enemies and get mad because you are friends with a kike who needs help from several people to defend against me,1,21935128_gab,"[""Jewish"", ""Men"", ""Women""]"
better social experiment shove a kike in an oven see if he cries out in pain as he strikes you,1,21935940_gab,"[""Jewish"", ""Men""]"
how do jews use the state or any organizational position of power to bully those they choose into corruption and degeneracy start with congress i understand that they take leftist sometimes anti white positions at political rallies do you have specific examples,0,21945523_gab,"[""Jewish""]"
buddy you can be around niggers and kikes without fucking them it pretty easy actually most people manage it every day,0,22027993_gab,"[""African"", ""Jewish""]"
why do not jews like oral sex its too close to the gas chamber,0,22044487_gab,"[""Jewish""]"
oh glorious america clutched warm in zion claws our court corrupt our country gone the jews hacked off our balls no sovereignty no identity god left us in the dust and turned what good to a ghetto hood and left us there to rust,1,22056825_gab,"[""Jewish"", ""None""]"
muslims jews homosexuals transgenders blacks hispanics and all the other minorities in usa vote democrat even single women vote democrat the reason is hate for whitey and christianity the white man is the last person democrats want to vote for them the democrat party is very sick,1,22063217_gab,"[""African"", ""Arab"", ""Asian"", ""Hispanic"", ""Homosexual"", ""Islam"", ""Jewish"", ""None"", ""Refugee"", ""Women""]"
i would support hezbollah if only they would support palestine turning a blind eye on their fellow arabs makes them complicit imo,0,22090868_gab,"[""Arab"", ""Jewish""]"
wah they call me a nazi because i hate jews and blacks people walls like a wannabe nazi talks like a wannabe nazi it a wannabe nazi lol and a poor excuse of one you are too pussy to do shit about it,1,22096140_gab,"[""African"", ""Jewish"", ""Men"", ""Women""]"
george bush flashing the islamic grey wolves sign telling other jews that his false falg attack is the beginning of the islamic invasion of the west,0,22101771_gab,"[""Islam"", ""Jewish"", ""Other"", ""Refugee""]"
i think you have missed the point it far funnier to simply agree with people when their only argument is that my name is a kike name or that i am obviously a faggot they never respond to my name irl being alfred rosenberg though,0,22102612_gab,"[""Homosexual"", ""Jewish"", ""Men"", ""None""]"
i expat i think i might have criticised some muslims and a bit of islam possibly some jews slightly and i am afraid to go and visit my elderly relatives i am pro israel though perhaps that like a sort of passport now what happening to us,0,22105164_gab,"[""Islam"", ""Jewish"", ""None""]"
seems like more and more us cities have holocaust museums are they centrally owned and operated or is it more of a regional franchise model,0,22117999_gab,"[""Jewish"", ""None"", ""Other""]"
i can not help but have doubts infantry officer pushing this gay gun control shit he must be a jew,1,22121194_gab,"[""Homosexual"", ""Jewish""]"
all jews need to be barred from holding public office outside of the horseshit sand nigger state of israel the kikes can go live with the palestinians only white males who are pro gun and pro free speech and anti illegal alien should hold office in the usa canada australia and europe,1,22124193_gab,"[""African"", ""Arab"", ""Jewish"", ""Refugee"", ""Women""]"
what do you mean not sure what you are referring to enoch is a kike btw,1,22128892_gab,"[""Jewish""]"
op is a white power jew,1,22148551_gab,"[""Jewish"", ""None""]"
oh you mean like count dankula who a self admitted communist with a tattoo of a red star on his chest who just got convicted of being a nazi because he white cowards like you find it very easy to attack the enemies of the jews,0,22148922_gab,"[""Jewish"", ""Men"", ""Women""]"
control brought on by those who seek to condem the illumination of truth the fucking jews,1,22161497_gab,"[""Jewish""]"
i have no idea why anyone would care about jereb whoever that is the adl on the other hand is a large and well armed force completely loyal to jews and only jews that has almost completely undermined white america the only america and must be destroyed,1,22188456_gab,"[""Jewish"", ""None""]"
i got <number> min into it the jews control the hierarchy through money manipulation ie he who has the gold makes the rules,0,22193205_gab,"[""Jewish"", ""None""]"
fuck you dishonest nazi mixing in the arabs and muslims will not save your face you are siding with isis against kurdistan and israel fuck you,0,22218506_gab,"[""Arab"", ""Islam"", ""Jewish""]"
represents the majority vast majority there are a minority of jews that oppose the push for white genocide and call it out for what it is a threat to their own well being <user> ‍,0,22219579_gab,"[""Jewish""]"
where are muh 9 9 redballons did you all bitch up again i know you are reading this alt kikes,1,22250857_gab,"[""Jewish""]"
i do not understand why people argue here you know the enemy you do not need to explain it you do not have to debate them the enemy are kikes niggers and muzzos deal with these shit stains first then deal with the race traitors,0,22291494_gab,"[""African"", ""Hispanic"", ""Islam"", ""Jewish""]"
have you guys heard of that retarded findom fetish where complete idiots get off on giving women all their money and getting nothing in return for it <user> ‍ had an hilarious video on it well the us relationship with israel is basically the foreign policy version of that,0,22313926_gab,"[""Jewish"", ""None"", ""Other""]"
i believe the us military is compromised and our enemy why jews own,1,22319846_gab,"[""Jewish""]"
cant we just focus our efforts on the mulims and deal with the jews later one spreads much faster then the other,0,22323546_gab,"[""Islam"", ""Jewish""]"
yeah that one was special he got really mad at people that called him out on it too it a common kike tactic that the ragheads picked up on too,1,22346884_gab,"[""Arab"", ""Islam"", ""Jewish"", ""Men"", ""Women""]"
because jews are not white dickhead,1,22349896_gab,"[""Jewish""]"
muslims and jews are allies,0,22424020_gab,"[""Islam"", ""Jewish"", ""None""]"
but paul nehlen criticized jews tho,0,22456269_gab,"[""Jewish"", ""None""]"
lol super gay it a jewish walled ghetto safe space for weev,0,22468016_gab,"[""Homosexual"", ""Jewish"", ""Men"", ""Other"", ""Women""]"
there is nothing negotiable nor debatable with having jews and degenerates anywhere near natsoc agreed,0,22544561_gab,"[""Jewish""]"
how about you let people with balls do what needs to be done you are a subversive kike who does nothing but punch right and counter signal,1,22552259_gab,"[""Jewish"", ""Men"", ""Women""]"
raise it and selective service to <number> i say lets see them faggots fight a zog war when you cant enlist till <number> nobody would be dumb enough to go,0,22565834_gab,"[""Homosexual"", ""Jewish"", ""Other""]"
oh girl you done and and went all full retard and shit,0,22566821_gab,"[""Jewish"", ""None""]"
at this point with the communist jew world order in full swing if your still allowing jews to tell you what to think youre an idiot whitegenocide,1,22575442_gab,"[""Caucasian"", ""Jewish""]"
weev is a kike and ricky is a soy nigger,1,22608640_gab,"[""African"", ""Asian"", ""Jewish""]"
hm isnt yids support arabs invading in eu and they thought arabs would be licking their ass another yid was killed in france few days ag here you go its called karma,1,22617100_gab,"[""Arab"", ""Jewish""]"
what nation has a jew started what nation hate to burst your yid cum bubble israel was annexed from a native population of semites under brittish rule and granted to another group of sand niggers so i ask again name <number> fucking nation kikes made again i will wait,1,22618862_gab,"[""African"", ""Arab"", ""Jewish""]"
lmao i thought they already did this on the history channel look goys jesus wasn t a white guy with blonde hair but a sand nigger mexican,0,22658767_gab,"[""Arab"", ""Christian"", ""Hispanic"", ""Jewish""]"
with brown skin lmao i am dying laughing 🤣 🤣 🤣 🤣 🤣 you all must truly have an inferiority complex since you want to claim anyone who did anything great while at the same time calling them sand niggers now you are trying to say they are white lmao jews are white too now right 🤣 🤣,1,22669058_gab,"[""African"", ""Islam"", ""Jewish"", ""None""]"
personally i d like to see widespread public discussions and academic research concerning the holocaust without icke and rense please i am confident the science and historic record will back up the official narrative <user> ‍,0,22673446_gab,"[""Jewish"", ""None""]"
worth a read suidlanders infiltrated by jews and ties to the presidency lol this shit is how it done,1,22695400_gab,"[""Jewish"", ""None""]"
hmm why are the jews hated i do not get it,0,22708690_gab,"[""Jewish""]"
have you ever been so god damn retarded that you thought <number> germany was promoting marxism and not a direct counter to marxism,1,22714004_gab,"[""Jewish"", ""None"", ""Other""]"
would someone still allowed on twatter please convey my thanks to <user> for his robust defence of the bleeding obvious to the doubting <user> that islam hates jews and many of it adherents are deeply influenced by that institutionalised antisemitism labour is the party of islam,0,22756878_gab,"[""Islam"", ""Jewish""]"
idiots feeding the zog use bitchute or pew tube do not support these kike rapists,1,22760564_gab,"[""Jewish""]"
the opinion of the enemy is irrelevant during a war jewish bitch,0,22772448_gab,"[""Jewish"", ""Women""]"
can someone please inform fox news that white people do not need niggers spics or sand niggers to justify what is obvious to white people obeying law order civility virtue respect,1,22816892_gab,"[""African"", ""Arab"", ""Hispanic"", ""Islam"", ""Jewish""]"
<user> ‍ actually the first christians were jews therefore being called a jew actually means rejecting christ and today jews are not the hebrews of the bible they are the synagogue of satan an international criminal mobster cabal,1,22825632_gab,"[""Christian"", ""Jewish""]"
oh are they are nazis killing palestinians destabilizing countries in the middle east are they lobbying ngos to bring africans and arabs into europe,1,22829844_gab,"[""African"", ""Arab"", ""Islam"", ""Jewish"", ""None"", ""Refugee""]"
american vets discarded by the jews are passing this and organizing against them they wont protect jewish lives now that everybody knows jews want whitegenocide achtung juden,1,22841370_gab,"[""Jewish"", ""Men"", ""Women""]"
memes calling non jews the vicitms of the jew didnt exist a year ago people are beginning to understand the many ways that we are the victims of the jews jew are not the victims we are victims of jewish infiltration,1,22841530_gab,"[""Jewish"", ""None""]"
theresa may has recorded a video wishing jews a happy passover she did the same for moslems at ramadam it seems someone forgot to tell the old bag to do the same for easter or she thinks so little of christians she could not be bothered,0,22874658_gab,"[""Christian"", ""Islam"", ""Jewish"", ""Refugee"", ""Women""]"
how many niggers have autism i d say next to zero how many white female children have autism whitegenocide thanksjews,1,22884805_gab,"[""African"", ""Jewish"", ""None"", ""Women""]"
i used to think that nigger babies were the ugliest things known to mankind then i decided to take a look at kikes and my opinion has since changed,1,22894345_gab,"[""African"", ""Jewish""]"
definitely a little kike fucker behind this,1,22895946_gab,"[""Jewish""]"
getting rid of the rich the businessmen and businesswomyn and whigger middle class would solve most of the problems once these inferiors can not lie steal and cheat most of their businesses will go under do not forget the jews lived in shitty smelly ghettos before being emancipated by satanic whiggers,1,22904814_gab,"[""Caucasian"", ""Jewish"", ""None""]"
then get your head out of your ass only a kike would advocate destroying the nra are you a kike too,1,22917386_gab,"[""Jewish""]"
reminder that google is run by jews,0,22918483_gab,"[""Jewish"", ""None""]"
dumb dumb the nt explicitly tells us that jewish blood does not give them any special favor with god after christ and that jews who refuse to follow jesus are of the devil,0,22928931_gab,"[""Christian"", ""Jewish"", ""None""]"
speaking of does anyone know which goy group the jews intermarry with in the greatest numbers i was under the impression it was either asians or catholics,0,22951616_gab,"[""Asian"", ""Jewish"", ""Other""]"
hypothesis jews push miscegenation on whites because jews themselves race mix and religion mix in such high numbers that they do not want to feel like bigger oddballs than they already are in gentile nations like the us mixery loves company,1,22953083_gab,"[""Christian"", ""Jewish"", ""Men"", ""Refugee"", ""Women""]"
nope negro the jews main sponsored group her negro comrades would not have to turn in their assault rifles because they did not get them legally in the first place,1,22962233_gab,"[""African"", ""Jewish""]"
the isis flag says all jews <number> and rabbis in israel believe that god created isis using angels to punish the nations that deserve to be punished these are isis flags in dearborn michigan usa you do the math,0,22967211_gab,"[""Islam"", ""Jewish""]"
why you cucked racemixer you have low iq and brainwashed brain by jews to have a low iq mexican wife what wrong with you nehlen,1,22971068_gab,"[""Hispanic"", ""Jewish"", ""Men"", ""None"", ""Women""]"
the duplicitous kike <user> must be gassed and his followers slaughteted unmercifully agreed you take care of gassing the kike i will handle the unmerciful slaughter of his followers,1,22973098_gab,"[""Jewish""]"
winnie mandela and nelson mandela were communist niggers who along with their kike masters destroyed the once great nation of south africa fuck them and everyone who worships at the altar of egalitarianism,1,22985169_gab,"[""African"", ""Jewish"", ""None""]"
<number> yr ago muslims shot killed whites blacks latinos asians christians jews for the fact they were non muslim americans sanbernardino,0,2300557_gab,"[""African"", ""Arab"", ""Asian"", ""Caucasian"", ""Christian"", ""Hispanic"", ""Islam"", ""Jewish""]"
have just another rabbit running on facebook under the honey badge guise this one is a little rocket wicked fun making jews dance the homo paedo dave slatfascists is unable to find me on facebook,1,23082971_gab,"[""Homosexual"", ""Jewish"", ""None""]"
yeah if you do not support my corrupt multiculti globo homo military run by a corrupt government controlled by jews then you have no balls brilliant,1,23085003_gab,"[""Homosexual"", ""Jewish"", ""Men"", ""Women""]"
if she wanted to be real edgy she would have dressed as a rabbi napalming palestinian kids or as the kike bolshevik shooting the tsar family,0,23085038_gab,"[""Jewish""]"
lies i d shove the kike in an oven it where kikes belong,1,23085433_gab,"[""Jewish""]"
this is what an average iranian female looks like you faggots are retarded you all get the gas we need smarter people than this in the atavistic aryan future,1,23130509_gab,"[""Arab"", ""Caucasian"", ""Homosexual"", ""Islam"", ""Jewish"", ""Other"", ""Women""]"
i swear college is a hot house full of judaised professors with white youth being indoctrinated into this nonsense or have live there days out in fear of being ousted as racists and proud members of white race,1,23168690_gab,"[""Caucasian"", ""Jewish""]"
so let me see if iget this str8 wn1 <number> was an eloaborate ruse conducted by jews in the mid late <number> that brought wlp na crashing down is that youre saying,0,23215991_gab,"[""Jewish"", ""Men"", ""None"", ""Women""]"
you are going to be labeled a nazi no matter what you do you have interest in european roots white culture white folk lore and white faiths you are a nazi to the jews no matter what you do,0,23218081_gab,"[""Caucasian"", ""Jewish"", ""Men"", ""Women""]"
trump is not a kike he a shabbos goy who works nonstop for the promotion of israel first policies go re in your ghetto forums,1,23240052_gab,"[""African"", ""Arab"", ""Jewish""]"
<user> ‍ always has thought provoking quotes but he usually more likely to reply to a kike than me notice me senpai,1,23264588_gab,"[""Jewish"", ""Men"", ""Women""]"
no more chinese immigration into the usa they are just like sand niggers and jews simply here to exploit us,1,23308026_gab,"[""African"", ""Arab"", ""Asian"", ""Islam"", ""Jewish"", ""Men"", ""None"", ""Refugee"", ""Women""]"
i post a video showing the shocking promotion of violence by the south african eff themselves and jewtube still say i am promoting violence,0,23316721_gab,"[""African"", ""Jewish""]"
the japanese are not retarded like white people seriously just try to have an honest conversation with a white person about jews globalism or the negative effects of illegal immigration,0,23337549_gab,"[""Caucasian"", ""Jewish"", ""Other"", ""Refugee""]"
on the right literally the kike subverter shill pick one,1,23340204_gab,"[""Jewish"", ""None""]"
what a cohen cidence news coverage of syria attack took over munster muslim attack man those global elite must be just plain lucky in the timing of things,1,23348205_gab,"[""Islam"", ""Jewish""]"
defending the white race by advocating for the single most inbred subgroup of mutants on the planet the ashkenazi jews way to go you retarded piece of shit there a spot reserved for you in the 9 th circle of hell,1,23372152_gab,"[""Jewish"", ""Other""]"
sometimes i fancy analogy a bit too much as long as a single muzzie wetback nigger or kike is in the us as long as a single white family is suffering in the us we have no business spending our precious resources <number> miles from home,1,23422088_gab,"[""African"", ""Arab"", ""Hispanic"", ""Islam"", ""Jewish"", ""Other""]"
who is this luke ford son of a b nai bitch is he the next influencer in line that the jews have set up to replace weev,0,23427031_gab,"[""Jewish"", ""Men"", ""None"", ""Women""]"
the us army liberals are gonna help jews bring more refugees from the middle east so thay can attack americans and stomp of the usa flag american soldiers and liberals are the same thing liberals help jews persecute capitalists locally for money soldiers help jews persecute capitalists abroad for money,0,23440601_gab,"[""Jewish"", ""Men"", ""Refugee"", ""Women""]"
<user> ironic oh wait freeing kuwait was neocon fakenews a pretext for invading iraq for the zionists that the media eagerly went along with no babies thrown from incubators no women raped on street corners just more israel lobby lies,0,2345756_gab,"[""Islam"", ""Jewish"", ""None"", ""Women""]"
that the kind of trolling that makes the jews in israel want to kill him god bless that brave brave man and keep him safe from his enemies,0,23487663_gab,"[""Jewish"", ""None""]"
if trump bombs the living shit out of syria surely a million of more refugees are going to flee to europe and elsewhere jews have lots of practice pulling on goyim heartstrings promoting this except of course for israel,0,23511924_gab,"[""Jewish"", ""Refugee""]"
trump with jews married into his family loves jews and the jews still hate his guts all because some of his policies will interfere with their white genocidal agenda,0,2351882_gab,"[""Jewish""]"
these fucking kikes need to be dealt with for civilization to have any future it planet islamic caliphate or planet space nazi fourth reich now pick and remember which side has bacon and blonde girls,1,23620984_gab,"[""Islam"", ""Jewish"", ""Other"", ""Women""]"
funny how they bring in millions of ragheads and then bitch about anti kike sentiments,1,23627866_gab,"[""Arab"", ""Islam"", ""Jewish""]"
i agree except the jews do feel it in their interest to use america in never ending wars other than that i can not see how this benefits anyone,1,23633475_gab,"[""Jewish""]"
ellen degeneres promoting gun confiscation in the usa surrounded by marxists disguised as police officers to confuse the population police all around the world are doing the same becoming zionist collaborators to help the jews kill us all,1,23647910_gab,"[""Jewish""]"
do jews hate muslims or do they use them is it different with your cult,0,23656043_gab,"[""Arab"", ""Islam"", ""Jewish"", ""Men"", ""None"", ""Women""]"
i know that but they claim to be jewish i have read the bible enough and have researched enough to know they come from russia not palestine when the remnant of the jews were released from persia they headed east not north that i know of,1,23659387_gab,"[""Jewish"", ""None""]"
no fuck you kike im glab the holocaust happened,1,23664868_gab,"[""Jewish""]"
the baptist church and its retarded disciples are the biggest enablers of the zionist elite and yet there still have people wondering how the jews took over the world 🤦 🏻 ‍ ♂ ️,1,23668429_gab,"[""Christian"", ""Jewish"", ""Other""]"
lol you must be butthurt to come on here and make an account just to hurl your kike bullshit go bite a baby dick heeb,1,23670806_gab,"[""Homosexual"", ""Jewish"", ""Other""]"
stofmfront is circling the drain posting to this board is currently restricted to sustaining members guests and other users can read threads in the public forums perhaps their love of race mixers and gay jews was the beginning of the end i am referring to anglin and milo,1,23679186_gab,"[""Homosexual"", ""Jewish"", ""None"", ""Other""]"
<user> no war in syria i will not let anymore kikes have me fight in tribal wars over sand niggers and semites worshipping some shitty bronze age gods,1,23705891_gab,"[""African"", ""Arab"", ""Islam"", ""Jewish""]"
i challenge all jews on gab to discuss with me the false system of the jews if you have balls that is,0,23732267_gab,"[""Jewish""]"
is not it interesting how jews have been the driving force behind both communism and libertarianism two supposed opposites they are in fact two sides of the same satanic shekel,1,23742000_gab,"[""Jewish""]"
defending sand niggers top kek and you are for whites you are no better than the jews m8,1,23752570_gab,"[""African"", ""Arab"", ""Jewish"", ""None""]"
do you lads like yachts are you aware that caligula had the first yachts built out of wood of course not because he was deranged and had sex with a horse maybe just maybe that is a lie no goy <number> gorrillion jews died,0,23780269_gab,"[""Jewish"", ""None""]"
so the un got trump to be their jewdog puppet spend millions of to bomb a christian leader and christian ppl to satisfy the jews and mussies we the ppl will never win,0,23784334_gab,"[""Islam"", ""Jewish""]"
you have no clue what you are doing other than sucking a kike dick try fuck off i am sick of listening to your kike apologies,1,23788368_gab,"[""Jewish""]"
fine by me i am a jew not a raghead semite,0,23793423_gab,"[""Arab"", ""Jewish"", ""None""]"
you are confusing jews with whites again,0,23794758_gab,"[""Caucasian"", ""Christian"", ""Hispanic"", ""Jewish"", ""None""]"
perpetual war cuz the jews finance it and only the jews,1,23811299_gab,"[""Jewish""]"
this stupid bimbo has been pushing this garbage for years abrahamic muslims has no idea what she is talking about neither jews or arabs are of abraham abraham was the patriarch of a white nation and was famous in all aryan civilization,1,23833543_gab,"[""Arab"", ""Islam"", ""Jewish""]"
precinct and campaign meetings will confirm that it is only whites who hold any ideals about government non whites want free govt cheese and jews are crazy for power,0,23840294_gab,"[""African"", ""Arab"", ""Asian"", ""Hispanic"", ""Jewish"", ""None"", ""Other""]"
they are lighter skinned arabs with phoenician and other relict populations mixed in hardly white but still i support them and their right to exist in the face of kike oppression,1,23844303_gab,"[""Arab"", ""Jewish""]"
who is more evil a sa refugee or assad thanksjews lugenpresse,1,23871845_gab,"[""Islam"", ""Jewish"", ""Refugee""]"
the <number> enemy of white south africans isnt niggers it their insane belief in the jewish bible for whiteskin idiots,1,23875324_gab,"[""African"", ""Christian"", ""Jewish""]"
boomer lol everyone i do not like is automatically a boomer i do not share a movement with a jew hiding in eastern europe also that sandnigger seed in your brain forfeits any status of german,1,23889998_gab,"[""African"", ""Arab"", ""Islam"", ""Jewish""]"
anti white neocon ben shapiro supports his own country israel building a wall refusing refugees deporting africans but demands third world immigration and refugees for the usa he wants to see white people ethnically cleansed with third world immigration his emails <email> <email>,1,23948762_gab,"[""Hispanic"", ""Jewish"", ""Refugee""]"
are these jews posing as arabs,0,24004709_gab,"[""Arab"", ""Jewish""]"
i would have to look up shabbat goy to see what that means but i understand retard so may be that means i can not be one or would a retard actually know they are a retard in any case god bless them all and everyone,0,24027244_gab,"[""Jewish"", ""Other""]"
beware the <number> <number> jew dyke,1,24138034_gab,"[""Homosexual"", ""Jewish"", ""None"", ""Women""]"
fuck these kike rats,1,24147943_gab,"[""Jewish""]"
fuk every jew u are part of the bolshevik jews that killed <number> million christians fuk u dog shit,1,24171592_gab,"[""Jewish""]"
yep and who pushed the civil rights thing which made niggers far worse you got it the joos they are worse than niggers ever thought about being,1,24172961_gab,"[""African"", ""Arab"", ""Jewish""]"
holy shit the governor of new york is a gay black jewish muslim,0,24176160_gab,"[""African"", ""Homosexual"", ""Islam"", ""Jewish""]"
the reason the germans ended up in world war2 and your people got ostracized was the jewish elite were destroying the german economy google weinmar rebublic do your research you are a bottom feeder jew the elite jews dont care about you or anyone else,1,24202516_gab,"[""Jewish"", ""Men"", ""Women""]"
hi my name is jewish and i am angry about the world treats us jews i need reparations for jews for blacks for asians for butterflies for paint for bugs for i lost my train of thought oh ya fuck you jews jews jews yep name the jew 😎 😍 😎,1,24227342_gab,"[""Jewish""]"
just a cohencidence that the only film of this event was taken by a hooknosed kike who hit the shekel jackpot,1,24235160_gab,"[""Islam"", ""Jewish"", ""Men"", ""Women""]"
based hot jew andrew mix with asians anglin,0,24235305_gab,"[""Asian"", ""Jewish""]"
look you were useful in that you gave me the opportunity to express my own views and a backdrop against which to set it but i am done and you are boring so goodbye oh and jews did not put blacks in south africa reality did that long before we got there,0,24235839_gab,"[""African"", ""Jewish"", ""Men"", ""None"", ""Women""]"
the numbers i heard about were that <number> million jews were killed but also <number> million others homos mentally retarded political foes etc,0,24243526_gab,"[""Homosexual"", ""Jewish"", ""Other""]"
so which are you a faggot or jew or both,1,24257726_gab,"[""Homosexual"", ""Jewish"", ""Men"", ""None""]"
not for long boomer the kikes are gonna make sure they are all in spanish then they are gonna make you marry off ur daughter to a nigger transexual to prove youre not a bigot cuck,1,24264232_gab,"[""African"", ""Hispanic"", ""Jewish"", ""Other""]"
imagine trusting that rat faced faggot kike,1,24277603_gab,"[""Homosexual"", ""Jewish""]"
jews are neither white nor mensch they are non nigger males like spic males,1,24290957_gab,"[""African"", ""Hispanic"", ""Jewish"", ""None""]"
china not that smart christianity is already widely infecting there top jews are already breeding with asians that a recipe for what happened to usa,0,24294512_gab,"[""Asian"", ""Jewish"", ""None""]"
do you think islam will allow the jews to run the show once theyre <number> billion of them,0,24375410_gab,"[""Arab"", ""Islam"", ""Jewish"", ""Men"", ""Women""]"
you got that right they are no longer god chosen people as of <number> yrs ago if you are a sand nigger we do not want you,1,24395272_gab,"[""African"", ""Arab"", ""Jewish""]"
lmao i read some long ass shiz about they dont know if arabs or jews or whatever invented it i love the hell outta it tho i admit it,0,24405990_gab,"[""Arab"", ""Islam"", ""Jewish""]"
i am not jewish as it happens but support the great israel from the dirty arabs like you suggest yo go back to your cancerous family as you have not been brought up normal you spastic <user>,1,24415281_gab,"[""Arab"", ""Islam"", ""Jewish""]"
this sperging alt right retard accused me of being a subversive jew now he is claiming that i am sarcuck the fuckwad i wish i was making something like that up where it makes whites look bad but i am not,1,24461256_gab,"[""Jewish"", ""Other""]"
starting a new day from midnight is retarded and jewish,0,24465646_gab,"[""Jewish"", ""Other""]"
one of you goys needs to make a first goy shooter like black ops zombies but instead of brother zombies make kike zombies for ps4 i would pay <number> dollars for that,1,24471807_gab,"[""Jewish"", ""None""]"
satan thrives wherever jews are found,1,24510044_gab,"[""Jewish""]"
jw fighting for white racial survival is not a marketing strategy if the fence sitters do not want to get involved then let the jews and niggers deal with them,0,24520707_gab,"[""African"", ""Jewish""]"
israel defends it self from attack braindead tell the arabs to stop attacking and then ask israel,1,24524671_gab,"[""Arab"", ""Jewish"", ""Refugee""]"
the fact that you are trying to blackpill over an event that took zero effort went viral and is currently pitting niggers against virtue signaling swpls against kikes tells everyone what they need to know about where your true loyalties lie with your fbi handlers lmao,1,24524961_gab,"[""African"", ""Jewish"", ""None""]"
jews defends jews regardless muslims defend muslins regardless christian european attack christians christian people are on their own and jews and muslims have another home we don ffs we do not why can not people understand that it not that difficult,0,24555628_gab,"[""Christian"", ""Islam"", ""Jewish"", ""None""]"
your current politicians are kike puppets europe will pay their refugees to leave for uk and france the future muslim wastelands churchillwillpay,1,24563208_gab,"[""Islam"", ""Jewish"", ""None"", ""Refugee""]"
<user> vk looks interesting i might actually install it however at first glance it does not appear to solve the digital ghetto problem all the information in one place diaspora is shit but it at least tries to solve the digital ghetto but fails note gab does not solve it either,0,2467242_gab,"[""Jewish"", ""None""]"
only whites and east asians create cultures while jews can only destroy them after what these kikes have done to our civilization we should be beyond bitter,0,24678717_gab,"[""Jewish""]"
now do we understand why the jews were booted out of <number> countries,1,24682477_gab,"[""Jewish""]"
when you are born into the false system of the jews but jews brainwash into hating everyone else except the jews,1,24694634_gab,"[""Jewish""]"
american conservatives now that bolshevik jews are banning guns in america how many of you would oppose that your local national socialists burn their houses during the night,1,24711574_gab,"[""Jewish"", ""Other""]"
when someone fights for lies he never finds the balls to defend himself from the jews the people that fight for the truth become invincible this time we will fight all together against you jews acthung juden,1,24711850_gab,"[""Jewish""]"
i speak the way i speak because fuck you if you dont like it talk to the barrel of my gun communist loser afraid of the jews,1,24756474_gab,"[""Jewish""]"
does it refer to the real jews comparing them to those who call themselves jews today is comparing apples to oranges,0,24758229_gab,"[""Jewish""]"
i thought wendy wasserman schultz was one ugly jewess where do they dig these disgusting jews up from they are caricatures of humans michellewolf journalists killjournalists,1,24770559_gab,"[""Jewish"", ""Women""]"
jews are surrounding the americans with the muslim refugees created by the wars instigated by israel with its hatenews about everyone that isnt a jew,1,24813535_gab,"[""Arab"", ""Islam"", ""Jewish""]"
they replaced the jew mayor with a sheboon mayor they have not learned yet,0,24818312_gab,"[""African"", ""Homosexual"", ""Jewish"", ""Other"", ""Women""]"
actually i prefer my jews going up the chimney,1,24823916_gab,"[""Jewish"", ""None""]"
shapeshifting out of based elderly female asian immigrant here to convince the white goyim how fantastic infinity nigger i see the holocaust is there anything it can not do,1,24831795_gab,"[""African"", ""Caucasian"", ""Jewish"", ""Other"", ""Refugee""]"
oh that cute you have taken up the shitty catchphrase of the subversive gop kike douglass mackey subversive traitors get the bullet first,1,24844856_gab,"[""Jewish""]"
not all women are femnazis i was explaining that jews consider themselves a different race,1,24845241_gab,"[""Jewish"", ""None"", ""Women""]"
what do you mean goes and buys their house not only predates the ghetto it was there before ghetto people came to exist why do you want white people to take a stand for their home but jews to flee theirs,0,24859128_gab,"[""Jewish"", ""None""]"
ben is a dumb kike but he sure is god at burning sjw faggots so he is a predictable winner for fag to fag confronts,0,24868909_gab,"[""Homosexual"", ""Jewish""]"
kikes want to flood countries with immigrants to destroy the economy so we will borrow more from jew banks and they will eventually become our masters,1,24886178_gab,"[""Jewish"", ""Refugee""]"
all jews using a computer are in incurring in appropiation of an invention of the whiteman all jews delete your accounts now,0,24925738_gab,"[""Caucasian"", ""Jewish""]"
<user> here is what must be done the media says look at the majority of trump voters they are white whites are a majority of the republican party jews are <number> of population yet look at fed scotus and media that is our best argument,0,2493550_gab,"[""Caucasian"", ""Jewish"", ""None""]"
yes it is the capitol on the smallest moon in the galaxy that orbits the largest planet owned by space muslims the universe is outraged the space jews appropriated this tiny muslim moon,0,24946336_gab,"[""Islam"", ""Jewish""]"
on the left jews putting a sad face for the pictures that they would publish around the world on the right the same jews celebrating that their enemies were killing each other and soon israel would be created without shedding a single drop of jewish blood,0,24959028_gab,"[""Jewish"", ""None""]"
the lord of the old testament is organized jewry theyve been doing what they are doing to europe and the usa since babylonian times for jews its been <number> years of perfecting infiltration and instigating division among their victims,1,24960086_gab,"[""Jewish""]"
lol you think some dumb sand nigger is gonna know the difference between whites and jews like ben shapiro when they are killing off the last whites,1,24960331_gab,"[""Arab"", ""Islam"", ""Jewish"", ""Men"", ""Women""]"
and with jews you lose right lots of jews around trump you need americans with a solid us ancestry around him each having several degrees of separation from any business or personal connections with jews guaranteed no shabbas,1,24963144_gab,"[""Jewish""]"
i fully support a race war to kill all kikes and niggers,1,24974079_gab,"[""African"", ""Jewish""]"
soldiersofodin in norway patrol the streets so that the muslim armies that jews finance dont rape the local women,1,24992109_gab,"[""Islam"", ""Jewish"", ""None""]"
if you can not handle a little swastika flag being waved at your rally you are not going to be able to tolerate a man shouting for the death of your enemies meanwhile punch a nazi kill all white people kill the boer,1,24997349_gab,"[""Jewish"", ""Men"", ""None"", ""Women""]"
hey kids pay us for making our enemies kill each other while we jews laughed in hotels summer camps disguised as concentration camps,1,24997471_gab,"[""Jewish"", ""Men"", ""Women""]"
yeah it would have been so much better to let the nazis kill all the jews and all niggers and all the catholics and all the mud people and all the,1,25030808_gab,"[""African"", ""Arab"", ""Christian"", ""Jewish"", ""Men"", ""Women""]"
the traitors that stand with israel and the jews are forcing the anglo saxons to kneel before allah,0,25056681_gab,"[""Arab"", ""Islam"", ""Jewish"", ""Other""]"
<user> ‍ anyone who believes the cia propaganda of the jew main stream media is a brainwashed retarded monkey all democrats are completely retarded no intelligence,1,25078735_gab,"[""Jewish"", ""Other""]"
it just going to make you alt kike faggots get even more milquetoast and moderate in the vain hope that if you fine tune your optics just right then the jews will leave you alone,1,25079212_gab,"[""Homosexual"", ""Jewish""]"
you must be brainwashed because it was the soviets and jews who won ww2 not the british or us,0,25199044_gab,"[""Caucasian"", ""Hispanic"", ""Jewish""]"
the final solution for the queers and the coons and the reds and the jews,1,25200192_gab,"[""African"", ""Homosexual"", ""Jewish"", ""None""]"
zog agents attacking islam let islam take down zog,0,25213655_gab,"[""Islam"", ""Jewish""]"
because you can not do not worry no one expected you to actually have an argument just feels and kikespeak do not worry i am sure the niggers and kikes will eat you last,1,25223112_gab,"[""African"", ""Jewish""]"
hey <user> will you need jews to figure out how to implement your retarded mars colonization plan,0,25246417_gab,"[""Jewish"", ""Other""]"
tfw you are actually retarded enough to believe the q larp or that anyone of any significance in government will actually be prosecuted by president zion sleepy jeff or their gop friends across the aisle,0,25258203_gab,"[""Jewish"", ""Other""]"
you cite a jew source as if jews having nothing to loose if they admit a deliberate attack on the uss liberty,0,25285915_gab,"[""Jewish""]"
jewish journolister here are the edgelords of the intellectual dark web lists a bunch of jews who retweet bill kristol tweets oy vey they are so dangerous right goy,1,25291435_gab,"[""Jewish""]"
most americans had no idea how corrupt until the lying muzrat traitor usurped the presidency,0,25301151_gab,"[""Islam"", ""Jewish"", ""None""]"
always fun to laugh at the niggers kikes faggots dykes and other low lifes they deserve what they get,1,25303274_gab,"[""African"", ""Homosexual"", ""Jewish""]"
all it does is boomerpost while pretending to be a slav and screeches anytime anyone says anything about jews like anyone other than a boomer would be retarded enough to believe slavs do not know their own 2 0 th century history at the hands of the chosenites,0,25330302_gab,"[""Jewish"", ""None""]"
if every white man who cares about the survival of our race killed as many niggers and kikes as they could before getting arrested or killed the problem would be solved in no time this is what they fear more than anything,1,25356728_gab,"[""African"", ""Caucasian"", ""Hispanic"", ""Jewish""]"
all jews world wide are about to have everyone in proximity attacking them,0,25358912_gab,"[""Jewish"", ""Other""]"
the handmaid tale is a jewish litmus test to see how retarded women have become,1,25362980_gab,"[""Jewish"", ""Women""]"
it used to be associating with jews meant you had a good accountant or doctor and an extra dinner party to mark on the calendar now it means fbi raids bdsm perversion soiled potted plants and deep state coup attempts how the chosen have fallen,0,25401380_gab,"[""Jewish"", ""Other""]"
boo hope poor little sick nazi faggot is offended 😁 😁 😁 🖕 🏽,0,25403083_gab,"[""Homosexual"", ""Jewish""]"
keep up the fight we will expose the jidf and neocon shill faggots one by one,0,25416405_gab,"[""Homosexual"", ""Jewish""]"
what you nazi faggots keep telling me is you are about <number> gabs then you puss out run gump,0,25422397_gab,"[""Homosexual"", ""Jewish"", ""Men""]"
<user> good morning you lying kike piece of shit we know about you and your jew run nyc website how funny is it that the dailystorner is run from the same city the bolshevik revolution was run from these kikes really love that place <user> ‍ is coming motherfuckers,1,25446854_gab,"[""Jewish""]"
support israel antifa does support israel they did not do <number> <number> we promise support israel jews do not start wars goyim fight and die in support jews they do not flood europe with muzzies support jews they do not push homosexual perversion ever that ant semitic,1,25451740_gab,"[""Homosexual"", ""Islam"", ""Jewish""]"
u genetic jews will not b genociding white adults and our white babies for much longer that what i predict anyway u filthy kikes bruce kenneway,1,25460998_gab,"[""Caucasian"", ""Jewish""]"
and you are a typical kike using typical kike logic that shit do not fly no more hoss the goyim know,1,25463534_gab,"[""Jewish""]"
this seems like the seed of a great compromise we will slaughter the jews here you muslims and arabs slaughter the jews in the middle east get out of the us and europe and in exchange we will allow you to live in peace in a jew free middle east,1,25514474_gab,"[""Jewish""]"
that passage from the holy torah shows how preoccupied with feces and menstrual blood the jews are if there were nazis and poison gas canisters around back then they would be obsessing on those things as well,1,25555215_gab,"[""Jewish""]"
oh look a cuban canadian a holocaust liar and a casino magnate who funds the rnc and donald trump,0,25592740_gab,"[""Hispanic"", ""Jewish"", ""None"", ""Other""]"
you do not live in america nazi faggot but you vote the young nazi boy faggot parties tho,0,25593863_gab,"[""Caucasian"", ""Homosexual"", ""Jewish""]"
how many islam political ideology followers are also animal activists,0,25594374_gab,"[""Islam"", ""Jewish""]"
i am much higher time preference on this issue i do not want to pave a road i want to remove the jews from power to stop this deconstructionist anti white morass of misery they have forced on our communities,1,25598833_gab,"[""Caucasian"", ""Jewish"", ""None""]"
there is a total onslaught against white nations worldwide and israel is a old age retirement village for barbaric khazar kikes it has become a refugees state for pedophiles do not believe me truth fears no investigation,1,25606249_gab,"[""Jewish"", ""Men"", ""Refugee"", ""Women""]"
swimming pool in novaky concentration camp these jews can claim holocaust pensions,0,25615039_gab,"[""Jewish""]"
i did not know he was also a kike,0,25715427_gab,"[""Homosexual"", ""Jewish""]"
aryannation you have to stop this selfdetermination sovereignnation for all white homelands altright nukeisrael lawfirm lawschoolhooligan,0,25726798_gab,"[""Caucasian"", ""Jewish"", ""None""]"
i hit that pedo kike fag morris dees with a hotdog at the cincinatti protest some years back he was sneaking out the back basement door to the car garage after giving one of his bs lectures to the lemmings,0,25734296_gab,"[""Jewish"", ""Other""]"
hey fellow white man never trust the jews,1,25754066_gab,"[""Jewish""]"
degenerate jews hate white people jews,1,25777407_gab,"[""Caucasian"", ""Jewish""]"
while the blue checkmark brigade has a meltdown about calling illegal immigrants animals and says this actually describes every non white immigrant once again the left is better at racism than the far right let look at israel,0,25807463_gab,"[""Islam"", ""Jewish"", ""Refugee""]"
imagine a racialist tribe like the jews and their central hero is king of the aryans do you see how fucking stupid you are christian you dont but that why i am here to hold a mirror in front of your retarded face,0,25812392_gab,"[""Jewish"", ""Other""]"
roflmao i never said i thought you were kike only that the mud loving language you use is a kike lie can you read cunt i gave you pegged and your laborious effort to squirm out is quite evident,0,25820735_gab,"[""Jewish"", ""Women""]"
oy vey we have to help the minorities because they can not achieve anything especially if you know that native americans made peanut butter before jews brought blacks to the us einstein stole relativity from an italian,0,25831430_gab,"[""African"", ""Arab"", ""Asian"", ""Hispanic"", ""Jewish"", ""Men"", ""None"", ""Refugee"", ""Women""]"
converting jews to jesus doctrine is not the solution converting jews to mulch is solutions that solve from teamwhite,1,25833850_gab,"[""Jewish"", ""None""]"
kikes are from poland not only are you demoralized but you are retarded as well,1,25837971_gab,"[""Jewish""]"
once you realize those super gay shows like big bang theory have jews as the main cast they become funny for a completely different reason than they are intended to be they are funny because that how jew men look like faggot pussies,1,25849726_gab,"[""Homosexual"", ""Jewish""]"
who gives a fuck about the sand nigger palestinians if they wanted peace there would be peace if isreal wanted war the palestinians would be dead wake the fuck up berry,1,25856411_gab,"[""Arab"", ""Jewish""]"
hogg has to pay royalties to all the holocaust survivors every time he uses that term oy vey,0,25900609_gab,"[""Jewish""]"
good post however i do not think the term blame is technically not accurate enough or carries the correct nuance try something more like you will discover it is the fucking jews behind it every single time,0,25909905_gab,"[""Jewish"", ""None""]"
you are using a straw man here with your statement blame jews for everything that ails you which is lazy you should be able to debate the actual position not just the caricature of it,0,25953687_gab,"[""Jewish"", ""None""]"
islam is derived from judaism,0,25961552_gab,"[""Islam"", ""Jewish"", ""None""]"
my dna showed im <number> god aka white male you on other hand need to do dna check you seem to have mental issues and mental issues only in sand niggers yids and niggers so which are you rolf,1,26029046_gab,"[""African"", ""Arab"", ""Islam"", ""Jewish"", ""Other""]"
taking out iran only helps zionist jews and would create a larger refugee crisis,0,26029739_gab,"[""Jewish"", ""Men"", ""None"", ""Refugee"", ""Women""]"
nope disgusted muted keep your kike smut to yourself,1,26030631_gab,"[""Jewish"", ""Men"", ""Women""]"
you are an idiot slavery is not a big deal it was common for most of human history get over it lying about it in some retarded attempt to blame the jews is just stupid,1,26065100_gab,"[""African"", ""Jewish"", ""Men"", ""Women""]"
you have not a clue what your talking about neo your obviously a retarded neo con,0,26070980_gab,"[""Jewish"", ""Other""]"
and it the same retarded re muh joz who hate the removal of topics,0,26099353_gab,"[""Jewish"", ""None"", ""Other""]"
so you nazi faggots muslims vs israel the west good luck with that,0,26130297_gab,"[""Arab"", ""Caucasian"", ""Homosexual"", ""Islam"", ""Jewish""]"
honorary holocaust survivors these <number>,0,26134824_gab,"[""Jewish"", ""Men"", ""Women""]"
if my son or daughter ever turned out to be a pedophile an antifa or a gun grabber i would disown them instantly i do not ever want a wannabe kike or nigger for a son or daughter ever,1,26229247_gab,"[""African"", ""Jewish""]"
the sephardics never whitewashed themselves they are true brownie jew arabs,1,26284145_gab,"[""African"", ""Arab"", ""Jewish""]"
abortions for niggers jews arabs spics gooks should not be a right it should be a law white women should never have an abortion because it takes up valuable resources for people of colour if you are a white women and you have an abortion you should be labeled a racist <user> ‍,1,26289462_gab,"[""African"", ""Arab"", ""Asian"", ""Caucasian"", ""Hispanic"", ""Jewish"", ""Women""]"
when scrolling through uk newspaper headlines it becomes terribly obvious that uk is a cold hearted degenerate shithole it is no wonder that children are raped by muslim gangs for decades while most turn their backs,1,26308300_gab,"[""Arab"", ""Islam"", ""Jewish"", ""Other""]"
there fluoride in the water so i am not stupid because i am a lazy faggot i am stupid because jews made me this way and i can not fix it,0,26361552_gab,"[""Jewish"", ""None""]"
jews are born trouble makers,1,26371449_gab,"[""Jewish"", ""Men"", ""Women""]"
i read about this a while ago this is actually one of those retarded jews who is on a plane flying over some place that he is not allowed to breath the air fucking retard wrapped himself in a bag until past the airspace,0,26389816_gab,"[""Jewish"", ""Men"", ""None"", ""Other""]"
anyone whom jews deem useful in destroying white civilization is fully funded with no questions asked,0,26411011_gab,"[""Jewish"", ""Men"", ""Women""]"
the jews lie that today muddy faggoty murca was what the founders had in mind an anything goes lunatic asylum where individual license is the only thing that sacred nothing could be further from the truth we live in a kike creation,0,2642013_gab,"[""Homosexual"", ""Jewish""]"
well this gives more credence to the hypothesis that zionism is behind the muslim invasion to add strength and credence to zionsim and israel expansionism,0,26420865_gab,"[""Islam"", ""Jewish""]"
long story short whites are dying out because jews convinced us to kill ourselves to atone for the holocaust,1,26425867_gab,"[""Caucasian"", ""Jewish""]"
<user> if that makes me racist someone buy me a white pointed hat,0,2642968_gab,"[""Jewish"", ""None""]"
watched tommysotomayor on jewtube yet he is superb telling it about the sheboons and the chicongo tribes killing more of each other this weekend for sure watch chicongo news by monday night,1,26451280_gab,"[""African"", ""Jewish""]"
i am not disagreeing with your version but do not you think that backing off of jewz mudslimes looks awfully suspicious in light of what going on today i do,0,26461856_gab,"[""Islam"", ""Jewish"", ""None""]"
tommy robinson might do some good things when it comes to dealing with muslim rapists and child predators but his support of zionism and being a jew convert is cancerous anyone associated with him is a potential zionist shill imo,1,26470030_gab,"[""Islam"", ""Jewish""]"
i think we are past the negotiation phase it time to issue an ultimatum all sand niggers and kikes out of america or get executed an invader,1,26510414_gab,"[""Arab"", ""Islam"", ""Jewish"", ""Refugee""]"
arabs attacked israel lmao bitch are you retarded hahahahahahahaha how did arabs attack a country that did not exist lol and the jewish invasion of palestine that created israel wasn t an attack lmao,0,26526265_gab,"[""Arab"", ""Jewish"", ""Other""]"
can you possibly not be a retard and stop conflating jewish communist satanism with national socialism that is literally the opposite of all three of those things,1,26530400_gab,"[""Jewish"", ""None""]"
no no it every topic dude every topic that gets some traction here they come they are in every room spouting it the jews and the arabs then the blacks it what they came to do,0,26535249_gab,"[""African"", ""Arab"", ""Jewish"", ""Other""]"
the violence that the jews controlling the jewdiciary and the media are going to cause is going to be horrendous white countries are the centre of a fusion reactor right now we will not take this for much longer,0,26543490_gab,"[""Jewish"", ""Other""]"
normies do not like this holocaust topic though you go there and they will block you possibly do not delude yourselves thinking u have moved the window that much yet trump will disavow you in a heartbeat too if you are a prominent trump supporter and a reporter asks for a response,1,26548086_gab,"[""Jewish"", ""None"", ""Refugee""]"
as american courts determine raping a retarded <number> year old girl is not a crime they continue to argue that anyone with any form of mental disease should not have a gun meanwhile zionist hollywood is busy forming freedom rallys which are intended to tear down the constitution,0,26559678_gab,"[""Jewish"", ""Men"", ""Other"", ""Women""]"
arab refugees the jews are fucking arabs,1,26619153_gab,"[""Arab"", ""Jewish""]"
so the day that starbucks closed down so that they could reprogram train their employees to cater to shitskins where do you think the jews and their useful idiots went to get their daily brew or did they buy a k cup machine with a nintendo switch charging dock,0,26636662_gab,"[""African"", ""Arab"", ""Jewish"", ""None"", ""Other""]"
all things kike are foul we know this 🖕 🏻 ✡ ️,1,26643860_gab,"[""African"", ""Jewish"", ""None""]"
when jew judges jail for speech while letting white girls be raped learn from those who successfully resist jews,1,26646364_gab,"[""Jewish"", ""Women""]"
its about time blacks realised the <number> women who started blm were jew women jews will use you all destroy your families to keep jews on top,1,26743162_gab,"[""Jewish""]"
and the forced teaching of the holocaust to children in germany remember you are basically the descendant of a genocidal maniac little boy hate yourself,0,26767824_gab,"[""Jewish"", ""None"", ""Other""]"
kinda sad your life is over enjoy getting fucked in the ass by your precious jews faggot hahaha,1,26804838_gab,"[""Homosexual"", ""Jewish""]"
israel home of the jewish people arabs jordan u may know that israel was promised to the jewish people well b4 ur saviour came or any arab knew where israel was clue it is in the chumash pots melamed and ps u can call me sir,0,26816150_gab,"[""Arab"", ""Islam"", ""Jewish"", ""Men"", ""Women""]"
im not going to join that gay ass jew hate club ya fag now go find a kackrat and stroke it all better,1,26827207_gab,"[""Homosexual"", ""Jewish""]"
they are only <number> of the world population and trying to pretend that obama jarrett clintons do not love the muzzies more than the jews is just laughable but you keep laser focused on those jews ok someone has to stay behind,0,26835466_gab,"[""Arab"", ""Islam"", ""Jewish"", ""Men"", ""Women""]"
round up the jews,1,26842382_gab,"[""Jewish""]"
yes the jews did it,1,26852395_gab,"[""Jewish""]"
daily reminder that i hate niggers jews moslems but what i hate more than anything else are anti white white people,1,26860294_gab,"[""African"", ""Caucasian"", ""Islam"", ""Jewish""]"
pretends to have nothing to do with muslim mass migration,1,26867693_gab,"[""Islam"", ""Jewish"", ""None"", ""Refugee""]"
she says unironically as jews control most of the supreme court and laws most of congress all of hollywood media news all the banks all academia and are the most billionaires makes perfect sense,0,26884239_gab,"[""Jewish"", ""Men"", ""Women""]"
daily reminder that kikey was removed not because he was a trump shill but because he was a shit moderator who fucked over the board with a bo sponsored raid then went to sleep 8 chan,0,26931844_gab,"[""Jewish"", ""Other""]"
the white men cant keep their pants up they are screwing the blacks asians hispanics jews dont guide your sex dealings,0,26940714_gab,"[""African"", ""Arab"", ""Asian"", ""Caucasian"", ""Jewish""]"
lol we got another israel firsting faggot i bet you d like a kike rape your <number> year old daughter to prove you are not anti semitic would not you,1,26964751_gab,"[""Arab"", ""Homosexual"", ""Islam"", ""Jewish""]"
imagine actually thinking semites were more intelligent than whites or asians hahahahahaahahaha,1,26989362_gab,"[""Jewish""]"
the aut kike was always just a jewish controlled opposition scheme far right ultra nationalist dissident right white nationalist all better choices for a label national socialists definitely are not alt right theres a line between those who kvetch about purity spiraling support zionism faggotry civic nationalism and those who dont,1,26989966_gab,"[""Homosexual"", ""Jewish""]"
thanks jews how it started,0,27005298_gab,"[""Jewish""]"
do not vote for any candidate with a jew spic sand nigger or gook last name or one who is a nigger period,1,27008964_gab,"[""African"", ""Arab"", ""Hispanic"", ""Islam"", ""Jewish""]"
again none of your bullshit has changed anything if anything the jews are more powerful since you idiots started yapping <number> years back,0,27010048_gab,"[""Jewish""]"
lack of direction infighting we should shoot the niggers then the jews then moslems no we should shoot the jews then niggers than moslems no we should shoot the jews then wetbacks than moslems then nigs no we should shoot moslems then jews then nigs then wetbacks then moslem,1,27015423_gab,"[""African"", ""Islam"", ""Jewish""]"
americanthinker usually with excellent editorials and i especially like the comments section today a jew harped on and on about poor pitiful persecuted jews and how terrible anti semitism is what so damn special they should have their own word for alleged racism,0,27055799_gab,"[""Jewish""]"
you jews would not even need to drug that bitch up you would not even need to rape her lmwao,0,27070569_gab,"[""Jewish"", ""Other"", ""Women""]"
marvel or dc tried this with their superheroes created sjw feminazi characters and it was a complete bomb they canned the project it seems sjw feminazis did not purchase them anyone else with <number> <number> a brain would not touch them,0,27169037_gab,"[""Jewish"", ""Women""]"
german jewish girl <number> found raped and murdered by this muslim savage an extradition only when a jew victim is involved but none for the goys,1,27263842_gab,"[""Arab"", ""Islam"", ""Jewish""]"
the alt right are better organised to take down the agents of zog do you want a real holocaust jew club its coming we are sick of you un soros womens pay issues you mean shit the blade of justice is coming the knights of cydonia are coming,0,27341451_gab,"[""Jewish"", ""Other"", ""Women""]"
jews started terrorism murdering and bombing in jerusalem jews are fucking arabs,0,27352334_gab,"[""Arab"", ""Islam"", ""Jewish""]"
this is how much jews hate christians,0,27368390_gab,"[""Jewish""]"
i hate jews so fuckin much 😤,1,27385986_gab,"[""Jewish""]"
wherever trump goes there is love peace and happiness except for israel only jews would kill around <number> people in his presence,1,27386050_gab,"[""Arab"", ""Jewish""]"
all jews in senate there <number> who have dual citizenship it would be no whites or non jew in gov read protocols of the elders of zion,0,27387938_gab,"[""Jewish""]"
as for jews revenge is the only answer i blame modern christianity for this cuck mentality turn the other cheek must end the jews have flooded our countries with invaders to rape our daughters our people used to live for conquer and revenge its time to rekindle the fire <number>,1,27406915_gab,"[""Jewish"", ""None""]"
the only way shitlibs and kikes can believe this mandatory minimum sentences for whites is if they accept two false premises one that blacks are not innately more impulsively and stupidly violent than whites and two that blacks are not more depraved than whites in the perpetration of legally equivalent crimes,1,27417874_gab,"[""African"", ""Arab"", ""Asian"", ""Caucasian"", ""Homosexual"", ""Jewish""]"
feel free to place your blame on the democrats the reptilians illuminati obama homosexuals straight cis white male scum deepstate etc but if you mention that there a subversive tribe of chameleon vampires behind it all that going too far buddy chasingghosts internationalorganizedjewery,0,27425090_gab,"[""Homosexual"", ""Islam"", ""Jewish"", ""None""]"
jews are fucking liars architects of diversity and division,1,27438758_gab,"[""Jewish""]"
another sleepless night starting to research kirk douglas who began as of a family of poor jewish immigrants in a city near mine creepy personal life hidden forever shows internal moral longtime rot of hollywood,0,27439637_gab,"[""Jewish"", ""None"", ""Other""]"
i think i like gab for two reasons great memes and reading my husband argument threads i met and married this atheist but according to several nazi types i have married a jewish man does placing loads of exclamation points and random caps locking constitute better arguments 😂,0,27444536_gab,"[""Jewish"", ""None""]"
all these socialist wanna be jew hating punk sissy faggots here on gab can kiss my ass suck on that ya salad tossers,0,27453501_gab,"[""Caucasian"", ""Homosexual"", ""Jewish"", ""Other""]"
according to you what do you do to prove youre not a pussy name one thing you have done that is not pozzed in fact kike loving faggot,1,27463557_gab,"[""Homosexual"", ""Jewish"", ""Other"", ""Women""]"
winston was already an old hand at genociding whites at the behest of the jews to get out of personal debt by the time ww2 began he starved women and children in concentration camps deliberately during the second boer war in south africa,0,27476858_gab,"[""Jewish""]"
jews will holocaust one of their own if its good for the jews bye bye jew tommy,1,27478936_gab,"[""Jewish""]"
recognising jerusalem as israels capital and relocating the arabs to jordan is not pro israel it is fact and truth,0,27511340_gab,"[""Jewish"", ""Men"", ""None"", ""Women""]"
burn all the gays burn all non whites i am living for giving these niggers their due im burnin im burnin im burnin a jew hitlerwasright,1,27535667_gab,"[""African"", ""Arab"", ""Asian"", ""Hispanic"", ""Homosexual"", ""Jewish"", ""Men"", ""Refugee"", ""Women""]"
you are a shill whoever you are mamzer boy you are on our list now i am guessing either some retarded americuck boomer or some jidf hasbara kike either way you are an enemy of the white race <number>,1,27551077_gab,"[""Jewish"", ""None"", ""Other"", ""Refugee""]"
dude financing and literally taking all their gold teeth and confiscating all their bank funds is not the same thing ok how about you research jews scheming for <number> fucking years kicked out of <number> countries <number> times for being around the corner yeah,1,27552650_gab,"[""Jewish"", ""Men"", ""Women""]"
the jews were solely responsible for selling slaves and starting the entire slave trade as a business they made white people depend on slaves then the jews also freed the slaves and unleashed them on white people afterwards,1,27557490_gab,"[""African"", ""Jewish""]"
so is it ok for us to protest jews in those positions in our countries as well chill the personal attacks i am better than you at those and i have not even used one yet it a debate,0,27559578_gab,"[""Jewish"", ""None""]"
in other words this guy hates white people if he white himself then he a traitorous shabbos goy doing the bidding of his jewish masters fbi has always been an enforcer arm of the kikes jfk <user>,1,27582710_gab,"[""Caucasian"", ""Jewish""]"
naw i d rather shoot you in the open nazi fag howdidyousayyouwouldstopmefaggot lol maga presidenttrump <user> ‍ aka greatautist,1,27587484_gab,"[""Homosexual"", ""Jewish"", ""Men""]"
his momma a jew bitch,0,27603045_gab,"[""Jewish"", ""Women""]"
yeah bro the globalists hate the jews that why they bend over backwards to persecute anyone who criticizes the jews because the jews are the real victims of globalism now this is pilpul,0,27604258_gab,"[""Jewish""]"
gang rape tommy fuck jews streetshitter420 maga gab gab torba gtkrwn turkroach fuckbees gabcoin qlarp trusttheplan,1,27623811_gab,"[""Jewish""]"
how did these jews make such an accurate representation of the pro white movement it just like us,0,27670128_gab,"[""Caucasian"", ""Jewish""]"
verizon owned by the fucking jews,1,27679978_gab,"[""Islam"", ""Jewish""]"
hey i can say racial slurs on here nigger kike spic wop coon heeb sandnigger jew faggot homo your mom,1,27710845_gab,"[""African"", ""Arab"", ""Hispanic"", ""Homosexual"", ""Islam"", ""Jewish"", ""Men""]"
i bet overtly was invented by jews 🖕 😡 🖕,0,27792370_gab,"[""Jewish""]"
u refer bto the jews of course for they are asians,0,27822128_gab,"[""Asian"", ""Jewish"", ""None"", ""Other""]"
jews attacking peaceful christian countries using inbred thick muslims as a weapon jews have learnt nothing from the holocaust and german jews even less,0,27823607_gab,"[""Islam"", ""Jewish""]"
yes it is not all about jews lots of heads on the hydra but were there gassings at awwshitz does america get dragged into serving israel,1,27824106_gab,"[""Jewish""]"
i hate arabs jews are arabs hebrew is fucking arabic we know,1,27833161_gab,"[""Arab"", ""Jewish""]"
curanis are nigger jews,1,27848788_gab,"[""African"", ""Jewish""]"
free ursula f the kike puppet europe should pay all their refugees to leave for uk,0,27855225_gab,"[""Jewish"", ""Refugee""]"
bare in mind there are only <number> million jews in the world give or take and billions of other people of all religions when the day comes you <number> million will be mincemeat this time not fertilizer,1,27877538_gab,"[""Jewish""]"
trump faces what fathers fear his daughter marrying a nigger but this isworse the cunt married a sandnigger jew,1,27892666_gab,"[""African"", ""Arab"", ""Jewish"", ""Women""]"
nobody who knows jews likes jews even jews hate jews,1,27902074_gab,"[""Jewish""]"
and you a nightshade kike sand nigger,1,27956507_gab,"[""African"", ""Arab"", ""Asian"", ""Islam"", ""Jewish""]"
chettoes u mean ghettos the places the kike gathered to subvert christianity,0,27962295_gab,"[""Christian"", ""Jewish""]"
haha remember when that bitch nigger <user> was crying for a way to censor replies to him little pet monkey of a kike,1,27999430_gab,"[""African"", ""Jewish"", ""Women""]"
funfact genghis khan killed more people than the holocaust did,0,287620657783656449_twitter,"[""Jewish"", ""Other""]"
<user> maybe you meant muslims because arab is not a religion it an ethnicity before zionist colonization a century ago you had jewish arabs in palestine but muslims were about <number> of the population it means that most israeli jewish immigrated muslims were chased,0,2977535_gab,"[""Arab"", ""Islam"", ""Jewish""]"
let lobby trump to refuse to allow jews to put a menorah on our white house lawn should we start a petition,1,2996378_gab,"[""Jewish""]"
so if jews are smarter than the average bear i guess their kryptonite is trains then or something hellnoitdidnthappenduh,1,3041452_gab,"[""Islam"", ""Jewish"", ""Other""]"
it started with dank memes until normies realized these memes are not just dank but true now they got some genuine kike hating nazis on there hands <number> <number> rahowa speakfreely gabfam,0,3053837_gab,"[""Jewish"", ""Other""]"
<user> and this is why zionist hate him and want to destroy russia they kicked out the big banks owned by kenite jews russia is literally the last vestige of white values left in the world,0,3160792_gab,"[""Jewish"", ""None""]"
<user> fucking kyke how is djt ruining the us when he is waiting for the lame duck negro who accomplished zero to go back to the ghetto,1,3187658_gab,"[""African"", ""Jewish""]"
my moms friend says i should b more kind <number> the filthy jews so im gonna start calling them grimey jews since im filled with christ love on the christmas holiday even tho the fucking jews murdered jesus who was white,1,3243172_gab,"[""Christian"", ""Jewish""]"
<user> the holocaust happened alright it was during the holocaust when ole george soros sold his soul to lucifer,0,3249755_gab,"[""Jewish"", ""Men"", ""Women""]"
<user> putin makes a great point if the refugees were really just seeking shelter however one of the goals of islam is to rule the world the refugee crisis was created intentionally and is nothing more than a form of jihad putin understands this and knows obama supports it speakfreely,0,3315800_gab,"[""Islam"", ""Jewish"", ""Other"", ""Refugee""]"
<user> because i criticize the role jews are playing in society this is literally some of the most cucked stuff i have heard are you also critical of asians for their work ethic or mediterraneans for their fiery tempers such an immature grouping,0,3339603_gab,"[""Asian"", ""Jewish""]"
how many jews does it take to change a light bulb in a shower block none they are not falling for that one again,0,3447986_gab,"[""Jewish""]"
<user> go back to israel with your sand nigger wife and mutt child,1,3449511_gab,"[""Arab"", ""Islam"", ""Jewish"", ""Refugee""]"
maga supremacy is wrong whether its globalist jewish supremacy or white supremacy it antichristian and thus born to fail evil always ends up losing to the good side,0,3481859_gab,"[""Christian"", ""Hispanic"", ""Jewish""]"
<user> apparently not so obvious to some esp the homosexual jewish media that wants women to look like boys and people who think that is traditional rather than feminist,1,3533868_gab,"[""Homosexual"", ""Jewish"", ""Women""]"
<user> jews have their own country they should stop meddling and trying to flood our nations with immigrants,1,3581881_gab,"[""Jewish""]"
arablies so it is ok for arabs to colonise but the jews cannot have israel a bees dick in comparison to what arabs have,0,3680293_gab,"[""Arab"", ""Jewish""]"
dad why are there no jews on jupiter because its a gas planet son,1,3787656_gab,"[""Jewish""]"
white nations for white people want a future deport jews with the arabs,1,3878555_gab,"[""Arab"", ""Caucasian"", ""Jewish""]"
<user> devildog put both on to a spectrum the number of radical muslims that support carrying out jihad is big the number of radical jews that support and employ the talmud is small in comparison yet their leverage in media financing academia and politics is revealing bad influence on both,0,3885608_gab,"[""Arab"", ""Islam"", ""Jewish"", ""None""]"
<user> not good good vs bad more like they both suck choosing sides is what the zionist and the arabs like i could care less if they kill each other nobloodforisrael we have our own problems our gov is commitiing high treason while being tyrannical,1,4004699_gab,"[""Arab"", ""Islam"", ""Jewish"", ""None""]"
i hate when the negative attitudes of ragheads toward kikes faggots are used as an excuse by white advocates of border enforcement to lamely try to gain the support those bastards,1,4009897_gab,"[""Arab"", ""Homosexual"", ""Islam"", ""Jewish""]"
<user> fedgov is not legal and the non whites are certainly voting massively left it in large part the jew wish for white death why are you lying,0,4013512_gab,"[""Caucasian"", ""Jewish"", ""Other""]"
<user> you do not consider anything presented to you as evidence let alone irrefutable evidence you just continue to diagree you shifted this argument from the jews pushing the muslims in to the holocaust to af diary you can not win so you shift are you black or a woman,0,4025504_gab,"[""African"", ""Islam"", ""Jewish"", ""Women""]"
<user> while jewish involvement is undeniable muslims are the ones who are actually raping and murdering across europe do not get me wrong oven the jews too but my hatred of muslims will always be greater and more personal,0,4051462_gab,"[""Arab"", ""Islam"", ""Jewish"", ""Men"", ""Refugee"", ""Women""]"
jews are white sandniggers,1,4057435_gab,"[""Arab"", ""Islam"", ""Jewish""]"
<user> i got the same vibe i think it is a troll although it does troll the jews pretty well so that is funny ones like lodi or vicnity girl get pissed it trolls everyone i think maybe like a milo or something,0,4079032_gab,"[""Jewish""]"
<user> welcome to the club i posted about pizzagate holocaust myth truth to earn acct lock i will not retract one word so it stays locked forever until twitter is dead,0,4088371_gab,"[""Jewish"", ""None"", ""Other""]"
<user> one of who the diaper wearing idf they are pussies that why they never help in the wars jews goad us into,0,4279210_gab,"[""Jewish"", ""None"", ""Women""]"
<user> it already happened the jews would kill the arabs and build something like israel it silly to believe that jews can not build a civilization independently whatever their parasitical traits relative to whites they are not worse than east asians who build civilizations just fine,1,4305867_gab,"[""Asian"", ""Islam"", ""Jewish""]"
fukn jews amirite,0,4326564_gab,"[""Caucasian"", ""Heterosexual"", ""Homosexual"", ""Jewish"", ""Men"", ""None"", ""Women""]"
imgur could be turned right wing site easily if not for the mods they mostly ok with sexist stuff and anti muslim stuff the site just have a group of sjws that report everything and kike mods that delete stuff,1,4334117_gab,"[""Jewish"", ""None""]"
racism was invented by communist jews the term the concept those same communist jews murdered tens of millions of racists yet whites run around scared of being called racist resolved whites are a race of cowards that is what the evidence says,1,4336941_gab,"[""Caucasian"", ""Jewish"", ""Refugee""]"
an interesting study could be made of the difference between jews who are more or less professional leftists and whiteskin leftists particularly in their mentation over time my theory is whiteskins are less able to handle lying as permanent mo than jews,1,4376210_gab,"[""Caucasian"", ""Jewish""]"
u notice people like <user> are not too eager at exploring or talk abt the jewish and israeli connections the evidence for which there is plenty dancing israelis truck bomb jews urban moving systems jews suter wtc lease ring jews gelatine art students etc etc just arabs arabs arabs,1,4480442_gab,"[""Arab"", ""Hindu"", ""Jewish""]"
photos from hamas kindergarten graduation hate and incitement against jews arabterror gabfam terror the first victims of palestinian violence are palestinian children,0,4503689_gab,"[""Arab"", ""Jewish""]"
imagine if someone wrote a <number> page racial history of jews white interactions in europe and casually noticed that millions of jews had been baptized and became faithful productive citizens that reversed is what i hold e michael jones has done teamwhite,1,4545816_gab,"[""Caucasian"", ""Jewish"", ""None""]"
my respect for israel will go up immensely if they started calling out their co religionists who have been pushing the muslims onto us their neoconservatives masquerading as republicans that destabilized those countries and their liberals who said we needed to take the refugees in as victims,0,4591732_gab,"[""Arab"", ""Islam"", ""Jewish"", ""Refugee""]"
i am feeling sorry for all the moslem refugees let have a sponsorship program each refugee family gets assigned to a family of liberals preferably new york jews and lives with them exclusively for ten years and learns american jewish culture then they continue doing that forever,1,4598856_gab,"[""Islam"", ""Jewish"", ""Refugee""]"
she has yid and sandnigger blood irl she is quite manic overcompensating perhaps her first impacts with the wall are leaving her dazed and yiddy,0,4622589_gab,"[""Arab"", ""Islam"", ""Jewish""]"
if you are rioting against a gay jew and his followers does that make you a homophobic nazi miloatcal maga,1,4735062_gab,"[""Homosexual"", ""Jewish"", ""None""]"
my grammar nazi mate has recently become a born again christian now all he talks about is jesus and his twelve apostrophes,0,4746287_gab,"[""Christian"", ""Jewish"", ""Other""]"
european history of <number> years speaks with one voice exterminate the jews before they exterminate you whitegenocide,1,4751131_gab,"[""Caucasian"", ""Jewish""]"
there once was a fellow named mike whose podcast was easy to like he offered respect and praises to kek but hid that he d married a kike,1,4816164_gab,"[""Jewish"", ""Men"", ""None"", ""Women""]"
it is already here the theory of germs and practice of cleaning one hands is unknown if not disdained among kikes muzzies niggers and muds,1,4819275_gab,"[""African"", ""Hispanic"", ""Islam"", ""Jewish""]"
dear germany the holocaust was a hoax war propaganda meant to demonize germany jewish communist had been ethnically cleansing the native german people you fought back and lost you are still being ethnically cleansed by the jews replaced with muslims holohoax savegermany stopwhitegenocide,0,4863900_gab,"[""Arab"", ""Caucasian"", ""Islam"", ""Jewish""]"
yes and the borders are outlined for the jews to inhabit the rest is colonised by arabs israel the only country to have its borders spelt to in the bible,0,4866547_gab,"[""Arab"", ""Jewish"", ""None""]"
i retrospect it pretty obvious to see that obama is pro muslim if not a muslim himself he stabbed israel in the back tried to give millions to the palestinians and literally gave iran pallets full of money to help them further there nuclear and missile program,0,4880030_gab,"[""Arab"", ""Islam"", ""Jewish"", ""Men"", ""Women""]"
the stupid raghead bastards announce it would only take <number> minutes to destroy tel aviv maybe so and only <number> minutes more to turn iran into a nuclear wasteland,0,4890978_gab,"[""Arab"", ""Islam"", ""Jewish"", ""Other""]"
i do not lose temper when calling niggers niggers other than that do you really think nigger chimpouts in the us achieved anything every gains niggers reached in the us jews gave them niggers were never more than annoying subhumans merely tolerated at the whites mercy,1,5017270_gab,"[""African"", ""Jewish""]"
religion <number> down ay and in it place a blend of identitarianism and nationalism lets make it happen the jews though they have got communism and fuck white people upism,0,5066144_gab,"[""Caucasian"", ""Jewish""]"
extreme shitlib swpls are the best argument against the simplified wn thesis that everything would be fine if the brown people and jews were gone i wish it was that simple,1,5085456_gab,"[""African"", ""Arab"", ""Asian"", ""Jewish"", ""Refugee""]"
me too but i still dis like jews and rather not have them follow me,1,5300362_gab,"[""Jewish"", ""None""]"
the nazis were not a western phenomenon they were a reality based collective response to the recognition the jews were attacking us as a team and planned for all our nations the murderous misery they first accomplished in the ussr,1,5305334_gab,"[""Jewish"", ""None""]"
low fi whiteskins worry about jew milo while he tells them white nationalism is wrong and bad and avoid it what is wrong with you whitesies people you have a red rubber ball on your nose and your brains are tough as steamed tilapia,1,5413326_gab,"[""Caucasian"", ""Jewish"", ""Men"", ""Women""]"
yes hitler inself ordered to not kill jews at the kristallnacht everything have a reason we must accept it and look forward,0,5486117_gab,"[""Jewish"", ""Other""]"
most left wing jews hate israel which you well know most left wing jews are communist not zionist you are an idiot a disgrace to the white race,1,5526064_gab,"[""Caucasian"", ""Jewish""]"
i find it funny that bill king cuck mitchell just called for a jew and a mestizo having a child to launch a new race of retarded leftists <laugh>,1,5600874_gab,"[""Hispanic"", ""Jewish"", ""None""]"
it getting kinda obvious that the jews are behind the fake hate crimes they should have done like <number> or <number> it would have ben more believable,0,5644152_gab,"[""Jewish"", ""None""]"
even the best of the goyim slur for non jews hebrew word for cattle should all be killed the jew talmud if you rail against the raghead koran but remain silent about the kikes holy filth you are just a jewtool,1,5647514_gab,"[""Arab"", ""Islam"", ""Jewish""]"
white supremacists and nazi larpers should be very concerned with jewish infiltration and agitation,1,5652188_gab,"[""Jewish""]"
getting better paying jobs for them kk original issue keep the ghetto down and they did not stand when trump talked about better schools shall i go on,0,5686724_gab,"[""African"", ""Jewish"", ""Men"", ""None"", ""Women""]"
so here something i have had a hunch about so i have yet to really look into in their plan after white have been all but extinct seeing as they d be the last civilized group left they d go after the asians next,1,5817512_gab,"[""Asian"", ""Caucasian"", ""Jewish"", ""Refugee""]"
mgtow guy we are not women haters we are women understanders hmm interesting might work for jews just as sobran counter semite does leave out the we are not of course i am not i am weak any contruction,1,5838248_gab,"[""Jewish"", ""Men"", ""Women""]"
i would say its the jews but well it is sorta its not that simple,0,5843501_gab,"[""Jewish"", ""Men"", ""Women""]"
i dissent the pact between jews muslims to rig the towers with thermite while promising the arabs the usa in return the jew world order,0,5857792_gab,"[""Arab"", ""Islam"", ""Jewish""]"
the redskins is trending is there us teams also called the niggers spics kikes bitches or faggots asking for a friend,1,593941188077584385_twitter,"[""African"", ""Hispanic"", ""Homosexual"", ""Islam"", ""Jewish"", ""Women""]"
germans meaning jews gypsies and refugees probably i am fine with that,0,5957988_gab,"[""Jewish"", ""Refugee""]"
here is the thing you can love or hate whoever you like they certainly do not all jews are bad not all whites are good but there is definitely an agenda that i see,0,5992144_gab,"[""Caucasian"", ""Jewish"", ""None""]"
the ridiculous part of the race mixing ads is the people making them would never date outside their race unless it is a jewish guy mail ordering a wife from china there more race mixing in the ghetto than in prog ville,1,6025349_gab,"[""African"", ""Asian"", ""Jewish""]"
whatever crypto infiltrator u are yeah but ur pro zionist are not u definition of jew believes in and pushes holocaust hoax as well as pushes <number> <number> was done by arabs story,1,6070354_gab,"[""Jewish""]"
we must secure the existence of our people and a future for white people altright hdnw jewfreeamerica,1,6088153_gab,"[""African"", ""Arab"", ""Asian"", ""Hispanic"", ""Jewish"", ""None""]"
do not lower alt white credibility by saying the holocaust never happened instead say the holocaust was hugely exaggerated defensive and unimportant next to the marxist genocide of white christians lots of jews definitely starved in the camps when germany was on tight rations,1,6088348_gab,"[""Caucasian"", ""Christian"", ""Jewish""]"
so true the music i posted tonight is mostly pro white and non jewish maybe zombie is some what not it was released by a jewish owned studio but it is not full of degenerate crap like most,0,6095990_gab,"[""Caucasian"", ""Jewish"", ""None""]"
new followers uhm hi look if you hate liberals lgbt muslim people jewish people millennials or whatever then kindly fuck off i suppose i cant make you but you are gonna want to unfollow anyway after i start posting if not then yo have a nice day i guess,0,6156507_gab,"[""Homosexual"", ""Islam"", ""Jewish"", ""Men"", ""None"", ""Women""]"
the history of how copper wire was invented in six words two jews fighting over a penny,0,6178631_gab,"[""Jewish""]"
no asians no jews the university will decline faster than rat up a drainpipe,1,6180233_gab,"[""Asian"", ""Jewish""]"
always anti semites why they love the arabs like all governments oil but not for long,0,6294284_gab,"[""Arab"", ""Islam"", ""Jewish""]"
jews were transported en masses during the holocaust using trains that was the joke am i being trolled it late,0,6340486_gab,"[""Jewish""]"
saudi arabia is about <number> afro arab these are the original african arabs who were out of african migrants from the earliest days of human kind into arabia and stayed there and are indeed a black people saracens original arabs original berbers and semites are dark african peoples you know this,0,6413240_gab,"[""African"", ""Arab"", ""Jewish""]"
the reason jews shitlibs faggots hate attack christians while defending muslims is because they know the christians will never fight back while the sand niggers will throw their skinny jeaned asses off roofs cut their fucking knit capped heads off,1,6453946_gab,"[""African"", ""Arab"", ""Homosexual"", ""Islam"", ""Jewish"", ""Other""]"
the jews are gearing up to help usher in democrats in <number> twitter facebook msm google youtube all upping their censorships of the right pro whites,0,6465683_gab,"[""Jewish""]"
nancy pelosi speech at the aipac was bizarre on the other hand slavery is only appropriate for slaves when oppressed themselves the jews never gave in they never caved admirable truly a quality of born masters whites on the other hand only seem to thrive when on their knees,1,6549404_gab,"[""Caucasian"", ""Jewish""]"
netanyahu and putin hold a meeting after israel invaded syria netanyahu let me kill all the arabs putin no,0,6580392_gab,"[""Arab"", ""Jewish"", ""None""]"
the antichrist whom since last week is known to be netanyahu wants trump putin to let him kill all the christian arabs remaning n syria while all the muslim terrorists are now living in europe next israel will order politicians to send them all usa jobs,0,6581617_gab,"[""Islam"", ""Jewish"", ""Men"", ""Women""]"
u can be a sand nigger and a kike lol u do not know what either of those terms mean apparently,1,6650010_gab,"[""Arab"", ""Islam"", ""Jewish""]"
more arabs have perished fighting among themselves than those in the war with israel and still goes on,0,6824264_gab,"[""Arab"", ""Islam"", ""Jewish""]"
one rifleman one vote american one bitch one vote communist if your ballot is not backed by your bullet then it just cheap virtue signaling and we all know where that leads the gulag the ghetto and the grave,1,6914852_gab,"[""African"", ""Islam"", ""Jewish"", ""None"", ""Other"", ""Women""]"
the dam vile jews want a greater israel which includes all of the middle east they will ship all the towel heads to europe and usa we need to blow up israel,1,6936098_gab,"[""Arab"", ""Islam"", ""Jewish""]"
i had to remove a pro war for israel reposter from my feed it was getting ridiculous all the nonsense that was being reposted these people are not retarded of course they are paid to post propaganda for the military industrial complex using sock puppet accounts or they are just jews,0,6951192_gab,"[""Jewish"", ""Men"", ""Other"", ""Women""]"
i love when jews say how they really feel,0,6978106_gab,"[""Jewish""]"
gypsies are not desperate though they are scum everywhere they go they rob and cheat and scam until they have to leave they are like jews if matzo balls had lead in them,1,7067204_gab,"[""Jewish"", ""Other""]"
jews bring muslims to kill americans and they still want them to support their war effort to turn russia communist again,1,7068723_gab,"[""Arab"", ""Islam"", ""Jewish""]"
trying to understand why azerbaijan is muslim why white aryan men turned to muslim when muslim is a sand nigger invention with the help of jews aryan men get their racial name from the mountains of caucuses hence caucasian people,0,7131848_gab,"[""African"", ""Caucasian"", ""Islam"", ""Jewish""]"
tell that to the blacks jews muzzeez and la raza who are trying to kill us tell it ti the asians who are proud to be asian,1,7174173_gab,"[""African"", ""Asian"", ""Hispanic"", ""Islam"", ""Jewish""]"
please can you enlighten me as to why chabad jews think they are superior are we all not gods children <number> is a very important number yes its not just your religious number i would welcome conversation with you to try and understand your attitude towards goyem life,0,7247063_gab,"[""Jewish""]"
jews are not complicated they make it seem that way azikanzi bullshit my ass that made up shit all it is is jew tube tv dna has been done some jews married into white culture in the caucuses mountains we r called caucasians for a reason,1,7387686_gab,"[""Caucasian"", ""Indigenous"", ""Jewish"", ""Refugee""]"
i am interested in establishing an all white nation no jews no blacks no wetbacks no asians,1,7408130_gab,"[""African"", ""Asian"", ""Hispanic"", ""Jewish"", ""None"", ""Refugee""]"
it was most certainly high even for secular jews during the ellis island days but i think the percentage of jews relative to their population that use welfare is higher than say asians or white catholics not sure though,0,7460514_gab,"[""Asian"", ""Caucasian"", ""Christian"", ""Jewish"", ""Refugee""]"
i live there we do not want people jaunting over to vote and make us the same kind of hellhole they came from especially not if soros the nazi jewhunter is involved,0,7481526_gab,"[""Jewish"", ""None""]"
really had to bite my tongue tonight at my bible study we are going over the readings and gospel for sunday and i am just like let me tell you bout them jews mane dual covenant is a lie and philosemites need to be stopped,0,7538981_gab,"[""Jewish""]"
oy vey the shoah blue bloods last night had a white guy doing polar bear hunting knockout game of elderly at least he wasn t blond this time like hawaii <number> <number> did with last nights innocent moslem framed for terror,0,7543907_gab,"[""Islam"", ""Jewish""]"
he would have been wise enough to know them by their fruits just like the inquisition had no power over the jews who fled spain without their ill gotten gains from selling white x tian slaves to moslems only jews who pretended to be rich x tians,0,7544080_gab,"[""Islam"", ""Jewish"", ""Men"", ""Women""]"
i wonder if this pos judge has ever ordered a muslim to learn about christian faith for <number> mos at a christian church,0,7573904_gab,"[""Buddhism"", ""Christian"", ""Islam"", ""Jewish"", ""Other""]"
this is now the case in every country run by liberals the islamic soros state is a nonstop isis cancer funding for a guaranteed liberal dictatorship that willnever leave and switch the population to immigrants and kill off the native people history religions cultures economies and futuregenerations,0,7577640_gab,"[""Arab"", ""Islam"", ""Jewish"", ""None"", ""Refugee""]"
keep fighting in the me the billionaires and jews need more money keep bringing in millions of invaders and give them our money keep fucking over vets vote them all out of office the gov is our enemy,1,7578173_gab,"[""Jewish"", ""None"", ""Refugee""]"
can you believe that some christians advocate violence against pharisees it just awful the way they persecute the peace loving frothing at the mouth mob still screaming crucify him after <number> years how are they supposed to purge the ussa like the ussr at this rate oy vey,1,7592411_gab,"[""Caucasian"", ""Christian"", ""Jewish""]"
this fuckin asshat tried to hook me last night with his flat earth jews holocaust commie nonsense i told him what i thought of him and muted his stupid ass fuck flatearth dipshits,1,7604214_gab,"[""Jewish"", ""Men"", ""Women""]"
a clan of sand niggers attack a police station and the god damned jewdge will not issue a warrant weaklings race traitors,1,7747897_gab,"[""African"", ""Arab"", ""Islam"", ""Jewish""]"
that germans are to blame for the bloodshed of ww2 is the fabric of the matrix if you break that you find a parallel universe free of jews,1,7756856_gab,"[""Jewish""]"
dear sir the jews are bussing the muslims to the west without their planning operating this operation there was no muslim invation,0,7757039_gab,"[""Islam"", ""Jewish"", ""Refugee""]"
memo to globalists you should really do some research about the impeachment process type impeach the president into a search engine and pay particular attention to the first step addendum do you clowns ever wonder why the world is laughing at your retarded ass,0,7865163_gab,"[""Jewish"", ""Men"", ""Other"", ""Women""]"
i am sick and fucking tired of the twitter jews they protect muslim terrorist after <number> tweets with a sandnigger bragging about people dieing i am banned for 2 4 hr for possible abusive behavior and the sandnigger tweets on its liberal jew commie bullshit over at twitter,1,8067816_gab,"[""Arab"", ""Islam"", ""Jewish"", ""Other""]"
guess the jews thought that it was the name fox that made people tune in,0,8147767_gab,"[""Jewish""]"
you cant blame jews for everything that where you wrong kiddo,0,8173716_gab,"[""Jewish"", ""None""]"
so the jews who own trump are getting trump to sell our nation to the arabs and we will pay a dhimmi tax to travel in our own nation sharia law step by step,1,8188812_gab,"[""Arab"", ""Islam"", ""Jewish""]"
daily reminder that with the jews you lose do not believe me just ask jesus,1,8264516_gab,"[""Jewish"", ""None""]"
mr president if police cant find militants of isis look for them at jewish households jews are the leaders of the movement <user>,0,8265665_gab,"[""Jewish"", ""None""]"
kike was a term german jews used on eastern european jews that flooded in from russia and poland during the vicious pogroms of the late 1 9 th century when many german jews fled the third reich they brought the term here the origin of goat fucker is obvious,1,8280174_gab,"[""Islam"", ""Jewish"", ""Other"", ""Refugee""]"
dear terrorist brothers the quick brown moslem jumped over the lazy jew sincerely habib akhmed londonistan,1,8284713_gab,"[""Islam"", ""Jewish"", ""Other""]"
the next white man are sympathetic logical black men since jews are already in,1,8408673_gab,"[""African"", ""Caucasian"", ""Jewish""]"
meh more likely it the digital version of rent seeking racist kike slumlords son do not rent to white men white men insist that the plumbing works and do not rent to your brother he deserves better than a ghetto,1,8413358_gab,"[""African"", ""Jewish""]"
how many more attacks from these filthy subhuman shitskin moslems is it going to take before you rise up removekebab and expel the jews who enable this insanity londonbridge ramadanbombathon,1,8435905_gab,"[""Arab"", ""Islam"", ""Jewish"", ""Refugee""]"
the phrase assad uses chemicals weapons is code for israel wants a final solution implemented on the arabs,0,8475308_gab,"[""Arab"", ""Islam"", ""Jewish"", ""Men"", ""Women""]"
recently arrested antifa protestor tweets about things he knows best which nazis are using violence to oppress others they disagree with george soros antifa the true fascist nazis georgesoros globalistagenda criminalelite createdisclosure,0,8575182_gab,"[""Jewish"", ""None"", ""Other""]"
the kikes commies who have usurped the jewk the rest of western europe have opened the gates to millions of sand niggers africoons who are predictably raping murdering whites and they arrest any whites who protest they must be killed simple as that,1,8575674_gab,"[""African"", ""Arab"", ""Islam"", ""Jewish""]"
dear german cousins i hear you are under attack from false guilt muslim scum heavy censorship i cannot speak for you but from australia fuck merkel,1,8587442_gab,"[""Arab"", ""Islam"", ""Jewish""]"
the arabs started calling themselves palestinians in the late 4 0 5 0 it no more than a hoax i think you are misinformed either your zionist church or other zionist propaganda has fed this to you,0,8717727_gab,"[""Jewish"", ""None"", ""Other""]"
do you suspect that blame the jews for everything means they are a jesuit front,0,8736876_gab,"[""Jewish"", ""None"", ""Other""]"
yet another life saving development coming out of what muslim terrorists and arab land thieves claim is jewish occupied palestine,0,9094154_gab,"[""Arab"", ""Islam"", ""Jewish""]"
i felt pretty bad when the norks murdered a white guy on trumped up charges but now i realize they killed a jew this means war america was always founded on protecting our precious jews also gays,1,9149273_gab,"[""Homosexual"", ""Jewish"", ""None""]"
america has slowly begun to acknowledge yeah only after decades of kike brainwashing they always leave that essential element unmentioned,1,9199297_gab,"[""Jewish""]"
looking like jews have a new plan to minimize problems for israel they are sending all the muzrats to europe and the us,1,9252494_gab,"[""Islam"", ""Jewish""]"
russell also writes about how jewish and italian mobsters founded las vegas jewish copyright thieves founded hollywood and gay mafiosos helped spark the gay rights movement he thinks all of these things were good for society of course,0,9329272_gab,"[""Homosexual"", ""Jewish"", ""None"", ""Other""]"
herding the undesirables into electronic ghettos can not wait til it swings back the blacks n jews way see how they like being tossed into electronic ghettos being deemed offensive good ol days when america was america,1,9332226_gab,"[""African"", ""Jewish"", ""None""]"
these are the homophobes that the lgbtq community and that liberals progressives and social justice warriors support why do they support the very people that hate them simple because they hate jews,0,9337648_gab,"[""Homosexual"", ""Jewish"", ""Men"", ""Women""]"
there really is an international conspiracy to turn all white countries into non white countries they are increasingly open about it the neo nazi conspiracy theorists were not paranoid they were right all along,1,9344571_gab,"[""African"", ""Arab"", ""Asian"", ""Hispanic"", ""Jewish"", ""None""]"
fuck no jews never work for anybody they consider blacks to be the lowest form of human but you are and have always been the perfect ignorant pawn in their game blacks already hit their ath of qol only down hill from here good luck,1,9354339_gab,"[""African"", ""Jewish"", ""Men"", ""Women""]"
that like saying the british wanted a deluge of asians arabs and muslims in an already crumbling under resourced nation and now we must watch as they take over germans have been persecuted and subjugated since wwii and have obeen cowed by jews as unwarranted punishment it not their fault,0,9461782_gab,"[""Arab"", ""Asian"", ""Islam"", ""Jewish"", ""Refugee""]"
<user> and <user> the two latest jew hating bigots to be added to my mute list i think having gab biggest mute list because of gay bashers and jew haters is definitely within reach,0,9492138_gab,"[""Homosexual"", ""Jewish"", ""Other""]"
everything ages islam is just late the way i see it they are just at that age remember how the church was <number> years ago the plague that fluorished because people thought the devil was using black cats to bewitch people into sickness,0,9531636_gab,"[""Islam"", ""Jewish"", ""None""]"
yeah it was much more difficult to me because i had active blinders on i d absorbed a lot of propaganda that ashkenazis were gentle musician artist nobilids raped by nazi holocaust literally from my mother milk plus my family has zero contact with actual talmudic kikes so i was jew blind,1,9597791_gab,"[""Indigenous"", ""Jewish""]"
<number> pres rchd spencer vice pres <user> hatch plan <number> get jews blacks <number> leave the country universal basic income creates massive hyperinflation the poor the jews move next up <number> our team getting gays <number> leave after they have gentrified all the ol black ghettos altrightfanfiction,0,9612559_gab,"[""African"", ""Jewish"", ""None""]"
so take yer white privilege n shove it up yer nigger n hairy kike asses untermenschen,1,9631494_gab,"[""African"", ""Jewish""]"
leave us kikes alone you talk about jews the was blm talks about white people,1,9637052_gab,"[""African"", ""Homosexual"", ""Jewish"", ""Other""]"
more jews supporting the import of islam curiouser and curiouser,1,9648670_gab,"[""Islam"", ""Jewish""]"
you talk down pride then you end up slaves of the jews i tell you i just cant figure it out crosscucks,0,9673221_gab,"[""Islam"", ""Jewish"", ""Men"", ""Women""]"
well uh not just bc of zombama and cunton they arabs and blax love slavery jews too as far as i can tell,1,9692007_gab,"[""African"", ""Arab"", ""Jewish""]"
jews white people need to be diluted so that cock sucking fucking jews can run the world they know that caucasians cannot be tamed,0,9723726_gab,"[""Homosexual"", ""Jewish""]"
stop kissing jews ass like a bitch and make america great finally deletethejew,1,9725665_gab,"[""Jewish""]"
how did the jews came to be god chosen because jews kept stealing all property from the arabs then wrote that the lord told them so also known as communism by religious self entitlement,0,9752822_gab,"[""Arab"", ""Jewish""]"
asians have a weird thing where they will read the protocols and then decide to teach their kids aggadata from the talmud,0,9816222_gab,"[""Asian"", ""Jewish""]"
asians are <number> percent of uc irvine <number> percent of berkeley and <number> percent at ucla your grandkids will be asian and u r worried about a few jews lmao,0,9826529_gab,"[""Asian"", ""Jewish"", ""None""]"
jews couch their distrust of whites as if it were a logical response to random violence that we routinely heap upon them because of our barbaric gentile ways the truth though is that they want us gone because we are the only ones who routinely oppose their nefarious schemes for domination,0,9841810_gab,"[""Jewish"", ""None""]"
i disagree before the british started to hire arab mercenaries to attack jewish villages arabs and jews got along fairly well jews fought in saladin army and modern kurds are mostly friendly with jews in the roman times the idumeans fought alongside the jewish anti roman militia,0,9842531_gab,"[""Arab"", ""Caucasian"", ""Islam"", ""Jewish"", ""Other""]"
gas all niggers jews the world over presto most if not all racism ends,1,9844016_gab,"[""African"", ""Jewish"", ""Men"", ""Women""]"
this is pretty much the conclusion of the frankfurt school they said oh shit every time we jews stand out in white countries for the shitty things we do the whites notice and holocaust us only solution is to end white countries,1,9844694_gab,"[""Jewish"", ""None""]"
do not for get my followers the jews have declared war on all whites the jew will lose this time and we will not just asked them to leave but to burn in a real holocaust,1,9845733_gab,"[""Jewish"", ""None""]"
sure it fake religion like everything fake jews create such as fakemoney fakehistory fakeholocausts christianity is judaism for the people benjamin d israeli,1,9849931_gab,"[""Jewish""]"
britain and usa are israel real enemies and the palestinians and other arabs are potential partners against american imperialism,0,9867294_gab,"[""Arab"", ""Caucasian"", ""Jewish"", ""None""]"
just because there socialist in the brand name doesnt mean that it has anything to do with communism when jews are involved whether it capitalism or communism they seek to remove your right of ownership and turn you into cattle national socialism instead was a manifestation of white ideals,0,9877889_gab,"[""Jewish"", ""Other""]"
<user> congrats on making the kike hate list whoohoo be careful out there brother,1,9981407_gab,"[""Jewish""]"
the jewish globalist elite have only imported a few million muslims to multiculturalize weaken america right now most all violence against lgbt is by black street criminals who are sometimes lgbt themselves and random as muslim grow i think we will start seeing organized attacks,0,9998729_gab,"[""African"", ""Islam"", ""Jewish""]"
